image_id,p_180
test_00000,0.0008173522744427997
test_00001,0.999997976875857
test_00002,0.9999852696842145
test_00003,5.181576264027333e-05
test_00004,0.9999118217600959
test_00005,0.009266066322106501
test_00006,0.9995382442883849
test_00007,0.9997940404885928
test_00008,0.9998543396319011
test_00009,0.0020774106158189007
test_00010,0.9998681990665472
test_00011,1.2621393696942995e-05
test_00012,0.0006544267733574002
test_00013,0.9999618660688981
test_00014,0.9892825169853768
test_00015,0.9999275328726125
test_00016,0.9999832254836245
test_00017,9.966216872243722e-05
test_00018,0.047559335491256405
test_00019,1.728412554778462e-05
test_00020,5.52837385092476e-06
test_00021,6.414494505662129e-05
test_00022,0.9999323803004735
test_00023,0.0015608670361281
test_00024,0.0011190246323504003
test_00025,0.9999700316141454
test_00026,0.9999667648902536
test_00027,0.0125656097906742
test_00028,0.9314122196774947
test_00029,0.9999970147318856
test_00030,6.124904364034234e-06
test_00031,0.9999413031971583
test_00032,0.9846701096081804
test_00033,0.9990778020878343
test_00034,0.9865203789759893
test_00035,0.9999973793387604
test_00036,0.0005472989752312001
test_00037,0.0003914969788489001
test_00038,8.785598239602075e-05
test_00039,1.2196102307783328e-05
test_00040,0.3243055272039085
test_00041,0.005488831882887301
test_00042,0.9995852608562208
test_00043,1.8231889293686432e-05
test_00044,0.0081949673296906
test_00045,0.9338283704397538
test_00046,8.4078084587443e-06
test_00047,0.9999826107795727
test_00048,0.9976494049225255
test_00049,0.995329472474401
test_00050,0.9999383048961732
test_00051,1.6532000843913352e-05
test_00052,5.356363514173537e-06
test_00053,0.9998781433206686
test_00054,0.00025463605609590015
test_00055,0.9997633837619081
test_00056,2.988999678327738e-05
test_00057,0.9992359216401282
test_00058,0.00019327742152180013
test_00059,0.0004583617337496
test_00060,0.9807395692645542
test_00061,0.0004547408350474001
test_00062,0.0006704616060603
test_00063,4.918697217324052e-05
test_00064,2.2897074124625235e-05
test_00065,0.9999912086212301
test_00066,0.13064462797936208
test_00067,6.109881810360171e-06
test_00068,1.3602832384056694e-06
test_00069,0.13441080541658013
test_00070,0.9747677991010777
test_00071,0.9998359860570898
test_00072,0.9980669184258999
test_00073,0.9958625891104426
test_00074,0.9961615700040859
test_00075,0.9974965953147074
test_00076,3.919520507595887e-05
test_00077,0.9999648454435563
test_00078,0.9999974669344092
test_00079,0.18248988811430256
test_00080,5.216284743439048e-05
test_00081,0.9998683294731048
test_00082,0.9660874457198789
test_00083,1.6472626357453145e-05
test_00084,0.9999981240022882
test_00085,0.9145321142543661
test_00086,0.999996382639881
test_00087,0.9999959488973953
test_00088,2.7348085924696483e-06
test_00089,0.9969885695051425
test_00090,0.00037756223004259995
test_00091,3.828277207009475e-06
test_00092,0.9977130906151548
test_00093,4.483826357642728e-05
test_00094,0.9997065427285977
test_00095,0.9994834798291191
test_00096,0.009029769634635003
test_00097,3.5011540866023695e-05
test_00098,2.7459864542610605e-06
test_00099,0.0002041468582125001
test_00100,0.00021657192324290003
test_00101,0.004094026255909799
test_00102,6.693545457999862e-05
test_00103,0.9999948468919267
test_00104,0.9998511252841853
test_00105,1.0000000000000008e-06
test_00106,5.3518196575708075e-05
test_00107,0.9874629655916839
test_00108,0.012343492258570997
test_00109,3.071083298893476e-05
test_00110,0.9999753776958924
test_00111,0.0028540118028736005
test_00112,0.9991198866916725
test_00113,1.561772846122199e-06
test_00114,0.9997202571495872
test_00115,0.13206725941669617
test_00116,0.23837340396905538
test_00117,0.9995039412578014
test_00118,0.9999845728431124
test_00119,0.0078523680078141
test_00120,0.0006809390726945998
test_00121,0.9999512232928973
test_00122,0.9996606075029106
test_00123,0.9999187693845513
test_00124,0.00045046656039679993
test_00125,0.0007643680112497001
test_00126,1.7560949607864396e-05
test_00127,0.9999965816761877
test_00128,2.2848567371390147e-05
test_00129,3.933180156758856e-05
test_00130,0.9999783286244114
test_00131,6.95962339122664e-06
test_00132,0.9990796735180965
test_00133,0.9999324694781946
test_00134,9.143051811838152e-06
test_00135,0.9746234425749696
test_00136,0.00010241540539200004
test_00137,0.9996039013929199
test_00138,0.9999930047429682
test_00139,3.6062788711968227e-06
test_00140,0.9999648577472707
test_00141,9.718544267859105e-06
test_00142,0.9976875018431913
test_00143,0.9976181951653323
test_00144,0.003693437021585899
test_00145,0.030661596825948288
test_00146,4.29280591907443e-06
test_00147,0.9994270419911644
test_00148,0.9979549807610534
test_00149,0.012890056686641577
test_00150,9.389530738089024e-05
test_00151,0.999999
test_00152,0.0010718079889577
test_00153,0.012161562227454594
test_00154,0.9762034253912947
test_00155,0.9999984041922705
test_00156,0.9999924704634923
test_00157,0.00028753380851199994
test_00158,0.999996077156448
test_00159,0.9999938079908982
test_00160,0.999956029254112
test_00161,0.004502343561335398
test_00162,0.015938599318216805
test_00163,0.9997992199265454
test_00164,0.00010362229362280007
test_00165,0.99998342745901
test_00166,0.9642360366451502
test_00167,0.003466962672777799
test_00168,0.0012365351757513
test_00169,2.0409047337510695e-06
test_00170,0.9998752662466174
test_00171,0.8838782839988508
test_00172,0.9603066666100724
test_00173,0.001119667434663
test_00174,1.1253450765676928e-06
test_00175,0.9999572249152779
test_00176,0.9999891155847832
test_00177,4.005160078462927e-05
test_00178,1.3815609541678422e-05
test_00179,0.9996175234488237
test_00180,1.439931533246501e-06
test_00181,0.946892893326035
test_00182,0.9997993340018737
test_00183,0.9344946185032361
test_00184,0.8615367784232658
test_00185,0.999994093663453
test_00186,1.859596590385963e-05
test_00187,0.9999961685647779
test_00188,0.9999978368514338
test_00189,0.9999954585286721
test_00190,0.00015680346190170003
test_00191,0.9999697193579745
test_00192,4.053939666015433e-06
test_00193,0.9846511958841051
test_00194,1.0000000000000008e-06
test_00195,7.605866963068105e-05
test_00196,0.006495054512317801
test_00197,0.9500428185999339
test_00198,0.020877961094959204
test_00199,0.999956078343056
test_00200,0.9999863906058196
test_00201,0.9999834244668533
test_00202,0.9999270701104435
test_00203,0.8869665800924866
test_00204,0.9987618632611983
test_00205,0.00010190635134959995
test_00206,2.0839937766414087e-06
test_00207,5.639396179517161e-06
test_00208,0.00037474736017259984
test_00209,3.6299914202564324e-05
test_00210,0.00014284618579910006
test_00211,0.9999986304539676
test_00212,0.9999653270280296
test_00213,0.9997809803304955
test_00214,0.9999186849611688
test_00215,3.5794328590540766e-06
test_00216,1.520198626844162e-05
test_00217,0.00013778199623400012
test_00218,0.0002943583746271002
test_00219,0.9999765909832258
test_00220,0.9999983345532003
test_00221,0.9986605493514392
test_00222,4.799456985420348e-06
test_00223,0.9999279215455112
test_00224,0.9894729605789773
test_00225,0.997989106063232
test_00226,1.8744419006350015e-05
test_00227,1.6555577589381285e-05
test_00228,0.9464413676112603
test_00229,3.696939059489496e-06
test_00230,0.00018426519419800013
test_00231,0.999993727925043
test_00232,0.9993964117273231
test_00233,0.9998811861682814
test_00234,0.00023750722740149998
test_00235,0.9999679963488384
test_00236,2.89762322870735e-06
test_00237,1.0737911681289765e-05
test_00238,0.9998607177746706
test_00239,0.0032239551686476012
test_00240,1.5094142788103491e-05
test_00241,5.678018157304728e-06
test_00242,0.0018687993972709993
test_00243,0.9996162998066541
test_00244,0.9999952019820988
test_00245,0.9888859937400379
test_00246,7.851351098386531e-06
test_00247,0.999927797081893
test_00248,0.9998844919438487
test_00249,0.9999878910418866
test_00250,0.9714990302923318
test_00251,0.017894438475539794
test_00252,5.983827353563452e-05
test_00253,0.9999975003858304
test_00254,6.549080194676121e-06
test_00255,4.372812538448351e-06
test_00256,0.0005260469642704999
test_00257,1.3568760839034434e-05
test_00258,0.20386833057826326
test_00259,0.004780865054308501
test_00260,6.276990524892988e-05
test_00261,0.9282324774801459
test_00262,0.9996783024717363
test_00263,0.9653006057883512
test_00264,0.9992656761221218
test_00265,0.9554968941683265
test_00266,8.932241964130446e-05
test_00267,0.8940642075267254
test_00268,0.0001606131745490001
test_00269,0.9999901938595479
test_00270,0.9776625024428673
test_00271,0.36572691825512044
test_00272,0.999515053303197
test_00273,4.482022466526072e-05
test_00274,0.11955828386238827
test_00275,1.1660850429810098e-05
test_00276,0.15308670491462548
test_00277,0.9999728533453934
test_00278,7.507822432812009e-05
test_00279,0.0073096679050749
test_00280,0.9997643875423972
test_00281,0.9997428408513463
test_00282,0.9998599367706787
test_00283,0.0061409729485359995
test_00284,0.035329060659709206
test_00285,0.0001254501440322
test_00286,1.4391096193994905e-05
test_00287,0.9995923734816167
test_00288,0.9999950473512846
test_00289,0.9999956848543795
test_00290,0.998836518861696
test_00291,0.9999987603835564
test_00292,0.9999970537112091
test_00293,3.260796517600136e-05
test_00294,0.9999899413071666
test_00295,0.9999785805792412
test_00296,5.9309824146555766e-05
test_00297,0.9954573314577354
test_00298,0.004113476955540098
test_00299,0.9998861721862204
test_00300,3.334001257803639e-05
test_00301,0.9972940973563741
test_00302,0.005810225442240798
test_00303,0.0004352680982828
test_00304,3.935206453149038e-05
test_00305,0.9989384666728768
test_00306,0.999999
test_00307,0.004809340746960699
test_00308,0.0012640189834691993
test_00309,0.9998609238384276
test_00310,0.9995411961823981
test_00311,0.9993022567256027
test_00312,5.745038762884415e-05
test_00313,0.999999
test_00314,2.8529859781577637e-05
test_00315,0.9935270084191627
test_00316,0.9987154730091614
test_00317,4.137039277676259e-06
test_00318,0.9999545800609333
test_00319,0.9812455242958924
test_00320,0.9999989390831854
test_00321,0.008516365018543103
test_00322,0.9998950514464026
test_00323,0.9998703091733896
test_00324,0.06310446084952058
test_00325,0.999362601774147
test_00326,0.0006761617085916998
test_00327,0.004192023912103399
test_00328,0.7179550412754669
test_00329,0.9998619830978414
test_00330,0.9999760739251984
test_00331,0.9999409664928257
test_00332,0.9999744228521846
test_00333,0.999995832810361
test_00334,0.9999983383222144
test_00335,0.0451753662426555
test_00336,1.1142982677957009e-06
test_00337,0.998364749403592
test_00338,0.0013262860440868
test_00339,0.9927182590337604
test_00340,0.1101234478770107
test_00341,5.7503829625547854e-05
test_00342,0.9999942990780148
test_00343,0.9951980062018208
test_00344,0.9999883776529667
test_00345,0.9987944805743139
test_00346,3.398770638442082e-05
test_00347,4.30229458079224e-06
test_00348,0.999834280476566
test_00349,2.758278275238963e-05
test_00350,0.9988893785659332
test_00351,0.010947577724241302
test_00352,0.9993728359040639
test_00353,0.999566268992148
test_00354,0.0006150903936840001
test_00355,0.9999782266048577
test_00356,0.00011482178839019993
test_00357,2.1309013904102223e-06
test_00358,0.9999621551283828
test_00359,0.9999984968981475
test_00360,0.9995154879713954
test_00361,0.9999640824730105
test_00362,0.9936465890601808
test_00363,0.999999
test_00364,0.9996299636716582
test_00365,0.9985210221413333
test_00366,0.9999906826131584
test_00367,0.0006060236248226001
test_00368,1.64024880350798e-05
test_00369,0.9999965462825793
test_00370,1.1636358362177691e-05
test_00371,1.4300345354286854e-05
test_00372,0.9999942249236679
test_00373,0.34999326783766754
test_00374,0.9999880060628881
test_00375,0.9999799281792342
test_00376,3.320208446068569e-05
test_00377,6.766677964542772e-05
test_00378,0.9963718349485658
test_00379,1.4402317726307819e-06
test_00380,2.8746824605291838e-05
test_00381,0.99981752893741
test_00382,0.2656541371979987
test_00383,0.00014665054431870013
test_00384,0.9999748041330538
test_00385,4.169404652805381e-05
test_00386,0.9995706441558388
test_00387,0.9999913438992949
test_00388,0.46892257626992623
test_00389,0.9999914123416334
test_00390,0.9995658941166559
test_00391,1.473965830810822e-06
test_00392,0.9536968150264408
test_00393,0.9999357223565861
test_00394,1.1284638888440006e-05
test_00395,0.0010354850128657005
test_00396,0.0003974797255124001
test_00397,0.9998293659488552
test_00398,5.82450596063847e-05
test_00399,0.8647736252818886
test_00400,0.999999
test_00401,0.9682322729670565
test_00402,0.9997464718327483
test_00403,0.00026556998439720004
test_00404,9.928051791815376e-06
test_00405,0.9989876098620414
test_00406,0.9925266351316262
test_00407,0.0060984732350445
test_00408,0.9999618301703005
test_00409,0.9975612967633418
test_00410,1.0374883379641915e-06
test_00411,2.086764371587787e-06
test_00412,1.75653857290823e-05
test_00413,0.0006805091894152998
test_00414,0.181069604526608
test_00415,0.9946136315214777
test_00416,1.5314067344763357e-06
test_00417,1.0157546818768896e-05
test_00418,0.9999816440232168
test_00419,0.9999930160237094
test_00420,1.0000000000000008e-06
test_00421,0.9999965083117598
test_00422,0.999999
test_00423,1.8253936481191267e-06
test_00424,5.242027746976674e-05
test_00425,6.0478891588615626e-05
test_00426,0.9983496242520712
test_00427,5.934934998468699e-06
test_00428,0.0005407794016712001
test_00429,0.999999
test_00430,0.9999989014768395
test_00431,0.9999982802170162
test_00432,0.9999950580764563
test_00433,0.0016680284763339005
test_00434,0.038044485519943605
test_00435,2.7768492945279237e-05
test_00436,0.999988141120762
test_00437,0.13300001444837023
test_00438,0.9998742028228914
test_00439,0.9855986661954853
test_00440,0.12259008687829662
test_00441,1.0000000000000008e-06
test_00442,0.9990266719812577
test_00443,0.9999689029589136
test_00444,0.999999
test_00445,5.254951553306507e-05
test_00446,8.828574559270759e-06
test_00447,8.457739800399937e-06
test_00448,0.9999898122403349
test_00449,1.0000000000000008e-06
test_00450,1.2353759510623287e-06
test_00451,0.9992002451942545
test_00452,0.9998526342960492
test_00453,0.0002148178319124998
test_00454,0.9397469315861041
test_00455,0.9999431135094924
test_00456,0.9280376052755209
test_00457,4.893458799892197e-05
test_00458,0.9999980969524955
test_00459,0.9988885719172187
test_00460,0.0005192227278242
test_00461,0.999999
test_00462,0.007457377010613596
test_00463,0.9999784000404326
test_00464,1.0962999555495513e-06
test_00465,0.00018242687934849999
test_00466,0.9999931054927923
test_00467,0.17382792668310196
test_00468,0.9998959201948121
test_00469,1.2278555061057384e-05
test_00470,0.22821276684066497
test_00471,0.00039518370516950006
test_00472,1.4962694121935328e-05
test_00473,0.0014620509809084002
test_00474,2.7538941164174765e-06
test_00475,1.2458250959575245e-06
test_00476,0.327093715469237
test_00477,0.00010487301540939998
test_00478,0.002451312012059499
test_00479,0.99920126830031
test_00480,0.9999988043916612
test_00481,3.3973543554344233e-06
test_00482,6.721254741502847e-05
test_00483,0.9999820157246639
test_00484,0.00025460203849820006
test_00485,0.0007983500134585001
test_00486,0.00011182114892080001
test_00487,0.98439331499326
test_00488,4.0495333892519455e-06
test_00489,0.9999981987039678
test_00490,0.9995696416957456
test_00491,0.004424226881948499
test_00492,0.9650874836982891
test_00493,0.9999985204565062
test_00494,0.9995732200640834
test_00495,0.9999715860210833
test_00496,0.128044143715913
test_00497,0.9999802116519622
test_00498,0.0031498790546435006
test_00499,1.0301473618299198e-06
test_00500,0.9999917024364097
test_00501,2.0843600723547817e-05
test_00502,0.9969259882893938
test_00503,5.2938135405361044e-05
test_00504,0.9999986922395672
test_00505,0.9648080228157996
test_00506,0.9999945170500396
test_00507,4.165434927948312e-06
test_00508,0.954265899708133
test_00509,0.002521234626266999
test_00510,0.9968767807878751
test_00511,0.9999269989236942
test_00512,0.9998950486634074
test_00513,0.9995714417813882
test_00514,1.0000000000000008e-06
test_00515,0.002206263239588499
test_00516,0.00041303121659209995
test_00517,8.139153949444037e-05
test_00518,1.9604727140133808e-05
test_00519,0.9999853202661871
test_00520,2.2792708625395573e-05
test_00521,0.9999918566538967
test_00522,0.8749452809321321
test_00523,0.0763678357525172
test_00524,0.9999925687136303
test_00525,0.8932428329444699
test_00526,0.00010736025126769991
test_00527,0.0001191100545803
test_00528,9.666202971966681e-06
test_00529,0.9906290821930185
test_00530,0.0034279251471631004
test_00531,0.897891196584303
test_00532,0.0085647848909103
test_00533,1.3710499073105309e-05
test_00534,0.999961757693231
test_00535,0.00011121833383380003
test_00536,4.503640256315615e-06
test_00537,3.7550336398038255e-05
test_00538,0.9999954697454819
test_00539,0.0025469609154243
test_00540,0.9764265435240486
test_00541,0.0008763031351169996
test_00542,0.0028437562172870996
test_00543,0.9999955383608179
test_00544,0.9999210070851541
test_00545,0.0001902017401516
test_00546,5.86944943164908e-05
test_00547,0.999997575141794
test_00548,1.6353159706878447e-05
test_00549,0.9837361940556525
test_00550,1.103580460701929e-05
test_00551,0.00013658602040960005
test_00552,0.08408286944093052
test_00553,0.9961161491696301
test_00554,0.22866765556834007
test_00555,0.0418719941711833
test_00556,0.9960923721164895
test_00557,0.9999880837474834
test_00558,1.410518412271252e-05
test_00559,1.2571110228903037e-05
test_00560,0.9552681624028356
test_00561,8.636819803624961e-05
test_00562,0.2160813137825257
test_00563,2.794033184506853e-05
test_00564,0.9999832918776428
test_00565,0.9999180029670948
test_00566,7.716215588275724e-06
test_00567,0.9986491340669916
test_00568,1.0098238412586921e-05
test_00569,0.1579477151712824
test_00570,0.0030134212015367
test_00571,0.0141610672032282
test_00572,7.628965235612619e-06
test_00573,0.0005201744584214
test_00574,2.27697500824216e-06
test_00575,0.7434560711607262
test_00576,0.9991908937026469
test_00577,0.5694237064302057
test_00578,4.3398704431973335e-06
test_00579,0.9995525320452051
test_00580,0.9999977446214466
test_00581,0.9999850577803301
test_00582,0.0016864993557823007
test_00583,0.9982376875258784
test_00584,3.444360240262507e-06
test_00585,8.104081705392717e-06
test_00586,0.9999842139333776
test_00587,0.999999
test_00588,0.0149106396714638
test_00589,4.706783446375199e-06
test_00590,2.097319629796731e-06
test_00591,3.492034018182726e-05
test_00592,1.4660685041364092e-05
test_00593,0.9966062553399083
test_00594,0.9992520279478087
test_00595,0.0013828010720325
test_00596,0.00016951275484240015
test_00597,1.3511291663916676e-05
test_00598,0.9999942145660021
test_00599,1.0000000000000008e-06
test_00600,0.26090569531287905
test_00601,0.9999902518929517
test_00602,0.9999570900193372
test_00603,0.0010674191163277998
test_00604,0.8813625800127397
test_00605,0.9877018552701373
test_00606,0.9999776711443495
test_00607,0.0005284081366313001
test_00608,0.004462590519313399
test_00609,1.752578856825546e-06
test_00610,0.9999479405371087
test_00611,0.00015985905885419993
test_00612,0.11027044640982585
test_00613,0.0008685564497649001
test_00614,0.9567427855454936
test_00615,0.999999
test_00616,5.885194973540141e-06
test_00617,0.9999987352455153
test_00618,2.1201165667184444e-05
test_00619,0.9999889171909508
test_00620,0.9999756024049908
test_00621,0.06573530093081939
test_00622,0.9999989792960426
test_00623,0.9947848498398462
test_00624,1.2247477630488728e-05
test_00625,0.0009251915072731998
test_00626,0.9999742322793582
test_00627,1.9602379471641616e-05
test_00628,1.3001094150583574e-05
test_00629,0.0250536437395392
test_00630,0.9999871736008543
test_00631,0.962116003794336
test_00632,0.9981120140189805
test_00633,0.9998688350185484
test_00634,0.9999907517755113
test_00635,1.0000000000000008e-06
test_00636,0.9920327324448843
test_00637,0.0011370425859950001
test_00638,9.686372138002144e-05
test_00639,0.9998802909742495
test_00640,3.7907844254277167e-05
test_00641,0.9998764956114393
test_00642,0.9835946377794181
test_00643,3.849925095182495e-06
test_00644,0.999940189350204
test_00645,0.9999863832915288
test_00646,4.966427845009754e-06
test_00647,0.0002215459780043999
test_00648,0.9941845495852432
test_00649,0.9999627472082223
test_00650,1.3212171123241379e-06
test_00651,3.6370126463380606e-05
test_00652,0.00019715421410760006
test_00653,0.9999982978475036
test_00654,0.999819636898538
test_00655,0.9975658673316578
test_00656,6.438291796968094e-05
test_00657,0.03333115114458889
test_00658,0.9998414884381519
test_00659,0.0005322457904016998
test_00660,0.00010492591728660006
test_00661,1.0000000000000008e-06
test_00662,0.0008242905268140999
test_00663,0.8063030573020274
test_00664,8.753578563692487e-05
test_00665,8.485118488841938e-05
test_00666,0.9977612199008438
test_00667,0.041376128827086696
test_00668,2.5093173500079265e-05
test_00669,0.0037890166692222996
test_00670,0.9893810132969976
test_00671,0.999983675872057
test_00672,0.9999870475346085
test_00673,0.999992339151976
test_00674,0.9998259234175525
test_00675,0.9998438954949269
test_00676,0.00021953654612939986
test_00677,0.00038965141200880015
test_00678,0.9999905076303568
test_00679,0.029103799575909296
test_00680,0.05709388278273099
test_00681,0.9999882496182717
test_00682,0.9998931087005634
test_00683,0.9918163417799826
test_00684,0.9986914297258254
test_00685,0.9999197857487732
test_00686,0.9999904406514675
test_00687,0.00012585142898859992
test_00688,7.878195999084562e-06
test_00689,0.9999858143225216
test_00690,0.001196055138641
test_00691,0.9999950452838554
test_00692,0.9999985907441051
test_00693,0.9999707337737174
test_00694,4.090456208553899e-06
test_00695,0.0008756853493295997
test_00696,0.008193497876870797
test_00697,0.9999975919408569
test_00698,5.874221776888877e-05
test_00699,0.0020793422223518996
test_00700,0.9998767282509525
test_00701,0.9999895187951287
test_00702,0.9997833205002986
test_00703,1.251708979686582e-05
test_00704,2.1707706421297815e-05
test_00705,0.9976737170725406
test_00706,2.3739139514919746e-05
test_00707,0.9999925604716263
test_00708,1.0000000000000008e-06
test_00709,0.9231288057226696
test_00710,0.003542608843728999
test_00711,0.998576600189656
test_00712,0.9696542900642988
test_00713,0.0012017768553721005
test_00714,0.0004049255520050001
test_00715,0.9999957878686937
test_00716,0.9999749084633269
test_00717,0.9998882755517816
test_00718,0.0029837279891377
test_00719,6.634467452569358e-06
test_00720,0.999935409935803
test_00721,1.741583090577771e-05
test_00722,1.6716094309464671e-06
test_00723,0.9999987975035471
test_00724,0.9933152307771869
test_00725,0.9999831674547282
test_00726,2.161377943963351e-06
test_00727,4.994913627209345e-06
test_00728,0.9999207046643798
test_00729,0.9999972553446242
test_00730,0.980032150335356
test_00731,0.32116999929048917
test_00732,8.010618338052831e-05
test_00733,0.00017391307584490004
test_00734,0.9998838718269887
test_00735,0.0041062906313972
test_00736,0.9996671752828211
test_00737,0.9935988411828147
test_00738,0.00021143562949920002
test_00739,0.9999904744821018
test_00740,0.001357932041661
test_00741,0.999999
test_00742,0.9999851690436328
test_00743,0.974230354302665
test_00744,0.011869938723194104
test_00745,0.9965706985714301
test_00746,7.815147093535088e-06
test_00747,0.0009739343610689
test_00748,0.9999959057501558
test_00749,3.1070183352447737e-06
test_00750,0.015173380590343795
test_00751,0.9999083742996763
test_00752,5.6449073212234866e-05
test_00753,2.7228297769959048e-05
test_00754,0.0020688240637822
test_00755,0.9998166722196626
test_00756,0.0025472103649236003
test_00757,1.055295505607923e-06
test_00758,0.0001741442972907001
test_00759,0.00029482335864620013
test_00760,0.9999736708158616
test_00761,0.9258021050016577
test_00762,4.275135521498716e-05
test_00763,0.9999786108426556
test_00764,0.0015431626559243
test_00765,0.9999340611016719
test_00766,0.0003859360402579999
test_00767,0.9996020013375648
test_00768,1.0031646893150381e-06
test_00769,4.682155735981332e-06
test_00770,0.999999
test_00771,0.0018992318579807003
test_00772,1.4854160070707007e-06
test_00773,0.9999162020687358
test_00774,0.9999807502822026
test_00775,0.999999
test_00776,0.9999942871498305
test_00777,0.0006556875216278998
test_00778,0.00010849448823020007
test_00779,2.7583618063088075e-05
test_00780,0.9976197409486579
test_00781,1.0755216374440762e-05
test_00782,0.0014104443637437
test_00783,0.5781204406461945
test_00784,0.9996744263862837
test_00785,0.9999742799936806
test_00786,0.9999988070829049
test_00787,0.1497827691319949
test_00788,0.99998398775593
test_00789,0.8849454466203318
test_00790,0.9963066702278466
test_00791,0.9999554069278778
test_00792,0.9999580066967324
test_00793,4.770814325242265e-06
test_00794,0.9998388728589229
test_00795,0.0002281933398094999
test_00796,2.1995513673229495e-06
test_00797,4.0833168658477036e-05
test_00798,0.9989916151870584
test_00799,0.9996639050213139
test_00800,0.0002469552666228999
test_00801,1.0000000000000008e-06
test_00802,1.8640375319383037e-06
test_00803,0.00014715312275499992
test_00804,0.30204737452993935
test_00805,0.0035560132950765997
test_00806,0.9999979905757456
test_00807,0.9999786581486694
test_00808,4.601050527666707e-05
test_00809,0.4060848199946515
test_00810,0.9992031029634051
test_00811,0.9999952722895112
test_00812,0.9997189280508861
test_00813,4.3609876593116625e-05
test_00814,0.9999822618746331
test_00815,0.0010788717280043
test_00816,7.50372104395477e-06
test_00817,9.262536261148538e-06
test_00818,7.3768614887589725e-06
test_00819,0.9991990722714967
test_00820,0.00012385018030290003
test_00821,1.0000000000000008e-06
test_00822,0.9958706585688643
test_00823,2.4070854935779684e-05
test_00824,1.0000000000000008e-06
test_00825,0.9999983338222612
test_00826,0.9962206348216918
test_00827,0.9990849856103351
test_00828,0.999987680605185
test_00829,0.9999730174554478
test_00830,0.9999265880217265
test_00831,0.9996424872169646
test_00832,0.0139253921503273
test_00833,2.5681944025352038e-05
test_00834,2.4547568855061577e-05
test_00835,0.007197259534237502
test_00836,0.9961042894714335
test_00837,0.9604738628482032
test_00838,4.563621251081667e-06
test_00839,1.0000000000000008e-06
test_00840,7.154685670760538e-05
test_00841,0.21541554764207552
test_00842,0.9999135280240132
test_00843,0.9999987500154631
test_00844,8.554006809180789e-05
test_00845,2.5063450239547044e-06
test_00846,0.9999443661166463
test_00847,0.007635732137888399
test_00848,3.5076086559082483e-06
test_00849,0.0057598284864212
test_00850,5.162141655007024e-05
test_00851,0.9999419423471388
test_00852,0.9998835994009105
test_00853,0.995979921929938
test_00854,0.9944865643052773
test_00855,0.0022616052856627997
test_00856,0.99441514467043
test_00857,0.009239241351585796
test_00858,0.0005726671686311002
test_00859,0.9999944573460784
test_00860,0.0055444591822089
test_00861,0.9985487996755631
test_00862,0.0003689660453621001
test_00863,0.999999
test_00864,0.0013411874085048998
test_00865,3.409348884569417e-05
test_00866,0.013720689369783096
test_00867,6.989608516184132e-05
test_00868,0.999031339986668
test_00869,0.24591449113662617
test_00870,0.0811924727109178
test_00871,1.2443639364837633e-06
test_00872,5.466828251687601e-06
test_00873,0.9999609618464276
test_00874,0.00017109320219880003
test_00875,0.9099662412765547
test_00876,0.020665577115001905
test_00877,9.184775629939684e-05
test_00878,1.7427696072666995e-05
test_00879,0.9999956752375108
test_00880,0.0015612461025957998
test_00881,0.999998469839929
test_00882,0.9994273284329432
test_00883,0.9975684866277319
test_00884,0.9995138544230365
test_00885,0.9214257297830516
test_00886,0.00010149325015179995
test_00887,0.0019892361737812994
test_00888,0.00020123448029780007
test_00889,0.9999975363929179
test_00890,0.9235276461883875
test_00891,0.9999968306961232
test_00892,7.376321621535709e-05
test_00893,0.9999908810690956
test_00894,0.999315608032938
test_00895,0.9977845827105647
test_00896,0.995142793679244
test_00897,0.9018502955080706
test_00898,0.9999901602138084
test_00899,0.0002562831437861
test_00900,0.00016296514428390014
test_00901,0.999996117538012
test_00902,0.10350289501303478
test_00903,0.9999969036373202
test_00904,0.999999
test_00905,0.00034658673720360005
test_00906,0.1472692442442373
test_00907,0.9891402669925587
test_00908,2.6949441038945117e-05
test_00909,0.9997529973485585
test_00910,1.0000000000000008e-06
test_00911,0.9671646643785946
test_00912,0.9991782703303951
test_00913,0.0006133269179097999
test_00914,2.1466249612506155e-05
test_00915,0.9695552769129232
test_00916,5.013816351377565e-05
test_00917,0.997124562251191
test_00918,1.3285441200856645e-05
test_00919,1.2048988055212735e-05
test_00920,1.0541647927312545e-06
test_00921,1.1766581754713117e-06
test_00922,0.9925093141936501
test_00923,6.5140716848192115e-06
test_00924,0.964431088051136
test_00925,0.999999
test_00926,0.9947975789526577
test_00927,1.526856503056122e-05
test_00928,0.9997628473329767
test_00929,0.889512679860187
test_00930,1.0775842885643512e-06
test_00931,0.9999948628484632
test_00932,6.664959222624365e-06
test_00933,0.9999942268188886
test_00934,0.9999896696572947
test_00935,4.06006401397155e-05
test_00936,0.9998359882302417
test_00937,0.9999935705252115
test_00938,5.303001284055793e-05
test_00939,0.9999986692154128
test_00940,0.9999848558244869
test_00941,0.9999945048069191
test_00942,0.999999
test_00943,0.00012272320411130006
test_00944,7.281747000486727e-06
test_00945,0.9988919694085597
test_00946,0.9997424554999917
test_00947,2.280871902612406e-05
test_00948,0.00019341767140910004
test_00949,2.60393055080338e-05
test_00950,6.582193924694186e-06
test_00951,0.9615546111843664
test_00952,0.8859124931152222
test_00953,0.9999552356692984
test_00954,0.0855095832405434
test_00955,0.9999959558513082
test_00956,0.9740297745448393
test_00957,0.013175286391944294
test_00958,2.7630221859989156e-05
test_00959,0.999390947160072
test_00960,4.1823686904483884e-05
test_00961,0.9999386911766638
test_00962,4.310979312960797e-06
test_00963,0.999998054261749
test_00964,0.9999859832210027
test_00965,0.9999805795528415
test_00966,0.9858162038698973
test_00967,5.086337263181787e-06
test_00968,0.00045376201262640006
test_00969,0.9999793989070843
test_00970,0.9992064320293369
test_00971,0.9999899765650273
test_00972,0.5003737734412563
test_00973,0.04539606605816151
test_00974,0.00017787588974389998
test_00975,0.9994783367010242
test_00976,0.9998805862090366
test_00977,0.9980138439984034
test_00978,2.2660994364528825e-06
test_00979,0.0089082124667663
test_00980,0.999872390017023
test_00981,0.9978119478210146
test_00982,0.007522754910271697
test_00983,0.0006643422878540002
test_00984,0.0015732408707598
test_00985,0.9959088516644365
test_00986,0.0003406412297741
test_00987,2.2855911256548624e-06
test_00988,0.080874585627763
test_00989,0.9999127944012335
test_00990,1.1954337222535923e-05
test_00991,0.9475773537882368
test_00992,6.950712129703347e-06
test_00993,5.734123115557744e-06
test_00994,9.312323342927659e-06
test_00995,3.156632280485599e-05
test_00996,0.9999665756702953
test_00997,0.999464956154198
test_00998,7.041506363995733e-06
test_00999,0.00044315217939629983
test_01000,0.00029399953717009993
test_01001,0.9996168021679407
test_01002,0.0023682371397978994
test_01003,0.997730279026516
test_01004,0.1429136598404874
test_01005,2.835780680773035e-06
test_01006,0.0002346502929123002
test_01007,0.0013265326949790002
test_01008,0.988032012330926
test_01009,0.9999946060070871
test_01010,0.9998590174262368
test_01011,0.9975605206560754
test_01012,0.028338230565848797
test_01013,6.485182453477025e-05
test_01014,4.559590262926783e-06
test_01015,0.9999978734318463
test_01016,0.99857300752659
test_01017,6.662690599676315e-05
test_01018,0.9999883672760724
test_01019,0.9998000806083559
test_01020,0.999798683857555
test_01021,0.999999
test_01022,8.858109930802574e-05
test_01023,0.9999660907450015
test_01024,1.8613603961958963e-05
test_01025,0.0206034484331056
test_01026,0.9999486263123158
test_01027,5.894007326695229e-06
test_01028,3.699402517690819e-05
test_01029,0.999999
test_01030,0.9999975504236579
test_01031,0.005135586707460502
test_01032,0.0046844999124833996
test_01033,0.9999979886612881
test_01034,0.8853656408388628
test_01035,0.0012774852871315005
test_01036,0.9999925082987831
test_01037,0.9997657824570916
test_01038,0.9999894232432904
test_01039,0.9999943054917033
test_01040,0.9999897783022094
test_01041,0.9992488484231786
test_01042,0.9999930113817068
test_01043,0.7175268506789372
test_01044,0.999999
test_01045,0.9995549149560752
test_01046,1.1365568007821235e-05
test_01047,0.9999809675935734
test_01048,0.9998770169706147
test_01049,1.2932871262549153e-05
test_01050,7.437366978656404e-05
test_01051,0.9854711638810625
test_01052,0.997873967767729
test_01053,6.916877765998655e-05
test_01054,0.7495535488941973
test_01055,0.004453660920621101
test_01056,6.243589578723601e-06
test_01057,0.0011426678347040997
test_01058,0.9999858691377539
test_01059,0.1592149383327577
test_01060,0.9921902182152446
test_01061,0.9997674993257039
test_01062,0.0580040250910269
test_01063,1.0000000000000008e-06
test_01064,7.519350228649985e-05
test_01065,0.0038248942439924
test_01066,0.9968663464380699
test_01067,0.0708445193178416
test_01068,0.9999469074547561
test_01069,5.919120828897836e-06
test_01070,0.9999988540719433
test_01071,0.999999
test_01072,0.9996435719588114
test_01073,0.999862896475796
test_01074,0.9999634102257557
test_01075,2.1709141632857354e-05
test_01076,4.037175829790993e-05
test_01077,0.9990333800641616
test_01078,0.00013161814719820012
test_01079,0.996536092984792
test_01080,0.999999
test_01081,0.9999982081034863
test_01082,0.9997994067925231
test_01083,0.9999985400187682
test_01084,0.0010104461359001
test_01085,0.9959009185354328
test_01086,0.9935006527476596
test_01087,0.00016964326083239992
test_01088,0.009190565420825402
test_01089,0.9997983964225468
test_01090,0.9999876317941404
test_01091,0.9999969966146218
test_01092,0.07236134707066941
test_01093,0.001991754853738799
test_01094,3.9372950333936296e-05
test_01095,0.9999969854331534
test_01096,0.0002338631757708998
test_01097,0.9999503283129748
test_01098,0.999983015173521
test_01099,0.24769411529264404
test_01100,2.1069990926156714e-06
test_01101,0.0002894882753727999
test_01102,0.9999982751476622
test_01103,0.009608569865517202
test_01104,0.0006220955349159
test_01105,0.9949410429135876
test_01106,0.004846238199106
test_01107,0.9999985755124204
test_01108,0.99481075851164
test_01109,0.0007995064032909003
test_01110,0.9999666160903696
test_01111,1.0387686801709463e-06
test_01112,0.005985408429320697
test_01113,0.9956258758825499
test_01114,9.798679720739461e-06
test_01115,0.00010424062692020003
test_01116,0.9999939902880333
test_01117,0.9980664966221028
test_01118,3.5040313610902645e-06
test_01119,4.640861733080002e-05
test_01120,6.0082935446674974e-05
test_01121,0.9999893548530919
test_01122,2.0976537216766183e-05
test_01123,0.9997226897589258
test_01124,0.00017630767716290014
test_01125,0.9995050369216834
test_01126,0.9999981681166346
test_01127,1.0000000000000008e-06
test_01128,0.9925352792999945
test_01129,0.13496860657110937
test_01130,0.9999955900781018
test_01131,0.8269283426615391
test_01132,3.045315923364035e-06
test_01133,6.309575013088543e-05
test_01134,1.9750283807562295e-06
test_01135,0.9995293137896565
test_01136,0.09845080596166271
test_01137,0.9999970500743559
test_01138,0.9992486411606926
test_01139,8.570047848066591e-06
test_01140,0.0009392635965051997
test_01141,0.99999871636364
test_01142,0.9992152289508329
test_01143,0.9999412320406253
test_01144,0.9999963463935855
test_01145,0.8615273965913085
test_01146,0.99999213245753
test_01147,0.004471085092004402
test_01148,0.9999946696895352
test_01149,0.04336256515927309
test_01150,0.9950600069949364
test_01151,5.6690071872488214e-05
test_01152,0.00021552977736399983
test_01153,0.9999984846384838
test_01154,0.9999229351273895
test_01155,0.003293969352055501
test_01156,6.871240704654156e-06
test_01157,1.3299878000884164e-05
test_01158,2.745277192009471e-05
test_01159,0.00021527488732100015
test_01160,2.425026960440715e-05
test_01161,0.00011503308836129992
test_01162,1.0000000000000008e-06
test_01163,0.9999979729010189
test_01164,1.283547526470003e-06
test_01165,2.3376435666864175e-05
test_01166,0.9999892015127873
test_01167,0.9902819418112534
test_01168,0.8045454087466195
test_01169,3.189095772764759e-05
test_01170,0.0046888427225649995
test_01171,0.9999109459149743
test_01172,0.999998548614724
test_01173,0.0001036713178921001
test_01174,0.9876073103193974
test_01175,2.5307522949125386e-06
test_01176,3.193497301915683e-05
test_01177,0.9939037085500799
test_01178,0.9788434753245587
test_01179,2.227264642984783e-05
test_01180,1.3768525955138496e-06
test_01181,0.0006135149101436
test_01182,0.9932204072465436
test_01183,0.9998684461185743
test_01184,0.999999
test_01185,7.610332362501998e-06
test_01186,0.00037725710739490003
test_01187,1.2169190303438413e-05
test_01188,1.0000000000000008e-06
test_01189,1.0000000000000008e-06
test_01190,8.898084539164244e-05
test_01191,0.01621022555990091
test_01192,0.9999906017703157
test_01193,4.361904606670283e-05
test_01194,0.999900741150583
test_01195,0.9994299811487485
test_01196,0.96544280682565
test_01197,0.997338894819285
test_01198,0.002686307020100201
test_01199,2.4285981106750455e-06
test_01200,0.9867079589478666
test_01201,0.0004005292210438001
test_01202,0.9999873677934213
test_01203,0.999813757187787
test_01204,6.465304215847698e-05
test_01205,1.0000000000000008e-06
test_01206,0.9974493159212074
test_01207,2.102924525084602e-06
test_01208,0.9864433744801583
test_01209,0.0502470530148757
test_01210,0.9999952694292588
test_01211,0.9999477200863147
test_01212,0.0005014742160741998
test_01213,0.9999105473467992
test_01214,0.9463487456954821
test_01215,1.038820891199524e-05
test_01216,0.999563628124114
test_01217,1.5459523446100072e-05
test_01218,0.0038291594741250994
test_01219,0.003974976268138601
test_01220,0.999999
test_01221,0.999999
test_01222,0.08247628824112328
test_01223,0.9999618152594143
test_01224,0.9998611600749228
test_01225,0.9992408307185474
test_01226,0.00020535725502399992
test_01227,0.9999803724934974
test_01228,2.8768049816816596e-05
test_01229,0.999989749379601
test_01230,0.9999950733070552
test_01231,0.9986949637019024
test_01232,2.4550803856133785e-05
test_01233,0.9999836847341473
test_01234,0.014416077070764198
test_01235,0.9999955079595997
test_01236,0.999930664752043
test_01237,3.674181849026408e-05
test_01238,3.356660059765751e-06
test_01239,0.9999226862434658
test_01240,0.9999977249964727
test_01241,0.9999886345702687
test_01242,0.0006775268679264999
test_01243,6.824083128556941e-06
test_01244,2.466374277092114e-06
test_01245,0.9999922946751854
test_01246,0.9999794183560257
test_01247,0.9999482773808335
test_01248,0.0011265096473918998
test_01249,0.9999702572151702
test_01250,0.8643206032630657
test_01251,0.9970171137663761
test_01252,0.0009749063956582001
test_01253,0.00024223844566320014
test_01254,0.9999823511641789
test_01255,0.9999964446500771
test_01256,0.9989752284082036
test_01257,0.6598526358644863
test_01258,4.0223107829792226e-06
test_01259,0.0215781570575037
test_01260,8.499143778184326e-05
test_01261,0.9994818141142383
test_01262,0.8661189456945622
test_01263,0.9994241599533396
test_01264,8.171972973828868e-05
test_01265,0.9999773867212766
test_01266,3.72337374233624e-05
test_01267,1.981356235808808e-05
test_01268,4.137225061615842e-05
test_01269,0.9964251440734482
test_01270,0.9966409772609738
test_01271,1.0000000000000008e-06
test_01272,1.0000000000000008e-06
test_01273,7.769466199348804e-06
test_01274,3.2576111853469705e-05
test_01275,0.9999953298393758
test_01276,1.5552332720529564e-05
test_01277,0.0002992390424097001
test_01278,0.08855850621616246
test_01279,0.00015804500743660013
test_01280,0.7501669553212544
test_01281,0.9983044760792003
test_01282,0.9999867242469695
test_01283,0.9991472905767201
test_01284,0.00021530867190280005
test_01285,0.0165373035800455
test_01286,0.9999826155131016
test_01287,0.9999386858341313
test_01288,0.12134308567921089
test_01289,0.9973668745048542
test_01290,0.9999875134998055
test_01291,1.017658410714789e-05
test_01292,0.9909789651664261
test_01293,9.765270312023999e-05
test_01294,0.9999932516642708
test_01295,0.9999224275611349
test_01296,0.9714644003433301
test_01297,0.9999123297012529
test_01298,0.007013872593232199
test_01299,0.9999955149025342
test_01300,1.0668509920519195e-06
test_01301,0.9998971670814628
test_01302,0.9999661897499269
test_01303,0.0008226961229543998
test_01304,0.00012512504667269996
test_01305,3.327980468603543e-05
test_01306,0.00038089115581759993
test_01307,0.9999910759061829
test_01308,0.9999986784185262
test_01309,6.136112010643279e-06
test_01310,0.9880485294873437
test_01311,1.0568411186768419e-05
test_01312,0.9999989128644354
test_01313,0.05733816029454019
test_01314,0.9999508251595615
test_01315,4.493035237738971e-05
test_01316,0.167792476447378
test_01317,0.9998945032416078
test_01318,4.987507817827003e-05
test_01319,0.00010146291991439997
test_01320,0.9836276066959279
test_01321,7.766840531892525e-05
test_01322,0.9966593867274715
test_01323,0.0667306169506764
test_01324,4.890514257302942e-06
test_01325,0.9999950568379748
test_01326,0.00010612803957360002
test_01327,0.9861742545842712
test_01328,0.999984188208243
test_01329,0.999999
test_01330,0.9999927360239068
test_01331,2.4340158186476404e-05
test_01332,0.9998675928900881
test_01333,0.9999020408217311
test_01334,0.2395808949025118
test_01335,0.9999805583034592
test_01336,0.9366464947382135
test_01337,0.999999
test_01338,0.9999813385974358
test_01339,0.9923840119234948
test_01340,1.1559729645223458e-05
test_01341,0.9994494529986196
test_01342,0.9941345113018171
test_01343,0.9998633662785743
test_01344,0.9999225430631222
test_01345,0.9876781007945393
test_01346,1.2683064229565113e-05
test_01347,0.999999
test_01348,6.976022177841324e-05
test_01349,0.00011749923121959998
test_01350,0.9682947884356983
test_01351,0.9999852663842074
test_01352,0.9999884315973518
test_01353,2.4650627804472565e-05
test_01354,0.9996960144305201
test_01355,0.9943372761926245
test_01356,0.0021547360029511
test_01357,9.373722171047101e-05
test_01358,0.9999960473308499
test_01359,0.4639913040059515
test_01360,2.273203855478134e-06
test_01361,0.9999899942137613
test_01362,0.0002961010057341
test_01363,0.9999982519065497
test_01364,0.8845844851986648
test_01365,0.0012513497925180001
test_01366,0.0031824964470904995
test_01367,0.9994736363324902
test_01368,0.0032536733918617994
test_01369,9.791212735667621e-05
test_01370,5.6051579455622464e-05
test_01371,4.075293545749602e-06
test_01372,0.0007896462642477003
test_01373,0.9999860730040244
test_01374,0.9999654261687874
test_01375,7.672555352912085e-06
test_01376,3.5247713036394106e-05
test_01377,1.6021177599187595e-06
test_01378,5.0238869623594785e-06
test_01379,1.975402739298869e-06
test_01380,0.009937888211790506
test_01381,6.950935954138562e-05
test_01382,0.999859622569431
test_01383,0.9999470464466875
test_01384,0.999999
test_01385,0.9999639986034243
test_01386,0.0010083642003359005
test_01387,0.006992811482573102
test_01388,1.6862444182001658e-05
test_01389,0.0001782375497616999
test_01390,1.3436516616190843e-05
test_01391,0.0061105997316428995
test_01392,0.9979834799196283
test_01393,0.9998221005911796
test_01394,2.1505013401353532e-05
test_01395,0.9999962552636054
test_01396,0.999947666720411
test_01397,0.9910474141537056
test_01398,0.00019967674554619984
test_01399,1.670494961460242e-05
test_01400,0.020180555768713908
test_01401,0.00016733238748049996
test_01402,1.512105288500364e-05
test_01403,0.8868009454572008
test_01404,0.9858396145310082
test_01405,0.999823677240822
test_01406,0.0016417058979137005
test_01407,0.9973993536855476
test_01408,0.9999926216844143
test_01409,0.9999247752078473
test_01410,0.9998394774939096
test_01411,1.9112455031340077e-05
test_01412,4.401900245669702e-05
test_01413,3.119005737164113e-05
test_01414,4.357001524825629e-05
test_01415,0.9783962846058091
test_01416,0.9999965864961202
test_01417,1.3708465749872554e-05
test_01418,0.9901318885732594
test_01419,0.0003542156238359
test_01420,1.0000000000000008e-06
test_01421,8.495333775335023e-05
test_01422,0.00010330130380830007
test_01423,0.9917510742417206
test_01424,0.99918354533149
test_01425,0.999998327927691
test_01426,0.9996413521420718
test_01427,5.900487794314797e-06
test_01428,0.999985042807105
test_01429,0.999963787171868
test_01430,0.011391985897413397
test_01431,8.774070215393498e-05
test_01432,0.9999698438541407
test_01433,0.9996590912886414
test_01434,0.9999429329151178
test_01435,0.0001269493115855
test_01436,1.5867632820386823e-05
test_01437,0.0001042763955305
test_01438,0.016480753000321896
test_01439,0.9998761254559371
test_01440,0.9998461661975229
test_01441,0.0052448661490048015
test_01442,0.9999220708958004
test_01443,0.0006323019955743998
test_01444,0.0206515110093661
test_01445,0.9970019959200892
test_01446,0.0005648701619453001
test_01447,0.9973573652078837
test_01448,0.9998040319491922
test_01449,0.9938205359034974
test_01450,0.9999913722382814
test_01451,0.0010068111654418996
test_01452,0.9999946982061213
test_01453,0.9998948362210203
test_01454,0.9953869212326598
test_01455,0.9983589663105846
test_01456,0.9988989096474216
test_01457,0.9999956461491314
test_01458,0.9999659982846795
test_01459,0.999986826199848
test_01460,1.3875346063756846e-05
test_01461,1.6051467356909658e-06
test_01462,3.243102159993013e-06
test_01463,0.9997514127312443
test_01464,1.571360737321748e-05
test_01465,0.9926063678318144
test_01466,0.9923071592105663
test_01467,0.9999885409596235
test_01468,0.9998816835075633
test_01469,0.00012555241523690003
test_01470,2.7407134652817895e-05
test_01471,0.027282132307411822
test_01472,0.9990738195605785
test_01473,1.3074311392690513e-06
test_01474,0.9857848615703252
test_01475,9.591412373329281e-05
test_01476,0.00031171951695949996
test_01477,0.06415151001677151
test_01478,2.078318573172568e-05
test_01479,0.833816641914641
test_01480,0.9999983841537922
test_01481,0.9938115537903874
test_01482,0.00014304766750490003
test_01483,0.9970138535704567
test_01484,1.3783689607541588e-06
test_01485,0.9997807417272572
test_01486,0.9999767956390766
test_01487,0.0021975118674218007
test_01488,0.999987646897126
test_01489,0.8268053454224203
test_01490,0.9587092998796248
test_01491,2.34770122078941e-05
test_01492,1.0000000000000008e-06
test_01493,7.172150561919479e-06
test_01494,1.5449348413785755e-05
test_01495,2.0382099023816395e-05
test_01496,0.9997648887485258
test_01497,0.972789632014596
test_01498,0.9956836184424555
test_01499,0.003991403351158898
test_01500,0.0024992452189625007
test_01501,0.1207221567182181
test_01502,0.004230999690810101
test_01503,0.8563717532402678
test_01504,0.9999915899705913
test_01505,0.0004263573366472
test_01506,0.9970212726728916
test_01507,0.9991371866958237
test_01508,0.9988378426746893
test_01509,0.9999968541025046
test_01510,0.967640678695518
test_01511,0.9999878952424371
test_01512,0.9999865659094938
test_01513,0.9999987394033515
test_01514,0.0013963067170555
test_01515,0.9991705670004438
test_01516,0.0003098877060995998
test_01517,0.0133258894976408
test_01518,0.9998312064431425
test_01519,0.9944863976431372
test_01520,0.9999980904211018
test_01521,0.9998582242829815
test_01522,0.9999447177265317
test_01523,0.9050815187861544
test_01524,0.9999957005085516
test_01525,0.9996188846501345
test_01526,1.0000000000000008e-06
test_01527,0.9999842583836335
test_01528,0.9999880750171586
test_01529,7.597602102629011e-06
test_01530,0.9999735513178898
test_01531,0.004444266337855001
test_01532,0.9996963587982302
test_01533,0.9163501476324014
test_01534,4.200960163061389e-06
test_01535,7.347378177002731e-05
test_01536,1.4857809144717807e-05
test_01537,0.999999
test_01538,8.686463457528263e-05
test_01539,0.9999688986452954
test_01540,0.5075521889102698
test_01541,0.6269985973729885
test_01542,0.989127853428694
test_01543,0.999997774803547
test_01544,1.8592981914922691e-06
test_01545,0.999999
test_01546,0.9999915165121582
test_01547,0.996795040233164
test_01548,6.386208228512619e-05
test_01549,0.8905600759019229
test_01550,0.9999887457736815
test_01551,2.2151910169713132e-05
test_01552,0.9993450445751786
test_01553,0.9999894272634939
test_01554,2.53277272836847e-05
test_01555,0.892296330283387
test_01556,0.9999364389317037
test_01557,0.9999971957177881
test_01558,0.9999901333267581
test_01559,6.13465620508394e-05
test_01560,0.9997500707743499
test_01561,0.0002814006761341
test_01562,4.7515751211755434e-05
test_01563,0.9996170997131799
test_01564,4.069007863252463e-06
test_01565,0.9847625977540351
test_01566,0.9999882524818704
test_01567,0.0011406213099370993
test_01568,3.990325048174413e-06
test_01569,5.5366113859031215e-06
test_01570,5.318896552222066e-05
test_01571,0.9999237796865897
test_01572,0.9996622469866234
test_01573,0.8805950811332877
test_01574,0.021445872086280904
test_01575,6.891639432704914e-06
test_01576,0.9999914569944328
test_01577,0.0030047242513724006
test_01578,0.9995961248869524
test_01579,0.9757837694200212
test_01580,0.007787671572738203
test_01581,0.999998630265286
test_01582,2.5368248559065605e-05
test_01583,1.915890908253683e-05
test_01584,0.1268958481607114
test_01585,0.0012077508418837002
test_01586,0.9999901708802399
test_01587,0.9998581086240705
test_01588,2.6077830552895848e-06
test_01589,0.0538228826275766
test_01590,0.99991546077191
test_01591,0.9999895412786556
test_01592,4.633389951968818e-05
test_01593,0.0004806032156929999
test_01594,0.9999140640140303
test_01595,0.9999985372403988
test_01596,1.518697699985892e-06
test_01597,0.0005260750614517003
test_01598,3.442178701009118e-05
test_01599,0.9985072776840096
test_01600,8.911898212886959e-06
test_01601,0.9999924019840418
test_01602,0.0049330941057571
test_01603,0.9999855883405244
test_01604,0.9998147826608614
test_01605,0.0005456233177096999
test_01606,8.120557821520965e-05
test_01607,0.9999640599914216
test_01608,0.9995594953624072
test_01609,0.9999576448435524
test_01610,0.9999590426702082
test_01611,1.1403793264906927e-05
test_01612,0.9997948832521839
test_01613,0.0030914598005419005
test_01614,0.00013151714313219996
test_01615,0.9947838489446852
test_01616,6.864058742947447e-05
test_01617,0.9944340473418076
test_01618,0.9999975143004837
test_01619,9.926999173975074e-06
test_01620,1.3066782591359636e-05
test_01621,0.0035494362273098
test_01622,0.9999973645824732
test_01623,0.9664529754842226
test_01624,0.8177455533653338
test_01625,0.9465245600863016
test_01626,0.9997953044411516
test_01627,0.9983380070405844
test_01628,6.87977912417539e-05
test_01629,0.9997765426711791
test_01630,0.9999066466003717
test_01631,0.9999943381281304
test_01632,1.0000000000000008e-06
test_01633,0.9999842806274053
test_01634,1.790635589597184e-06
test_01635,0.954446296348576
test_01636,0.9994731412480787
test_01637,7.325371227813135e-06
test_01638,0.7756463169160924
test_01639,0.0529517768208745
test_01640,9.566426687621509e-06
test_01641,0.0019454055558167007
test_01642,0.9382930370857221
test_01643,5.324623652352368e-05
test_01644,0.9983091259056285
test_01645,0.9990253422030445
test_01646,0.03430616385809279
test_01647,0.9999018963051054
test_01648,0.9999508001372974
test_01649,3.1640056779059605e-05
test_01650,0.011115226951720906
test_01651,7.461403384192717e-05
test_01652,0.9999878766263717
test_01653,0.0003927974086263998
test_01654,0.9946819911290776
test_01655,0.999998574664012
test_01656,0.9998551435091331
test_01657,7.895706112188e-06
test_01658,0.0009270224079592003
test_01659,9.123258975383544e-05
test_01660,0.9999980102078667
test_01661,4.253220252093857e-06
test_01662,0.9980447541376973
test_01663,1.1653734728048894e-05
test_01664,1.517618189390226e-05
test_01665,0.9997944080428186
test_01666,3.0128094294351708e-06
test_01667,3.936026452406742e-06
test_01668,0.9999749269505032
test_01669,1.345162068925873e-05
test_01670,0.9960800711819849
test_01671,0.9996340276773695
test_01672,0.9999790791663189
test_01673,0.14818200619669442
test_01674,4.2307849878299335e-05
test_01675,5.464316406435429e-06
test_01676,0.9999687714455824
test_01677,0.3172487383161932
test_01678,0.9960118592161786
test_01679,0.9999256567098442
test_01680,4.3917979281375515e-06
test_01681,0.9991059542273639
test_01682,0.9999957703820799
test_01683,0.00013791990622270012
test_01684,0.999644110393348
test_01685,0.9999746431717442
test_01686,0.9999863122690853
test_01687,0.9954006563919156
test_01688,0.00034273802490510016
test_01689,0.0001411743457186
test_01690,0.9999968709582453
test_01691,3.39479754551839e-05
test_01692,3.3574632715131984e-05
test_01693,0.0009118436723571997
test_01694,5.644035747395273e-06
test_01695,0.032612947959037006
test_01696,0.9972264439304983
test_01697,0.9996833236748229
test_01698,0.9999609609863506
test_01699,6.497125019867719e-06
test_01700,0.9999977693519786
test_01701,1.837520832128965e-05
test_01702,3.2340988536072596e-06
test_01703,0.9999926184269139
test_01704,1.685103886088501e-06
test_01705,0.01902302180384503
test_01706,0.9936528395934573
test_01707,0.9999404473606464
test_01708,0.9976358339848742
test_01709,0.9999527711209713
test_01710,0.9911485029330366
test_01711,2.802070881533851e-06
test_01712,0.0006077138969859
test_01713,3.9296952150899864e-05
test_01714,8.302058743387664e-05
test_01715,0.9999804324753192
test_01716,0.9999891585454437
test_01717,0.9999980375332819
test_01718,3.992314041751236e-05
test_01719,1.0505561791151642e-05
test_01720,0.9960634019468599
test_01721,1.565608080264988e-06
test_01722,0.9999986927344372
test_01723,6.193646228650013e-05
test_01724,6.596286551219535e-05
test_01725,0.0007189215077069999
test_01726,2.520087339343505e-06
test_01727,0.9998085973581087
test_01728,0.0010933258498154
test_01729,0.9999898049780638
test_01730,0.004128069618600398
test_01731,0.00048625437712449985
test_01732,0.0002098958564879999
test_01733,0.9996896285296918
test_01734,0.9999059063780654
test_01735,0.9999914563606779
test_01736,0.9998736252394022
test_01737,0.9999963401806603
test_01738,0.9996425825945146
test_01739,0.3489843526001586
test_01740,0.4781079201232371
test_01741,1.997910557129201e-06
test_01742,2.0155598886540712e-06
test_01743,0.999923493289383
test_01744,0.9986789183673279
test_01745,1.0660141024713076e-05
test_01746,0.023407679194716497
test_01747,0.9999806498560138
test_01748,0.0058323063559542025
test_01749,0.98465793694026
test_01750,0.9999261470541478
test_01751,0.026097133546765395
test_01752,0.0054034965777348
test_01753,0.9338988050125592
test_01754,8.036115991631684e-05
test_01755,0.9030022153190009
test_01756,0.9989189119592969
test_01757,0.9997008601110584
test_01758,0.00011316918299549998
test_01759,0.0018503944542092004
test_01760,0.9949618767145502
test_01761,0.0037171528254550017
test_01762,0.00018148201121299986
test_01763,1.0000000000000008e-06
test_01764,0.9993321237557254
test_01765,0.9981605189736956
test_01766,1.8909281396326534e-06
test_01767,4.66340995769623e-06
test_01768,0.0015458216773559996
test_01769,0.9894999951972838
test_01770,0.9945470870223938
test_01771,0.0005522290347338999
test_01772,0.03649322119724399
test_01773,0.9998462498367844
test_01774,0.9999923341862492
test_01775,0.9999551438404828
test_01776,0.999881846489862
test_01777,0.9998500782909474
test_01778,0.9999985678271289
test_01779,0.061382106501328
test_01780,0.00029641108032930013
test_01781,0.9998237512668521
test_01782,2.4705665088714887e-05
test_01783,0.9995710573486352
test_01784,0.03457186352385141
test_01785,0.9997160420424077
test_01786,0.9161833315758064
test_01787,0.28490106699689743
test_01788,0.9999799062668001
test_01789,0.1079998382804138
test_01790,7.098104349233062e-06
test_01791,0.9984757191595087
test_01792,0.0963200678221239
test_01793,0.003957732081544301
test_01794,0.9999291326346939
test_01795,4.085172094251656e-05
test_01796,1.8792604345029907e-05
test_01797,2.2534121272458297e-05
test_01798,0.9996804181763819
test_01799,0.09055365138404677
test_01800,0.998089080256657
test_01801,0.9999981318022674
test_01802,0.0317387226047575
test_01803,0.9999961864078918
test_01804,0.9999934285922563
test_01805,1.0000000000000008e-06
test_01806,0.0004055157180282001
test_01807,0.9999983344309055
test_01808,0.9999989861016286
test_01809,0.999999
test_01810,0.9998496423382714
test_01811,0.9999418112296758
test_01812,0.9999981017402214
test_01813,0.0009407421061416
test_01814,1.0000000000000008e-06
test_01815,0.999999
test_01816,0.9722201759537015
test_01817,6.268236646580004e-05
test_01818,0.999998655525054
test_01819,0.9968505049175163
test_01820,0.00010590954007850002
test_01821,0.9999976538180771
test_01822,0.8274388110134685
test_01823,8.154747482540584e-06
test_01824,0.9412844765659225
test_01825,0.00023639829853300018
test_01826,0.9999502070884516
test_01827,1.0000000000000008e-06
test_01828,0.999998012486107
test_01829,6.398208060289752e-06
test_01830,0.9999984242619231
test_01831,0.00011403830888420005
test_01832,1.0514867558527542e-05
test_01833,0.00029809173777259985
test_01834,0.8719981010241917
test_01835,0.9098186880247008
test_01836,6.518409151783426e-06
test_01837,0.999999
test_01838,1.0634906788257836e-05
test_01839,0.999990212126618
test_01840,1.0797808150110586e-05
test_01841,0.9999573542835574
test_01842,0.016112210054745595
test_01843,1.0000000000000008e-06
test_01844,0.9999890205946256
test_01845,0.9719793237308998
test_01846,0.9999885005012366
test_01847,0.9999946720457233
test_01848,5.490393180801389e-05
test_01849,0.9999761512874633
test_01850,0.9999952635566325
test_01851,0.9997125037978282
test_01852,2.5201055675790792e-05
test_01853,0.0019135629189017992
test_01854,1.3902599296853339e-05
test_01855,8.582917866504338e-05
test_01856,0.9999417711401722
test_01857,1.0000000000000008e-06
test_01858,0.9999858136415679
test_01859,0.996528559066572
test_01860,0.9999954890346517
test_01861,0.00018764421722669995
test_01862,0.034368345450659
test_01863,0.9997543722810476
test_01864,1.2074068885611738e-06
test_01865,0.9987015972390907
test_01866,0.0129958165388201
test_01867,3.6850417109577015e-05
test_01868,0.003686731186583901
test_01869,0.9999942975131232
test_01870,1.0000000000000008e-06
test_01871,0.9999797900287138
test_01872,0.0023588844326226
test_01873,0.9997977079795132
test_01874,0.0457233106544785
test_01875,4.7824736773281546e-05
test_01876,0.9995454223731929
test_01877,0.9999939159478097
test_01878,0.0025524368839399004
test_01879,0.9999215984035313
test_01880,0.9996795360093065
test_01881,0.9960563044728753
test_01882,7.09823463553006e-06
test_01883,0.07606091468136321
test_01884,1.0000000000000008e-06
test_01885,0.0013332051163299997
test_01886,4.689733547419602e-06
test_01887,0.9848548715136322
test_01888,0.0873052732266735
test_01889,0.0008682668780320999
test_01890,0.9999740158022268
test_01891,0.0016682510829061999
test_01892,9.935033834752494e-05
test_01893,0.9999825551282621
test_01894,0.020902266613309607
test_01895,2.1474106621542383e-05
test_01896,0.9999307660755014
test_01897,3.618571049208428e-05
test_01898,0.9998799870288644
test_01899,0.006293524721647799
test_01900,0.9999782971217842
test_01901,0.0036461191133421015
test_01902,0.9999969001738993
test_01903,1.6614012482776027e-05
test_01904,2.9781493150652684e-05
test_01905,0.9998996083513756
test_01906,2.2937711670401023e-05
test_01907,0.9999815433188769
test_01908,0.9999512208981507
test_01909,0.0001617056211707999
test_01910,1.3439155523569914e-06
test_01911,2.057958380506197e-06
test_01912,0.999999
test_01913,4.181491059582806e-05
test_01914,0.9999901129498792
test_01915,0.026686941087645903
test_01916,0.9999973530024102
test_01917,0.9999899295425392
test_01918,0.9998995429732236
test_01919,0.037281126473332704
test_01920,0.9999978584913125
test_01921,0.0001144838374801
test_01922,0.9944051061585238
test_01923,0.9274392292532886
test_01924,0.5647735920363147
test_01925,0.9998893210744508
test_01926,4.6860052948611934e-05
test_01927,0.99994041157162
test_01928,0.0714821481199918
test_01929,0.9998633254850786
test_01930,0.9999984745910752
test_01931,2.9558935651122153e-05
test_01932,0.999999
test_01933,0.9396762800334232
test_01934,0.9994454642509598
test_01935,2.710327649401778e-06
test_01936,1.4555772860909457e-05
test_01937,0.9999977488057826
test_01938,0.0012047750473875996
test_01939,0.9999621223948382
test_01940,1.0000000000000008e-06
test_01941,0.9999515442355271
test_01942,0.9971774330274081
test_01943,0.0015994994054204998
test_01944,0.9998408956943415
test_01945,5.7946046341986284e-06
test_01946,0.8971800555211639
test_01947,0.00037464219667939993
test_01948,0.004089517251250098
test_01949,0.00021502720021399982
test_01950,0.9949382788152666
test_01951,0.00016745643043620002
test_01952,0.999981109475763
test_01953,2.4112683691304206e-05
test_01954,0.999999
test_01955,0.0119026345559449
test_01956,0.9999989520856855
test_01957,0.9997806498614876
test_01958,0.0005548110228805998
test_01959,1.3653872105088984e-05
test_01960,0.9999908558807683
test_01961,0.9998705031465346
test_01962,2.392655572079532e-06
test_01963,0.0027314196158932996
test_01964,3.307338262760507e-06
test_01965,0.9996596621989862
test_01966,3.840412158584666e-06
test_01967,0.00022683577820480007
test_01968,0.9993084474570681
test_01969,1.0000000000000008e-06
test_01970,0.0017288081602074993
test_01971,0.9999896507781249
test_01972,0.9998590700181209
test_01973,8.18120871326429e-06
test_01974,0.06787147887934068
test_01975,0.9999573664027799
test_01976,0.999999
test_01977,8.561023033177477e-06
test_01978,0.9999945502000402
test_01979,2.380466821377881e-05
test_01980,0.00014940021420420009
test_01981,0.0003215821942743999
test_01982,1.0554044680184687e-06
test_01983,0.01675606397081799
test_01984,0.9510770946916208
test_01985,0.9999871420090846
test_01986,0.9633296759763544
test_01987,1.3394592692522923e-05
test_01988,3.5423069540474476e-05
test_01989,0.9810907168990117
test_01990,0.0010854853214699
test_01991,0.999999
test_01992,0.0031292260409773007
test_01993,0.9999672441607654
test_01994,0.0013214128538715
test_01995,0.999960727801125
test_01996,0.9999128067526435
test_01997,0.9872811418371978
test_01998,0.00021002219101980008
test_01999,0.0014616201266762993
test_02000,0.9999810021501178
test_02001,3.4276164734636815e-05
test_02002,4.9512484704549075e-06
test_02003,0.999646436302849
test_02004,9.216776307316325e-06
test_02005,0.9997487214834669
test_02006,4.1854529617073067e-05
test_02007,0.0333478731379633
test_02008,0.0309559605194144
test_02009,0.9991536732370924
test_02010,0.9999548766232818
test_02011,0.9999978973814613
test_02012,0.9648420573968932
test_02013,0.9999923140598783
test_02014,5.902901565036875e-06
test_02015,2.580520318355491e-05
test_02016,0.9999831079002158
test_02017,0.0001590876253810001
test_02018,0.99957478566117
test_02019,0.999829318021647
test_02020,0.4802410575639321
test_02021,0.9999789736933845
test_02022,0.0365857155061839
test_02023,0.0003378426403218
test_02024,2.1511278421474167e-05
test_02025,0.9999964339277905
test_02026,0.9999942179921869
test_02027,0.002628484450169599
test_02028,0.9999987826992923
test_02029,0.9886176909186201
test_02030,0.9999693836397838
test_02031,0.8196340365560102
test_02032,0.00012788371552590008
test_02033,1.0000000000000008e-06
test_02034,0.0005980247902029002
test_02035,0.9906676398218135
test_02036,5.78019636628257e-05
test_02037,5.716999831975454e-06
test_02038,0.9958793251968074
test_02039,0.999944529672349
test_02040,0.4349015035322981
test_02041,0.999999
test_02042,0.00029487537459730017
test_02043,5.181456078912483e-05
test_02044,0.020207672062378303
test_02045,0.9531740878513567
test_02046,1.4378036359187964e-05
test_02047,0.00024761629498029993
test_02048,0.9999886921796038
test_02049,1.1274519394381719e-05
test_02050,0.9999719729564456
test_02051,0.9999941364421231
test_02052,0.0002866445528924
test_02053,0.9998927646596452
test_02054,0.4897612264744349
test_02055,0.9997477961738918
test_02056,0.9999595154106419
test_02057,0.9999867329972496
test_02058,0.5499131370790431
test_02059,0.9999979613258096
test_02060,0.9999953068995304
test_02061,0.9997729182052894
test_02062,1.0000000000000008e-06
test_02063,1.6767814776659682e-06
test_02064,0.9993732908228846
test_02065,0.9998537227071536
test_02066,0.9999961810400637
test_02067,4.349307826968085e-05
test_02068,0.000337813908857
test_02069,0.9996989490766113
test_02070,9.098098001120096e-06
test_02071,0.00017935451760759988
test_02072,0.9999841392026924
test_02073,5.2973623824922406e-05
test_02074,0.9999888943851403
test_02075,0.9472725383979779
test_02076,0.34523591522170827
test_02077,9.680272134009623e-05
test_02078,0.9999972622949039
test_02079,3.213667653883873e-05
test_02080,0.9999979658813448
test_02081,1.471125668747611e-06
test_02082,0.975743685350166
test_02083,2.8674672626242983e-05
test_02084,1.2668856876954785e-05
test_02085,0.0039633205325754995
test_02086,6.785167295646825e-05
test_02087,1.0000000000000008e-06
test_02088,4.455878329317196e-05
test_02089,1.0000000000000008e-06
test_02090,0.004060393989204501
test_02091,0.00020127734985549988
test_02092,0.0001600652975458001
test_02093,2.6192990846883427e-06
test_02094,0.9999949164068289
test_02095,3.0857286110669818e-06
test_02096,2.699276594795356e-05
test_02097,0.0005938685607096001
test_02098,0.9996921869647768
test_02099,0.9999983298325207
test_02100,0.9999981868379557
test_02101,0.9902495916310389
test_02102,0.9999786708946284
test_02103,0.0003724303313782999
test_02104,0.00033503453083070026
test_02105,0.9992085991744422
test_02106,0.9999875274100912
test_02107,6.7526963228078845e-06
test_02108,3.2691110965287444e-06
test_02109,2.5101242215016818e-05
test_02110,0.9997844080076957
test_02111,1.4653386306822166e-06
test_02112,0.052173988085443844
test_02113,0.999981989797265
test_02114,0.9999918390409221
test_02115,0.0091451407536068
test_02116,0.99995966913523
test_02117,1.9689691304998744e-05
test_02118,0.0006927276536869002
test_02119,0.999941153417909
test_02120,6.241056403677887e-06
test_02121,0.9988485836779699
test_02122,2.849369211330185e-06
test_02123,0.00034369269526499997
test_02124,0.0037074638979114
test_02125,0.9999625773280736
test_02126,0.009436523283273301
test_02127,5.99193826944969e-06
test_02128,0.00033288804466450017
test_02129,0.9999504945906893
test_02130,0.9999817232178582
test_02131,0.999918018367065
test_02132,0.9997795712992064
test_02133,0.9999380779388332
test_02134,1.0000000000000008e-06
test_02135,0.9999944413810107
test_02136,0.9802391896342495
test_02137,0.7959845367480305
test_02138,0.9974732932542383
test_02139,0.9996914078597955
test_02140,3.5112076155371734e-05
test_02141,0.9999921965957229
test_02142,0.999997731779018
test_02143,2.0341533096034964e-06
test_02144,0.9880813043360651
test_02145,1.314043718180205e-05
test_02146,4.464974449014291e-05
test_02147,0.9120124661098328
test_02148,0.99978068689576
test_02149,2.584311868876312e-06
test_02150,0.9999989426371103
test_02151,4.8603151558927045e-05
test_02152,0.00016805649927799992
test_02153,0.9999743299698824
test_02154,0.9998813861997082
test_02155,0.9999989099685995
test_02156,0.521999668872237
test_02157,5.201901639846472e-06
test_02158,0.0007229366609080001
test_02159,0.9997126920447179
test_02160,0.9999938542340776
test_02161,0.9995279391496026
test_02162,0.9999888979144351
test_02163,0.00010268809359250007
test_02164,2.5193740167279902e-06
test_02165,0.0022318576022785992
test_02166,4.5558326382903546e-05
test_02167,0.08267311264798491
test_02168,0.00025104841263080016
test_02169,2.132189883866816e-06
test_02170,0.9998716928188214
test_02171,0.00016417157136369988
test_02172,0.9997690057140025
test_02173,1.026503872691565e-05
test_02174,0.9246041415236587
test_02175,0.9956555547282244
test_02176,0.0001872955649335001
test_02177,0.9989053811238896
test_02178,0.046757552953728104
test_02179,0.9977770011420053
test_02180,0.9999988021027185
test_02181,0.999853187771387
test_02182,0.0007559480712828
test_02183,4.775883373495521e-06
test_02184,5.541583945503472e-05
test_02185,0.9999933951079671
test_02186,1.3276131620342968e-05
test_02187,0.9999760704972724
test_02188,0.012236770254067397
test_02189,0.9999937859056734
test_02190,0.9999940144813018
test_02191,0.9999917236120184
test_02192,7.130233012465171e-05
test_02193,2.081067686401628e-05
test_02194,0.9998290526492266
test_02195,0.9985898010738646
test_02196,4.7245570294306346e-05
test_02197,0.9992415360698549
test_02198,0.00016128777634359987
test_02199,0.0018195020056262009
test_02200,0.0017269405307259995
test_02201,0.08823855506458411
test_02202,2.2571005489139255e-06
test_02203,0.0001546541594435999
test_02204,0.002713540651593301
test_02205,0.0031526107247911005
test_02206,0.9999843070358112
test_02207,9.735718283568966e-05
test_02208,0.9988245547384461
test_02209,0.9960303054956929
test_02210,5.675590645962281e-05
test_02211,0.15775619966187063
test_02212,0.0021768697230598005
test_02213,0.9999742025563946
test_02214,0.9999913435308091
test_02215,5.121971612908138e-06
test_02216,2.3450641394086776e-05
test_02217,2.0274612756892763e-06
test_02218,0.9948572219142175
test_02219,0.00042112615530480024
test_02220,1.929617937331352e-05
test_02221,0.0002941803496698001
test_02222,0.9999720700145412
test_02223,0.0011459467568163996
test_02224,0.999999
test_02225,3.5099912278517224e-06
test_02226,0.0012157968419500005
test_02227,0.09261044190924372
test_02228,0.9999969448668034
test_02229,0.999999
test_02230,0.0081074653652041
test_02231,0.0018279963339623995
test_02232,0.9925650790013533
test_02233,0.9999741752041426
test_02234,4.2023730956898756e-05
test_02235,0.9279287778898264
test_02236,0.06309430977014502
test_02237,0.9999108157066131
test_02238,0.0002364434379356999
test_02239,0.9974159292826722
test_02240,0.9980937292119705
test_02241,0.9999899233315747
test_02242,1.3899936531547544e-05
test_02243,4.916618716432831e-06
test_02244,0.9997289630289898
test_02245,2.868378363483725e-05
test_02246,0.9999808735450255
test_02247,0.9999759888516765
test_02248,0.9994248529858624
test_02249,0.9999699625379654
test_02250,0.9999985775475796
test_02251,7.419902252803857e-05
test_02252,0.999994727399161
test_02253,0.9999849403671708
test_02254,7.486911763563377e-06
test_02255,0.9851063020631804
test_02256,0.00032072523495529985
test_02257,0.9997785746980937
test_02258,0.00014797605993689992
test_02259,0.9996384909439194
test_02260,0.0028212157837815004
test_02261,2.38488211062648e-05
test_02262,0.0033422824470085003
test_02263,0.9996055891723273
test_02264,0.03369252874366261
test_02265,0.9999936584412294
test_02266,0.9977823059438193
test_02267,0.00017098446547299996
test_02268,4.1954850701067805e-06
test_02269,0.9999981990862686
test_02270,0.9999958039366377
test_02271,0.0044588474692817
test_02272,8.886266879308447e-05
test_02273,0.8509984741612328
test_02274,0.9911667007731021
test_02275,0.9999957675475696
test_02276,0.9999934534716999
test_02277,0.9999982330129326
test_02278,0.9999809709286901
test_02279,0.9999604766737482
test_02280,4.333351954120427e-06
test_02281,0.9440616993903227
test_02282,0.0002553440167360999
test_02283,0.6942994127097457
test_02284,1.3975935345643187e-05
test_02285,0.9980836438939401
test_02286,1.194765244574839e-05
test_02287,7.57090283583506e-06
test_02288,6.105549193898045e-06
test_02289,2.116880891516876e-06
test_02290,0.6949983995081833
test_02291,6.138952049483909e-05
test_02292,0.04207224550470631
test_02293,0.0011382909083616005
test_02294,0.999963717863773
test_02295,0.8548853342132732
test_02296,0.9999986000919951
test_02297,0.9998138946654546
test_02298,0.9999684989039027
test_02299,0.9998022342478143
test_02300,3.2423781557849625e-06
test_02301,0.43384767568432103
test_02302,0.9999850595096319
test_02303,0.999965283224578
test_02304,8.422260698181426e-06
test_02305,0.9999968514357492
test_02306,0.9999949006246299
test_02307,0.04404643756010938
test_02308,0.00017178890479809986
test_02309,8.441081307532309e-05
test_02310,0.9999847559926941
test_02311,0.9993707982955266
test_02312,0.0012161784899337997
test_02313,0.7673829909686707
test_02314,0.0010022860986028
test_02315,0.9794314004947872
test_02316,0.9958777916313742
test_02317,6.802189653442557e-05
test_02318,0.9999980443768604
test_02319,0.9999985375505267
test_02320,0.7128741523119299
test_02321,0.9970158505026882
test_02322,0.9999817915654671
test_02323,1.9151455213535517e-05
test_02324,0.9999912575132142
test_02325,0.9942330686974286
test_02326,0.0013779242811623002
test_02327,0.9653173794129389
test_02328,0.0005373242979053001
test_02329,9.315814491583558e-06
test_02330,7.636047591580178e-05
test_02331,5.912195614415532e-06
test_02332,1.4522796542277277e-06
test_02333,3.3525404620149765e-06
test_02334,0.9010404922851488
test_02335,0.9913364549150805
test_02336,0.999999
test_02337,0.0004211282153882998
test_02338,0.0671937315489405
test_02339,0.9999436862167433
test_02340,0.9999902285660247
test_02341,0.9939920920439118
test_02342,0.00025089018841059976
test_02343,0.9998816398403166
test_02344,2.0156487754677056e-06
test_02345,1.5955706289712967e-06
test_02346,0.9999810006628029
test_02347,0.9995037512692261
test_02348,0.993593298015593
test_02349,0.999999
test_02350,1.0000000000000008e-06
test_02351,2.0760034826286664e-06
test_02352,0.00010908437033759998
test_02353,0.0012950887942716996
test_02354,0.9999930469205168
test_02355,0.9999765767258737
test_02356,0.998966035257997
test_02357,1.0000000000000008e-06
test_02358,0.8608616785607527
test_02359,0.9999825712321999
test_02360,0.001965081236469101
test_02361,0.8332877921820409
test_02362,0.9995155258533711
test_02363,0.9996563278555811
test_02364,0.9999971534709696
test_02365,0.9999946262142455
test_02366,9.350852630499724e-06
test_02367,0.9999829707238999
test_02368,1.503652393784727e-05
test_02369,1.0212898587789632e-06
test_02370,0.9999819435703314
test_02371,0.9999115767763217
test_02372,2.4863809923244082e-06
test_02373,5.415042757760631e-05
test_02374,0.9999944953192034
test_02375,0.9993669883809736
test_02376,0.7742446001229656
test_02377,0.8710575036016982
test_02378,0.9996705203975896
test_02379,7.860285609340162e-05
test_02380,0.9999759512170748
test_02381,0.9999987157047473
test_02382,0.9998886668231454
test_02383,0.0009852987291707998
test_02384,1.8777705828833992e-05
test_02385,0.9100428836836345
test_02386,2.6487007800463734e-06
test_02387,0.999993796086527
test_02388,2.1626273407551606e-05
test_02389,1.2705971445030423e-06
test_02390,0.8882601098142907
test_02391,0.0012008058933623996
test_02392,0.9998810351907401
test_02393,6.143402555201245e-06
test_02394,1.2180976687299226e-06
test_02395,0.9999968930075482
test_02396,3.730463425894019e-05
test_02397,0.999654761003382
test_02398,0.9999949165098592
test_02399,0.000298088293649
test_02400,0.9999934415382309
test_02401,0.9999593508798531
test_02402,0.9999765568608421
test_02403,0.06836983419970058
test_02404,0.9996472085062991
test_02405,0.9982000445114408
test_02406,0.3036280581228513
test_02407,0.9999787858566421
test_02408,0.0344955325660624
test_02409,0.00010992627463059991
test_02410,3.4352486487683445e-06
test_02411,0.9951456699910489
test_02412,0.9791809833300446
test_02413,0.999641175747897
test_02414,0.9999973669724684
test_02415,0.9999935936774406
test_02416,1.8160613835495795e-05
test_02417,0.9978564175796647
test_02418,0.0034783435359818995
test_02419,3.632851937192861e-05
test_02420,1.9235202545062304e-06
test_02421,0.9990664831800877
test_02422,2.3389638863206934e-05
test_02423,0.9999846348722826
test_02424,3.415087393976505e-06
test_02425,4.0127024234635885e-06
test_02426,0.999999
test_02427,0.9999848795892676
test_02428,9.947054266946832e-06
test_02429,3.4778014354162076e-05
test_02430,0.9997103634395239
test_02431,0.00044336539699430004
test_02432,0.1769790066092061
test_02433,0.9999883195474831
test_02434,0.9999947812176001
test_02435,0.8336483621703705
test_02436,6.306094178992823e-05
test_02437,0.9881787645687236
test_02438,0.9999731866887297
test_02439,0.9999969515204772
test_02440,0.9997489149846978
test_02441,0.9997145019605089
test_02442,0.00011459354243140007
test_02443,0.9998074456947788
test_02444,0.6083768423047331
test_02445,0.07242203554543832
test_02446,0.0002377391193383001
test_02447,0.9880979015228731
test_02448,0.999967417358773
test_02449,2.853655028141248e-06
test_02450,0.9999792231406388
test_02451,0.999999
test_02452,2.303475424717344e-05
test_02453,0.9717122295192425
test_02454,0.9998745733997184
test_02455,1.0654269605659112e-05
test_02456,2.9786385895746326e-05
test_02457,2.353272474603153e-05
test_02458,0.0007280208372268998
test_02459,0.00023852605795980004
test_02460,0.9988285601575875
test_02461,0.9999965371523697
test_02462,0.999999
test_02463,0.00013918569014520013
test_02464,0.9999721071986412
test_02465,1.3591542536279929e-05
test_02466,0.0009284823042417004
test_02467,7.241565333993728e-06
test_02468,0.9999841932479526
test_02469,0.0003840092097424001
test_02470,0.9999438685018209
test_02471,0.99999876585403
test_02472,1.0000000000000008e-06
test_02473,0.9999935854488596
test_02474,5.2384214636881644e-06
test_02475,3.5010189362566275e-05
test_02476,0.00016477252143910008
test_02477,0.9838912748353749
test_02478,0.9999822321469826
test_02479,0.9999981087488506
test_02480,0.9999933801102076
test_02481,0.9999968247926174
test_02482,0.31403192557364185
test_02483,1.5094659869107106e-05
test_02484,0.3462048943527242
test_02485,5.261925745250943e-05
test_02486,0.9999639494862995
test_02487,0.0088401515843871
test_02488,0.00012825457928180008
test_02489,0.9999951305619256
test_02490,0.9999697228937914
test_02491,0.47242388184411727
test_02492,0.00011485083152400002
test_02493,4.662222209583108e-06
test_02494,0.9999958028579702
test_02495,4.449144297760996e-06
test_02496,0.9999891864890008
test_02497,0.12464162425702263
test_02498,0.9998433181113028
test_02499,0.06812792063362229
test_02500,0.9999977462337242
test_02501,1.292207068834261e-06
test_02502,0.0003311483769493001
test_02503,0.9999763624626641
test_02504,0.9999954560284233
test_02505,0.003394224764295398
test_02506,0.0006306215804545
test_02507,0.9997284951798645
test_02508,1.0000000000000008e-06
test_02509,0.9999701384622419
test_02510,2.355637145341386e-05
test_02511,0.9999929205848522
test_02512,0.9999714203419174
test_02513,0.9999981325426313
test_02514,0.0003208860170150001
test_02515,0.9999937475768873
test_02516,0.9999958237557055
test_02517,0.007296855144144898
test_02518,0.00012226409212420008
test_02519,0.999864628244457
test_02520,4.596637046114257e-06
test_02521,4.4722229742448335e-05
test_02522,0.9999945253033249
test_02523,7.366697002724257e-06
test_02524,0.999825114775476
test_02525,0.9999973518795018
test_02526,0.0045846732028669
test_02527,0.7457257594024019
test_02528,0.9985276415883024
test_02529,0.9381431987082819
test_02530,0.9992777202696489
test_02531,0.9999620539438917
test_02532,0.0011181798261226997
test_02533,0.9994415403998848
test_02534,1.1518929176358995e-05
test_02535,0.9975629279743226
test_02536,0.999999
test_02537,0.90761639773808
test_02538,0.6002144289907393
test_02539,0.9999944943595103
test_02540,3.2992390489529104e-05
test_02541,0.0009216206535106002
test_02542,0.9996948476189071
test_02543,0.9235974555308648
test_02544,0.9989293117115526
test_02545,0.9340336685520831
test_02546,6.899499675563781e-06
test_02547,0.9999977219459874
test_02548,0.0785728361356079
test_02549,0.9999967503444588
test_02550,0.999999
test_02551,1.5852797438711564e-05
test_02552,0.9981414962773664
test_02553,0.999980682809759
test_02554,0.9954275146623032
test_02555,0.0240062077891317
test_02556,0.0261633176250219
test_02557,0.9564576416956846
test_02558,0.999873888998873
test_02559,9.435797934893922e-05
test_02560,0.0022718017816243
test_02561,0.9999909054221268
test_02562,0.015452279005131804
test_02563,0.9988431493021308
test_02564,0.9858596757279671
test_02565,0.9952311888464312
test_02566,0.05975617350263079
test_02567,0.3831988920148221
test_02568,0.0003208432150689998
test_02569,0.00041001867081159996
test_02570,0.9999443512291026
test_02571,0.00013521120401709992
test_02572,0.234973097465668
test_02573,0.00042076267161140005
test_02574,0.9941790953939506
test_02575,0.014299311469632994
test_02576,0.999925097031353
test_02577,0.6841508763649582
test_02578,0.9999896328359114
test_02579,5.139915144161629e-05
test_02580,0.0142297168607352
test_02581,0.4235525124483634
test_02582,0.0011041318258906002
test_02583,0.6820418782786529
test_02584,0.9997291406226536
test_02585,3.7535380883776096e-06
test_02586,0.9780713001457096
test_02587,0.0010657607782052997
test_02588,0.0067198756708948025
test_02589,0.0078650974938424
test_02590,0.9989488782370604
test_02591,0.9997384474029014
test_02592,0.9962813163018138
test_02593,0.9982796772309818
test_02594,0.9999951025419733
test_02595,0.9999864326063491
test_02596,2.4865395128202875e-05
test_02597,0.999889362813181
test_02598,0.9993376232035328
test_02599,0.12602396070370428
test_02600,0.9993344853656092
test_02601,0.00036345911700789996
test_02602,0.002384110888042901
test_02603,5.8976145065943726e-05
test_02604,1.2949700927962559e-06
test_02605,6.039227540302565e-05
test_02606,0.9973268215796002
test_02607,0.9999929313629052
test_02608,0.8926216111659983
test_02609,0.9999691961401004
test_02610,4.945696132558733e-06
test_02611,0.9991996985184612
test_02612,0.0001803924752837999
test_02613,0.00013061128475329997
test_02614,0.00048413193316830023
test_02615,3.845015231585748e-06
test_02616,0.17794902205392618
test_02617,0.9999759784501753
test_02618,0.1364284177463427
test_02619,0.9998509378837711
test_02620,1.3417556179153263e-06
test_02621,0.9999801032317671
test_02622,0.005283940948510901
test_02623,0.8943962701476835
test_02624,0.9999967862743432
test_02625,8.794601819078246e-05
test_02626,0.9999808341090499
test_02627,0.9999433545854752
test_02628,2.5548194089348844e-05
test_02629,5.42595457289209e-05
test_02630,0.9980706539310924
test_02631,0.0001599191156160001
test_02632,0.00047002704558169985
test_02633,0.9999065546505692
test_02634,0.00019008367422879987
test_02635,0.0029785691456302
test_02636,0.0006993520582482003
test_02637,0.9999967179494588
test_02638,0.9996181299120901
test_02639,0.015344927268193897
test_02640,0.9999904380241741
test_02641,0.9999983508649202
test_02642,4.788409772559023e-05
test_02643,0.9999847636129421
test_02644,4.867821673964762e-06
test_02645,0.050102345701885695
test_02646,7.294010230643155e-05
test_02647,3.895735936190417e-05
test_02648,1.0000000000000008e-06
test_02649,0.9999968350752123
test_02650,0.0013047048955544
test_02651,0.9993544255794377
test_02652,0.004644154960299098
test_02653,0.9969581807941897
test_02654,0.9688591060348578
test_02655,4.0612435069969624e-05
test_02656,9.191801645618533e-05
test_02657,0.00027243979015020007
test_02658,0.9966778209122366
test_02659,0.9992163193125388
test_02660,0.13370141266100014
test_02661,0.9999831882881696
test_02662,0.17110610851289249
test_02663,4.1269356769429845e-06
test_02664,0.9999570023381243
test_02665,0.9999919531311221
test_02666,0.9998855731885649
test_02667,0.9595267678501986
test_02668,0.9998973179857932
test_02669,0.004304199499595001
test_02670,0.5064091713279422
test_02671,4.820284636098654e-06
test_02672,0.9999945277085557
test_02673,0.999992362822532
test_02674,0.40177512628616086
test_02675,0.8836659027190792
test_02676,0.9998215032278283
test_02677,0.0005165422992033002
test_02678,0.9999565620342123
test_02679,0.9997931387068609
test_02680,0.0002520624564346001
test_02681,0.0002624217401110999
test_02682,0.00012078446566420004
test_02683,0.9998335922892493
test_02684,0.002512102213273499
test_02685,0.0061205170529187985
test_02686,0.9999966025886827
test_02687,0.013643460276410595
test_02688,0.999999
test_02689,0.99988622196632
test_02690,0.08078583714329779
test_02691,0.0046192490443026
test_02692,0.9999815316414725
test_02693,0.9916643402775852
test_02694,0.9999870275929251
test_02695,0.9935549609475478
test_02696,0.9959388125805186
test_02697,6.702328843944841e-06
test_02698,6.826988041899722e-06
test_02699,0.9999682102124596
test_02700,3.5141331785868854e-05
test_02701,6.268425133081388e-05
test_02702,0.9584048365730231
test_02703,1.7339618620682547e-06
test_02704,0.00010569166417970008
test_02705,0.999937260820303
test_02706,3.9178843542113415e-06
test_02707,0.9999624534274658
test_02708,0.9942661573707382
test_02709,0.9998610054877493
test_02710,0.9999964416304485
test_02711,0.00025886566596340004
test_02712,0.9999705017479746
test_02713,0.0005600812009663999
test_02714,0.00027225451133190015
test_02715,0.9999849179970237
test_02716,0.034412099356729405
test_02717,0.9925747547886768
test_02718,1.7837816315408864e-06
test_02719,0.983577353149916
test_02720,2.4776134809190247e-05
test_02721,8.578538753819817e-06
test_02722,0.014234748531833402
test_02723,0.9999964208848303
test_02724,0.0443085774806099
test_02725,0.0241461586986197
test_02726,0.9994927199088963
test_02727,0.00013337794902270009
test_02728,0.0007767131999090997
test_02729,2.7506612807703755e-05
test_02730,0.9999933587487355
test_02731,0.002311520919125799
test_02732,0.999696907914153
test_02733,0.9989814998773591
test_02734,7.656578544708286e-06
test_02735,0.9999914612807195
test_02736,0.032212512921616795
test_02737,0.999998625677275
test_02738,0.9998772637576431
test_02739,0.9874382360256686
test_02740,0.9999970305635477
test_02741,0.0086158171662297
test_02742,0.009915708792611604
test_02743,3.431368364573976e-05
test_02744,2.8177310809262596e-05
test_02745,0.9998577659231389
test_02746,0.13408210361858752
test_02747,0.0001733824240889001
test_02748,1.2885236206921313e-05
test_02749,0.9995332323542211
test_02750,0.9999979787601667
test_02751,0.9251745620680502
test_02752,0.988756416766708
test_02753,0.9997414784900438
test_02754,2.795314810326798e-06
test_02755,0.9995586315719487
test_02756,0.997796539826617
test_02757,1.013303834035967e-05
test_02758,0.3249435232762287
test_02759,0.9790849202328296
test_02760,4.603792483727621e-06
test_02761,0.9999988612522386
test_02762,5.317581896488001e-06
test_02763,9.095418344871777e-06
test_02764,0.9998825044428958
test_02765,5.969615316280642e-05
test_02766,0.3018803123122175
test_02767,7.760972587897941e-06
test_02768,0.1424621666724503
test_02769,7.089198446538717e-06
test_02770,0.0005602398085687998
test_02771,0.9999487125782397
test_02772,0.9967002987847594
test_02773,0.00011736023057069997
test_02774,0.9999531427276868
test_02775,0.9810572600760394
test_02776,0.9998557212379896
test_02777,0.9999939070944933
test_02778,0.013380507244115101
test_02779,0.0002264125181068999
test_02780,0.961826593966278
test_02781,0.990941250999319
test_02782,0.990238342420227
test_02783,2.2902486629904774e-05
test_02784,0.0007524508500290002
test_02785,0.9999934339349106
test_02786,1.8158471479359414e-05
test_02787,7.943295456630256e-06
test_02788,0.9999947161981647
test_02789,0.00015671313562300003
test_02790,0.0002985554616542001
test_02791,0.00017652457160530015
test_02792,0.18545116535854375
test_02793,3.501977144311722e-05
test_02794,0.00016712603545130012
test_02795,0.9999846169549212
test_02796,0.9999944192647326
test_02797,0.002780242658951501
test_02798,0.9999895278691457
test_02799,0.1257034003381764
test_02800,4.134794495782867e-05
test_02801,1.0154572698790615e-05
test_02802,1.3799382760426647e-06
test_02803,4.011469926929795e-05
test_02804,0.0017901196319398
test_02805,0.0005392077270639001
test_02806,0.9999980569818131
test_02807,1.0875453523260081e-05
test_02808,0.013040586050484295
test_02809,0.11522715531328277
test_02810,1.1292481233936563e-05
test_02811,2.2842138213016845e-06
test_02812,0.08509246356686578
test_02813,0.9609227668270803
test_02814,0.999968772270825
test_02815,0.0011815158928166999
test_02816,0.5119712298498862
test_02817,8.322765780385877e-05
test_02818,2.3526830420619003e-05
test_02819,0.9766253221318877
test_02820,1.9339293006241013e-06
test_02821,0.9999183640507374
test_02822,0.9978740892851633
test_02823,0.9999842771416806
test_02824,1.0000000000000008e-06
test_02825,0.9999863399965812
test_02826,0.9999956349760805
test_02827,0.9980128366638831
test_02828,0.9999925031715535
test_02829,0.9999929159185008
test_02830,0.9999969155182232
test_02831,0.9999937268869156
test_02832,0.0193152407698055
test_02833,0.00028564292719819985
test_02834,0.9569970548814467
test_02835,1.1404316382462743e-06
test_02836,0.9999980362140113
test_02837,0.9999984837119936
test_02838,3.2526940445691763e-06
test_02839,0.9998287212807747
test_02840,0.9998622112768226
test_02841,0.9999985402910518
test_02842,0.9999986016449621
test_02843,1.078299287240542e-05
test_02844,1.0000000000000008e-06
test_02845,1.2885902742972222e-05
test_02846,0.9999852144834007
test_02847,0.9996445638903781
test_02848,0.00012120556617539997
test_02849,0.04970760054510022
test_02850,1.9525192777488113e-06
test_02851,0.999999
test_02852,2.6692876937804377e-06
test_02853,0.0005852983224712998
test_02854,0.05277343403250392
test_02855,0.9999412974198206
test_02856,0.00019031499681799988
test_02857,0.9999110532254127
test_02858,0.9999959992252321
test_02859,0.999999
test_02860,0.5685392438435607
test_02861,0.9999982634969083
test_02862,0.0006607952666114996
test_02863,0.008445345602829602
test_02864,0.9243579449974046
test_02865,0.9999986516765541
test_02866,0.9999974396637855
test_02867,0.9978594047147855
test_02868,2.7724392061658898e-06
test_02869,0.9999247481365358
test_02870,0.9930917349562848
test_02871,0.999960527316138
test_02872,0.0015017269052799004
test_02873,0.999998575153555
test_02874,0.9999936749780162
test_02875,0.9998427332254038
test_02876,0.9998837045391689
test_02877,0.0003520192461271001
test_02878,2.061373946442257e-05
test_02879,1.4583920495674622e-05
test_02880,0.999995302476995
test_02881,0.00013038061972190008
test_02882,9.719429323481655e-05
test_02883,0.9999928613898117
test_02884,0.012653493684069301
test_02885,0.9971680472458216
test_02886,7.139054973367618e-06
test_02887,1.0154909082672646e-05
test_02888,1.0000000000000008e-06
test_02889,1.813130174027139e-05
test_02890,1.0000000000000008e-06
test_02891,9.12200903364357e-05
test_02892,0.0006581617083861001
test_02893,0.0002774092106210999
test_02894,6.995629776452477e-05
test_02895,0.0028301470662453003
test_02896,0.9995888310783223
test_02897,0.0005678821077827
test_02898,0.9832234496276682
test_02899,0.9916185168498461
test_02900,0.9995562006644771
test_02901,0.9999581789084138
test_02902,1.820948742980015e-06
test_02903,1.9284817490732247e-05
test_02904,0.0029797322120827
test_02905,0.9999534304048416
test_02906,0.9985623802668706
test_02907,0.999548233135756
test_02908,0.6670837206185873
test_02909,0.00017899068838199986
test_02910,1.0000000000000008e-06
test_02911,3.54629037878988e-06
test_02912,0.999999
test_02913,1.704047640144271e-06
test_02914,0.9997010619282232
test_02915,0.9999685745502332
test_02916,0.9979173004200619
test_02917,0.0009626277436990001
test_02918,0.003496680562732599
test_02919,3.158286213508363e-05
test_02920,3.824587573909119e-06
test_02921,0.959924106949063
test_02922,0.9999890791083835
test_02923,1.3869807683132587e-05
test_02924,6.678032030102327e-05
test_02925,3.14266430888608e-05
test_02926,0.99985510668489
test_02927,0.9736103160324803
test_02928,0.9802428710039275
test_02929,4.631083238017393e-05
test_02930,0.999999
test_02931,0.9999505457157233
test_02932,0.9922322381466379
test_02933,0.0063118306608071
test_02934,0.2911708433663761
test_02935,0.9948602366828193
test_02936,0.9999984055963026
test_02937,0.00041389266367820014
test_02938,0.44933342808319165
test_02939,0.9999949770291096
test_02940,0.0006549676258358002
test_02941,0.9985944708061758
test_02942,4.39051063724347e-06
test_02943,0.9966313362279333
test_02944,3.40435597052083e-05
test_02945,0.9979078847102641
test_02946,1.0137269979864194e-05
test_02947,0.8746948204068609
test_02948,7.163290556611276e-06
test_02949,0.9807508850742391
test_02950,0.006479551299526702
test_02951,0.0005771975757605998
test_02952,0.9999673762668478
test_02953,0.9986121900423388
test_02954,0.999987299938738
test_02955,0.0009350597436062
test_02956,3.106436611522873e-05
test_02957,1.0000000000000008e-06
test_02958,0.9998228272819938
test_02959,5.292280920810171e-05
test_02960,0.8321000461586706
test_02961,0.0002788866671303002
test_02962,0.9994547961561165
test_02963,0.0002680097020699002
test_02964,0.9434725145104664
test_02965,5.317605089433358e-06
test_02966,1.2124251560962175e-05
test_02967,0.0014366491979914998
test_02968,0.9999981156655635
test_02969,0.9999751818760735
test_02970,0.66087029188502
test_02971,0.9999968686558437
test_02972,0.9999988297287996
test_02973,0.00011206213286459999
test_02974,0.031794980459821
test_02975,0.00023279287756650018
test_02976,0.9993088141117736
test_02977,0.7477810894677416
test_02978,0.999990255567607
test_02979,0.9999810938942386
test_02980,0.00010808385025130009
test_02981,0.9989311768862259
test_02982,0.9999317204251976
test_02983,0.9986954659249844
test_02984,0.9998909099441974
test_02985,2.3564396345864162e-05
test_02986,0.9114992944230833
test_02987,2.77722841571955e-05
test_02988,0.0013031617555262997
test_02989,0.9992395348052405
test_02990,0.9999188367832393
test_02991,0.9992910853232764
test_02992,2.233526938293027e-05
test_02993,1.035285860087581e-05
test_02994,0.9775832825304186
test_02995,1.4219997276796595e-06
test_02996,0.017332640043243804
test_02997,0.0002862883307701001
test_02998,0.0006518493889059
test_02999,0.999993069774708
test_03000,0.9999982749772006
test_03001,0.9999982561656576
test_03002,0.9999834015781867
test_03003,0.9997564262550851
test_03004,0.0006581018046925003
test_03005,0.0009095064715076
test_03006,0.9994104517588782
test_03007,0.0135011432716099
test_03008,0.00011446109725900004
test_03009,0.0014868497571179002
test_03010,0.9999100106624943
test_03011,0.9999961021609678
test_03012,4.038852952185635e-05
test_03013,0.9999895478514259
test_03014,0.999991583809229
test_03015,3.200644252543075e-06
test_03016,3.149709685431616e-05
test_03017,0.9971889610894266
test_03018,4.08209107357333e-06
test_03019,1.6991485497167563e-06
test_03020,0.9994872560986149
test_03021,1.942811110514727e-05
test_03022,0.9999940182593744
test_03023,0.0024604841411724997
test_03024,0.9999648814638823
test_03025,0.0037975990875615995
test_03026,4.29235493317447e-06
test_03027,3.7163068775776025e-05
test_03028,9.283331461953772e-05
test_03029,2.9050575650676742e-05
test_03030,0.05158924441158365
test_03031,0.014622178967242706
test_03032,2.2664744802390168e-05
test_03033,0.9967818277206919
test_03034,0.0013852181588444993
test_03035,2.6485713421795284e-05
test_03036,0.0001321093447097999
test_03037,0.00035435682708070005
test_03038,6.129311153689067e-05
test_03039,7.31278300608933e-05
test_03040,0.9999922999724066
test_03041,0.9999427550064667
test_03042,0.9997262531108644
test_03043,0.9979719339177062
test_03044,0.9999820879080837
test_03045,0.9851097015347487
test_03046,0.9807295508988136
test_03047,0.9987455742985655
test_03048,9.59803331125837e-06
test_03049,0.9997919238896747
test_03050,0.00018187359966709992
test_03051,2.6484839790510576e-06
test_03052,0.0009526839076312996
test_03053,0.0014452271234431005
test_03054,0.0009554913112401996
test_03055,0.9999866877822731
test_03056,0.9999966094518958
test_03057,1.0000000000000008e-06
test_03058,0.00032435831657790003
test_03059,0.9999980573558567
test_03060,0.9994313077046942
test_03061,0.999996320705632
test_03062,0.999999
test_03063,0.0005725639359756
test_03064,0.999994763915635
test_03065,0.00039898789801139995
test_03066,0.9999589267851967
test_03067,0.9195834057289927
test_03068,0.6642241217462109
test_03069,0.9999975499066542
test_03070,0.9946902057404314
test_03071,0.9999977401024608
test_03072,0.13909487129356624
test_03073,1.131072647181058e-05
test_03074,0.9999647657164543
test_03075,0.9998130721302194
test_03076,2.3357166049539783e-05
test_03077,0.8080618965021532
test_03078,0.00014380926717899998
test_03079,5.6232600897069786e-05
test_03080,7.071331218238495e-05
test_03081,0.5060578523344277
test_03082,0.9997158193054491
test_03083,0.9998455816112408
test_03084,0.015184008601475207
test_03085,0.06045642193185839
test_03086,0.007634658442717501
test_03087,0.008137790259675504
test_03088,0.9997000239424707
test_03089,0.00012637698030719996
test_03090,0.999933185191046
test_03091,0.9979369665188577
test_03092,1.7482259238421186e-06
test_03093,0.9995533280460381
test_03094,0.9999968657417923
test_03095,0.9600172882133968
test_03096,0.9999043397793744
test_03097,0.0006378572656563
test_03098,3.113229707380497e-05
test_03099,0.9984707257898442
test_03100,0.993705218511048
test_03101,0.6378734505054561
test_03102,0.9999744985371514
test_03103,0.0005106541618813002
test_03104,0.44691050225397905
test_03105,0.00031739378230110005
test_03106,0.00011148719009430008
test_03107,2.4025093666409686e-05
test_03108,1.036208479333751e-05
test_03109,0.00013915820586000007
test_03110,0.0461345337768527
test_03111,9.738341443911873e-06
test_03112,3.965962807610042e-06
test_03113,1.6568899624304835e-05
test_03114,1.609984938623139e-05
test_03115,0.021781453187264998
test_03116,0.999973484335259
test_03117,4.2602286561398156e-05
test_03118,0.00010134049647970007
test_03119,0.9999417378760252
test_03120,4.471137271453645e-05
test_03121,3.5135179219117242e-06
test_03122,0.3249061256656178
test_03123,0.9999807343106766
test_03124,0.9998702417763685
test_03125,0.09553444872688013
test_03126,0.999236568037808
test_03127,0.9863967622189441
test_03128,1.0000000000000008e-06
test_03129,0.009625205434110003
test_03130,0.9999834286187306
test_03131,0.033331524767734794
test_03132,0.9995668789149289
test_03133,0.0002519166735238999
test_03134,0.6141295927243385
test_03135,0.9999834001662696
test_03136,0.00044715754424270017
test_03137,0.10325461738455857
test_03138,2.1323673960908822e-05
test_03139,4.51876545164185e-05
test_03140,7.821529249910424e-06
test_03141,0.9985889696535216
test_03142,0.9999959439019608
test_03143,0.017415539843823505
test_03144,0.9998484349333314
test_03145,0.9998903195731697
test_03146,1.4296357858443775e-05
test_03147,0.004624912287140498
test_03148,2.9373078506479935e-06
test_03149,0.1440502672908864
test_03150,0.9999379974182657
test_03151,0.0004859318730068999
test_03152,0.9984432893601679
test_03153,3.259470811277285e-05
test_03154,0.9999450583655558
test_03155,2.405366493845899e-06
test_03156,0.9999562635489246
test_03157,9.635528684649145e-06
test_03158,0.9999782159740769
test_03159,0.9998080515937567
test_03160,0.026790120015267097
test_03161,1.241425951870964e-06
test_03162,0.9999551334574578
test_03163,0.0003402783057836001
test_03164,0.9999803392661578
test_03165,0.00010242684887750002
test_03166,4.189981037781074e-05
test_03167,5.109846050112418e-06
test_03168,2.739617316580321e-06
test_03169,3.072457629697931e-05
test_03170,2.4987401113624147e-06
test_03171,0.9663759322761432
test_03172,0.9869525436888652
test_03173,0.998746135078276
test_03174,0.963500910299809
test_03175,0.9475347479597275
test_03176,0.999999
test_03177,0.0038709704686324
test_03178,0.9999607309232622
test_03179,0.004746273161160799
test_03180,0.9999893651140304
test_03181,0.9999704583280661
test_03182,3.0611114252354684e-05
test_03183,0.9966654005061545
test_03184,0.9999972130787627
test_03185,0.9998382287670587
test_03186,2.952862246518219e-05
test_03187,0.9991988874398592
test_03188,0.0006418866407505003
test_03189,0.9938083883756406
test_03190,0.0029460988296332005
test_03191,1.963400522609779e-05
test_03192,0.9997480774278116
test_03193,0.0010934592904053998
test_03194,0.9999319431756498
test_03195,0.002229989047017499
test_03196,0.9999930111500109
test_03197,8.158950084160087e-05
test_03198,9.395238949319926e-05
test_03199,0.10350305208634332
test_03200,0.0015398316447131001
test_03201,0.0164878793054272
test_03202,0.00012575761867230004
test_03203,4.642462531312655e-06
test_03204,0.9999806914433351
test_03205,0.4050487617125881
test_03206,1.0000000000000008e-06
test_03207,0.9999750492995273
test_03208,7.816247165760132e-05
test_03209,0.040537351327412006
test_03210,0.9795020929711811
test_03211,1.0000000000000008e-06
test_03212,0.9995545579920765
test_03213,0.9999982215165297
test_03214,1.468119424333241e-06
test_03215,0.999999
test_03216,0.0070144390799716004
test_03217,5.37430628477604e-06
test_03218,2.5115318390576135e-06
test_03219,0.9999984376109642
test_03220,0.9973684543640086
test_03221,0.9993568778234725
test_03222,0.005389032768121702
test_03223,5.148807925596145e-05
test_03224,0.999999
test_03225,0.9999941453455822
test_03226,2.237994752642792e-06
test_03227,0.9999136334896129
test_03228,0.9928484954943247
test_03229,3.318742181754942e-06
test_03230,0.9951124189522963
test_03231,0.999999
test_03232,0.9999614227091643
test_03233,1.0977878357374658e-05
test_03234,0.017168682905756592
test_03235,0.036818321508185294
test_03236,1.0000000000000008e-06
test_03237,0.9995212522906588
test_03238,0.007047379984397501
test_03239,6.934983183250126e-06
test_03240,9.801286367994658e-05
test_03241,0.0684250867620986
test_03242,2.0950836342290518e-05
test_03243,1.0000000000000008e-06
test_03244,0.038880502757445284
test_03245,0.9963129520137411
test_03246,0.9949130006006505
test_03247,0.9998703125685965
test_03248,3.3588604585645244e-05
test_03249,0.9999862506405246
test_03250,5.495979574078415e-06
test_03251,1.0000000000000008e-06
test_03252,0.999999
test_03253,0.99999825979496
test_03254,7.718212838508874e-05
test_03255,8.462723510704501e-05
test_03256,0.9998395532297948
test_03257,0.9995832124413343
test_03258,0.023558927917023305
test_03259,0.999682149414069
test_03260,2.2639978359963988e-05
test_03261,1.0000000000000008e-06
test_03262,0.9999842950844713
test_03263,0.07883513650859551
test_03264,0.0013097694560069996
test_03265,1.2509956370922482e-06
test_03266,0.999998853668373
test_03267,0.9999980899473483
test_03268,0.0276446737725589
test_03269,0.999999
test_03270,1.872531876009415e-06
test_03271,0.0048521731949312
test_03272,0.999853534377315
test_03273,8.270568223928527e-06
test_03274,0.00020512644816490016
test_03275,3.445200305099768e-05
test_03276,4.9316754667176515e-06
test_03277,3.564244379399784e-05
test_03278,0.9999777266197951
test_03279,0.9888618638891377
test_03280,0.9952380603482996
test_03281,0.9999978016520515
test_03282,0.9402306170545824
test_03283,0.0016396678197918005
test_03284,1.0000000000000008e-06
test_03285,0.999999
test_03286,0.9999919967097717
test_03287,0.999999
test_03288,0.0231933218190354
test_03289,0.9999013862564673
test_03290,0.10220907932628191
test_03291,0.0237439381665124
test_03292,0.3628331535095278
test_03293,0.9999959763618531
test_03294,0.9999966737839648
test_03295,4.6657439638988845e-06
test_03296,2.4055396662276446e-05
test_03297,0.999999
test_03298,1.0000000000000008e-06
test_03299,0.9999375820293888
test_03300,0.9999964433672603
test_03301,9.531327793523013e-05
test_03302,0.9998995130558771
test_03303,1.0000000000000008e-06
test_03304,1.0000000000000008e-06
test_03305,0.9999770961010026
test_03306,0.9999967115261373
test_03307,0.9992893761580569
test_03308,0.9999966610549094
test_03309,4.743976329679841e-06
test_03310,0.999999
test_03311,0.00010402739058359998
test_03312,0.9998401347217734
test_03313,7.647397146018268e-05
test_03314,8.327182101668632e-06
test_03315,0.9662873748582298
test_03316,0.9999945422356945
test_03317,0.998930407987834
test_03318,0.9999948505842602
test_03319,5.708620581379488e-06
test_03320,0.9999930632653256
test_03321,0.9993147372078325
test_03322,0.9999980635789089
test_03323,0.9999318349524533
test_03324,0.00013823219129039996
test_03325,0.0008875487231471
test_03326,0.0014420118503482998
test_03327,0.9999866630064332
test_03328,0.8647410296693564
test_03329,0.0006340575420259002
test_03330,0.9998992926629554
test_03331,4.7404481700246445e-05
test_03332,0.9985997703766756
test_03333,0.0007663109282716002
test_03334,0.9995942023454278
test_03335,0.9999375959873231
test_03336,1.0000000000000008e-06
test_03337,3.06919445148077e-05
test_03338,0.0173653513025099
test_03339,0.9991863978990445
test_03340,0.9999573855885119
test_03341,1.1598525591153199e-05
test_03342,0.125866097353844
test_03343,0.00025888593420219996
test_03344,0.9995797072430349
test_03345,3.406014933053512e-06
test_03346,3.6539561611918385e-05
test_03347,0.0486674185130491
test_03348,1.453287567480026e-06
test_03349,0.9999966835679439
test_03350,0.9994233222945822
test_03351,0.5870114044301733
test_03352,0.9999970629455389
test_03353,0.0028039664446469995
test_03354,2.7765973712840927e-05
test_03355,0.9985659165635746
test_03356,0.0015004169134753998
test_03357,0.9999686092798115
test_03358,2.570427940980959e-05
test_03359,0.9999952964977988
test_03360,0.5280878216592693
test_03361,0.00010553870380439996
test_03362,0.9996735060338446
test_03363,0.9972193682183286
test_03364,0.9934631119515495
test_03365,0.9943284885504445
test_03366,0.021028232151573196
test_03367,0.9848655032383354
test_03368,0.9975127975111222
test_03369,0.0006345047739279
test_03370,0.9999934816283526
test_03371,0.999999
test_03372,0.015057845505330902
test_03373,0.08295269317588311
test_03374,0.9478526523192916
test_03375,8.472258596748086e-06
test_03376,0.9999724228372323
test_03377,0.0002680457873084001
test_03378,0.00014818371283649992
test_03379,0.9993756717042261
test_03380,0.999999
test_03381,0.9999949952207126
test_03382,0.9998097937670417
test_03383,2.5454779984296176e-05
test_03384,0.9993100840416376
test_03385,0.9999535180756342
test_03386,0.7466020120550607
test_03387,0.999999
test_03388,0.0269657370410595
test_03389,0.9998387332673478
test_03390,0.9933162107594791
test_03391,0.9999897491660804
test_03392,0.8263963904121919
test_03393,2.6979571897443658e-05
test_03394,0.042933815803906185
test_03395,0.5100365129171277
test_03396,0.00043026196661180013
test_03397,2.2469453751409145e-05
test_03398,0.9999860873168968
test_03399,0.999999
test_03400,2.236849858374996e-05
test_03401,0.003961603138888501
test_03402,0.9617740377040174
test_03403,4.9544870876197354e-05
test_03404,5.762342305848082e-05
test_03405,0.9999645055406253
test_03406,3.1748608383813266e-05
test_03407,1.7906069489224763e-06
test_03408,0.0006723320641909999
test_03409,1.6814865478590235e-05
test_03410,0.023481053735749602
test_03411,0.999740222279156
test_03412,0.999976470027865
test_03413,1.2996214278768212e-05
test_03414,4.898389084701004e-05
test_03415,0.9880014231884755
test_03416,0.005043710315917901
test_03417,0.0004931323783742001
test_03418,0.0005890643000286002
test_03419,9.50828962728518e-06
test_03420,0.9998569134939919
test_03421,2.9584214162765477e-05
test_03422,0.9999872904923037
test_03423,0.00011270523819009991
test_03424,5.28788949408468e-06
test_03425,2.8081018636055282e-05
test_03426,0.9996476406333117
test_03427,0.9999338582414362
test_03428,2.5395418123071665e-05
test_03429,0.9833680408345044
test_03430,0.9999949625429585
test_03431,0.9999648555059559
test_03432,0.0004930559533985999
test_03433,0.999931597067412
test_03434,0.00019434810261540015
test_03435,0.999953090551389
test_03436,0.00013061388199560008
test_03437,0.0011653356535109996
test_03438,9.617323292075708e-06
test_03439,0.9999929413403748
test_03440,0.9265384434476868
test_03441,0.9997518408842908
test_03442,0.9757133368132083
test_03443,0.9992044080148919
test_03444,0.178988307337143
test_03445,0.0017778637712238003
test_03446,0.999517294619658
test_03447,0.9999935478620464
test_03448,0.999692864277525
test_03449,0.9999974444787
test_03450,0.7406024818114004
test_03451,0.0079506769082322
test_03452,1.6783784213232418e-06
test_03453,0.0004736640177856001
test_03454,0.00020408405503530012
test_03455,1.5624752758045134e-06
test_03456,1.1648394110549851e-06
test_03457,0.0006025291149243002
test_03458,0.9999980732149331
test_03459,1.3307104460475755e-06
test_03460,0.0015711088940418
test_03461,0.5750664206018945
test_03462,0.9999910892244198
test_03463,1.7353276355800868e-06
test_03464,0.9999909409827177
test_03465,0.0002482251431685
test_03466,0.00016030095832539999
test_03467,0.9999642678068984
test_03468,1.0450680807868381e-06
test_03469,0.015573439014392693
test_03470,1.0000000000000008e-06
test_03471,0.8842217843581062
test_03472,0.9999850950651313
test_03473,0.9987390285656712
test_03474,0.9999963497163078
test_03475,0.9833311880210076
test_03476,4.341561299788507e-05
test_03477,0.0028905438960415996
test_03478,1.0000000000000008e-06
test_03479,9.253763925945665e-06
test_03480,0.999999
test_03481,0.9996092894505338
test_03482,0.9999619521613927
test_03483,0.8960491179777348
test_03484,0.991081834836856
test_03485,0.0014026381638957007
test_03486,0.9999946090474805
test_03487,0.9999837788402802
test_03488,0.9999932238750324
test_03489,0.0002997559635307999
test_03490,0.9994145830348785
test_03491,0.9972089933510757
test_03492,0.9999861609362988
test_03493,0.9999956485932209
test_03494,2.3656343114247943e-05
test_03495,0.0006379820785742
test_03496,8.085211500018596e-05
test_03497,0.9999680709204817
test_03498,0.9999982468639537
test_03499,0.9999943123578199
test_03500,0.8103910207345929
test_03501,3.249348226056959e-06
test_03502,0.002081225167410801
test_03503,0.0015245847408559999
test_03504,0.0004918145837204998
test_03505,1.0000000000000008e-06
test_03506,0.10331131713980865
test_03507,0.00013847303967380007
test_03508,0.0007082445169820999
test_03509,0.010143616049650804
test_03510,0.9997086032426943
test_03511,4.287721565065053e-06
test_03512,0.9865415106247798
test_03513,4.334365807219602e-05
test_03514,0.9999259492072632
test_03515,0.9371513014356264
test_03516,5.0041685880000816e-05
test_03517,0.9999981400733041
test_03518,3.9885635866538075e-05
test_03519,0.9995539549511147
test_03520,0.9999934914740776
test_03521,0.9999247333076842
test_03522,0.9830916000132764
test_03523,0.999999
test_03524,9.404959561387058e-05
test_03525,0.9999964264052961
test_03526,0.999997273354918
test_03527,0.9128087894000834
test_03528,0.00029893001925089985
test_03529,5.5869625751316445e-06
test_03530,1.0105771955824522e-05
test_03531,6.4700221267617265e-06
test_03532,0.9999823505091902
test_03533,1.531445574283251e-06
test_03534,0.999450186223794
test_03535,2.8275305508225017e-06
test_03536,0.9999988094176326
test_03537,6.524048441859028e-05
test_03538,5.457729324967083e-06
test_03539,0.0087462307831464
test_03540,0.972799935249968
test_03541,0.0037632886364238013
test_03542,0.009940135368438404
test_03543,0.9970938857978158
test_03544,0.00011242510497649997
test_03545,1.1064970823347192e-06
test_03546,0.998623331213356
test_03547,0.9999976945095197
test_03548,0.9999907951375848
test_03549,9.582791017386683e-05
test_03550,0.9999930506672654
test_03551,0.999999
test_03552,0.9892746187956033
test_03553,0.9969274173771979
test_03554,0.1627860332579971
test_03555,1.084193812167197e-05
test_03556,0.00068789812747
test_03557,0.9998252026560412
test_03558,0.98770405352012
test_03559,1.0000000000000008e-06
test_03560,0.9999083157563764
test_03561,0.999999
test_03562,0.9999918192964721
test_03563,0.9618023712435894
test_03564,0.9999513752493298
test_03565,0.999999
test_03566,4.276980171958082e-06
test_03567,0.7666755400312755
test_03568,4.180225176978626e-06
test_03569,4.500784224958276e-05
test_03570,0.9999904781912772
test_03571,4.792616505414051e-06
test_03572,0.995359380512124
test_03573,0.9996003757424639
test_03574,0.9517721471058501
test_03575,0.9999519877430696
test_03576,0.9999913615224577
test_03577,0.10140081680725023
test_03578,1.0000000000000008e-06
test_03579,5.840595441898833e-06
test_03580,0.9998992358252294
test_03581,1.0000000000000008e-06
test_03582,0.9989005630643559
test_03583,0.999999
test_03584,1.0000000000000008e-06
test_03585,0.9999219459187808
test_03586,7.268218037060518e-05
test_03587,0.0037325069419927004
test_03588,6.108512807329918e-06
test_03589,0.2824827105036232
test_03590,3.7508650383304762e-06
test_03591,2.7031325216505296e-05
test_03592,0.9999983007606865
test_03593,0.9999956373535157
test_03594,1.2459647742078895e-06
test_03595,0.9999836870717449
test_03596,0.999907783222426
test_03597,0.0017024154362456007
test_03598,0.4287806288662127
test_03599,0.9999964284179916
test_03600,0.0012239233445812004
test_03601,0.9999981309788508
test_03602,8.485260579020185e-06
test_03603,0.999999
test_03604,0.9999984084540271
test_03605,0.999943185914287
test_03606,0.00019553461557740004
test_03607,1.7059236388070342e-06
test_03608,0.999999
test_03609,6.524377531508539e-06
test_03610,0.0002740939264262998
test_03611,0.9926000569669006
test_03612,0.99998761146894
test_03613,0.9999086169445404
test_03614,1.0000000000000008e-06
test_03615,0.9988844605329873
test_03616,1.0466154738555288e-05
test_03617,5.41897251388076e-05
test_03618,0.9999989194593045
test_03619,1.3677584597191234e-05
test_03620,3.5641610596471476e-05
test_03621,0.0002544072868614001
test_03622,3.349947420244136e-05
test_03623,1.9534838821194606e-06
test_03624,0.0055796865575234
test_03625,0.999999
test_03626,0.31692447031419974
test_03627,0.006982638106238898
test_03628,4.764917262439431e-06
test_03629,0.9924660782720246
test_03630,0.00038274518626460013
test_03631,0.00012242608874819997
test_03632,0.9999537465345761
test_03633,6.284097863755775e-05
test_03634,6.14985929189221e-05
test_03635,0.9999303426895623
test_03636,0.006202276916697002
test_03637,1.7024343630382465e-05
test_03638,0.999351898074631
test_03639,1.2675680169613697e-05
test_03640,9.326063088490649e-05
test_03641,0.9997095635842995
test_03642,0.9158111772416755
test_03643,0.9999778049725827
test_03644,4.389145413400814e-05
test_03645,0.999998750530013
test_03646,0.9998243990813924
test_03647,0.25348342113683653
test_03648,0.9762564005799939
test_03649,0.9999913017997678
test_03650,0.9999924007394826
test_03651,0.00015080318801900003
test_03652,1.0000000000000008e-06
test_03653,0.9998128287479334
test_03654,0.9996740707544658
test_03655,0.9999575780085665
test_03656,0.8965759524455982
test_03657,0.011777407552787698
test_03658,0.9649645518521016
test_03659,0.9999968166772807
test_03660,0.9999975907656578
test_03661,6.547067571866958e-05
test_03662,0.9999874451574232
test_03663,0.9998358323595058
test_03664,0.999999
test_03665,0.999999
test_03666,0.004483967264556901
test_03667,0.0004869671901855001
test_03668,0.9999827848122091
test_03669,0.9999890227011906
test_03670,0.0009643871651440003
test_03671,1.0000000000000008e-06
test_03672,0.99460047009042
test_03673,0.9995607468370199
test_03674,0.0028013813883009985
test_03675,0.9997686885559579
test_03676,0.9999192343188339
test_03677,0.9903558755708596
test_03678,0.9672677837787527
test_03679,6.631932462609068e-06
test_03680,0.9997654141762249
test_03681,0.0014030157226038004
test_03682,0.9966963739864683
test_03683,0.999999
test_03684,0.999999
test_03685,0.9999947702697184
test_03686,0.9999856628736074
test_03687,0.1307815246242686
test_03688,0.9999842642437378
test_03689,1.2495926253370519e-06
test_03690,0.9979320375899671
test_03691,0.9999940774264331
test_03692,0.00014347961560009993
test_03693,0.9996810302228644
test_03694,0.999963827049076
test_03695,1.1205527110764332e-05
test_03696,1.52695389799343e-06
test_03697,0.9555101024714384
test_03698,0.999999
test_03699,0.9999907236543657
test_03700,0.9999838264293738
test_03701,0.00029307322993090003
test_03702,0.9999735737250892
test_03703,0.9999972125432451
test_03704,1.546709797612359e-05
test_03705,1.4989156079453149e-05
test_03706,2.5907116330149393e-06
test_03707,0.999999
test_03708,0.023232995876347896
test_03709,0.9999987090308083
test_03710,0.04933411837095287
test_03711,0.003527279616112602
test_03712,0.999952513198931
test_03713,2.7064461833822514e-05
test_03714,0.0008162800495552002
test_03715,0.999999
test_03716,0.999999
test_03717,1.6493711650651527e-05
test_03718,2.842426167246474e-06
test_03719,0.9999989617888757
test_03720,1.343399846567161e-05
test_03721,3.621720791644825e-06
test_03722,1.1432161725071916e-05
test_03723,9.603648201145911e-05
test_03724,0.9999709493011065
test_03725,1.0000000000000008e-06
test_03726,0.9999121761379258
test_03727,2.648311985221291e-05
test_03728,0.015795028723489996
test_03729,0.00014938972198620006
test_03730,0.9644787119350631
test_03731,0.14722436462134045
test_03732,0.9977777959235608
test_03733,0.9997894190772566
test_03734,0.9999903805340215
test_03735,0.0002489353059485001
test_03736,4.08907864678581e-05
test_03737,0.9999928717698134
test_03738,0.4413255195736863
test_03739,0.999937467304854
test_03740,1.245079563876687e-05
test_03741,0.0003709804732642
test_03742,0.8236008949551767
test_03743,0.999993895674694
test_03744,0.9993861944513102
test_03745,0.9998701823309183
test_03746,0.00019877447143159987
test_03747,0.4392813536636079
test_03748,2.4074248170487723e-06
test_03749,0.96161165442736
test_03750,0.9999722484293043
test_03751,0.9935015423643972
test_03752,0.9339037832547294
test_03753,0.9818489254388411
test_03754,0.9999977305422266
test_03755,0.9999754599659543
test_03756,0.9999455393478832
test_03757,1.8456413639494947e-06
test_03758,0.9999560259737448
test_03759,0.0006714574830273
test_03760,0.0066180721613053025
test_03761,0.029841422358547608
test_03762,0.9997704131806604
test_03763,0.11066001602521411
test_03764,0.9996563656224239
test_03765,0.0008015160295519002
test_03766,0.999994059446188
test_03767,0.928856219498316
test_03768,3.465888490412103e-05
test_03769,0.0777362108892047
test_03770,0.9989839624808118
test_03771,0.9994319633580208
test_03772,0.9999779931722274
test_03773,9.355441354315173e-05
test_03774,0.0475512581084898
test_03775,0.9992105079960024
test_03776,1.4995157634438799e-06
test_03777,3.2046263116932414e-05
test_03778,0.9999405444723655
test_03779,6.32842945797094e-05
test_03780,1.0000000000000008e-06
test_03781,0.012722754078205601
test_03782,6.172365689333822e-05
test_03783,2.231919449991184e-05
test_03784,1.2360773826662984e-05
test_03785,0.9999985911323708
test_03786,0.0368282770314364
test_03787,3.8329876160996475e-05
test_03788,3.660828509960162e-06
test_03789,0.0049112148800664005
test_03790,0.9494809759292915
test_03791,0.7557042228549128
test_03792,0.9999740503525122
test_03793,1.4827885540834187e-05
test_03794,0.9998925718758294
test_03795,0.9999728063940353
test_03796,0.9924732843020275
test_03797,0.00020466165308880002
test_03798,0.999995678103565
test_03799,0.00011045747813470002
test_03800,0.9999751938945743
test_03801,1.266188546176981e-06
test_03802,0.08221922347069868
test_03803,0.0009634474485747997
test_03804,0.00015594503475850003
test_03805,0.6880288862344361
test_03806,8.720156053844691e-05
test_03807,0.063280817418707
test_03808,0.9987863306435668
test_03809,0.02283902932055
test_03810,1.0000000000000008e-06
test_03811,0.0016271573405381996
test_03812,8.265361215924123e-06
test_03813,0.9999937373119265
test_03814,7.523455667488204e-06
test_03815,0.9962814870748673
test_03816,5.267159639804753e-06
test_03817,0.9531801523501624
test_03818,1.3563254118045105e-05
test_03819,0.23128479429821194
test_03820,0.9999892861685519
test_03821,0.9999791726746385
test_03822,0.9997582922792309
test_03823,6.769211246166029e-05
test_03824,0.9990340504209456
test_03825,0.9969327572329229
test_03826,0.999999
test_03827,0.38878831509792244
test_03828,0.9999562375708524
test_03829,0.00044221615322550015
test_03830,0.9832603440061666
test_03831,1.4749378905498061e-05
test_03832,6.043449376611634e-06
test_03833,0.00010231682190839996
test_03834,0.9999960553923621
test_03835,0.9952235838613808
test_03836,2.3610978124126925e-06
test_03837,0.0006872673583707002
test_03838,1.1847869277533737e-05
test_03839,0.0028263014719731986
test_03840,0.9998840147679432
test_03841,0.9999979668980655
test_03842,0.014597551556631703
test_03843,0.9837295282297157
test_03844,1.0237741670279305e-05
test_03845,0.9999983900832347
test_03846,0.9999936348351226
test_03847,1.5065623853396179e-05
test_03848,0.9998898032378906
test_03849,0.99994346653877
test_03850,0.012317360055409596
test_03851,0.00045341953082550003
test_03852,0.0032408183003678004
test_03853,0.999999
test_03854,0.9999973492327676
test_03855,8.337814049785168e-06
test_03856,0.03038444091926949
test_03857,1.0000000000000008e-06
test_03858,1.0295350713342223e-05
test_03859,1.109974722928798e-06
test_03860,7.851759739667947e-05
test_03861,0.0022102921139098993
test_03862,0.9999949370923639
test_03863,0.9996129043915171
test_03864,0.9999637319686339
test_03865,0.007538249192223003
test_03866,0.9999984753060461
test_03867,8.70248018415412e-05
test_03868,1.5771992970948062e-05
test_03869,0.9989378410046121
test_03870,0.986427288407902
test_03871,2.3287244471605213e-06
test_03872,2.0675229278584207e-05
test_03873,0.0005033065088183001
test_03874,0.0008599898100160002
test_03875,0.00032884383979490007
test_03876,0.9999972953655447
test_03877,0.021902931792066295
test_03878,0.9987610153416534
test_03879,0.999999
test_03880,0.9999567547781826
test_03881,1.11041374793946e-06
test_03882,0.9999968214426784
test_03883,0.0005091210109207
test_03884,0.9999941468785638
test_03885,0.00024012466072970004
test_03886,0.0006513222101216997
test_03887,0.002393516637451301
test_03888,0.999999
test_03889,1.5552761585142319e-06
test_03890,0.9967658842885803
test_03891,7.405192010975946e-05
test_03892,0.00015048638928900012
test_03893,5.281835080218539e-05
test_03894,0.021523086559831005
test_03895,0.017852064953907305
test_03896,0.9996357001475566
test_03897,0.9999928198701274
test_03898,8.368496283988289e-05
test_03899,0.9941659693493794
test_03900,0.054284205235666
test_03901,1.3880940960346346e-05
test_03902,2.246118948620908e-06
test_03903,0.9996662226130572
test_03904,0.00023814487896259984
test_03905,0.998636814826436
test_03906,2.536860583575332e-05
test_03907,0.999997179268673
test_03908,0.9966580047069661
test_03909,0.9997818127517729
test_03910,2.97889825411274e-05
test_03911,0.9783350967450342
test_03912,0.9999972561428218
test_03913,0.0003219351221462997
test_03914,0.0278597722433378
test_03915,0.0004142179047922998
test_03916,0.9993079644726428
test_03917,0.9999009589971235
test_03918,0.9995319898306342
test_03919,0.9941843374189396
test_03920,0.9876835339314022
test_03921,0.00015627217260919988
test_03922,8.036892357752198e-06
test_03923,0.9993898346099375
test_03924,0.9427449256295115
test_03925,6.859297852297789e-06
test_03926,0.9999856036118632
test_03927,0.00037028167294129993
test_03928,2.8528024993709143e-06
test_03929,0.9999723914278928
test_03930,0.980412080787141
test_03931,0.999924064526494
test_03932,1.1036312368987285e-05
test_03933,3.261306630471311e-06
test_03934,0.9999749410857094
test_03935,1.8530712997407274e-05
test_03936,0.19722471434730407
test_03937,0.0009957755663625
test_03938,0.878954068636817
test_03939,4.482779429172165e-06
test_03940,1.7094115640380124e-05
test_03941,0.05935842242485629
test_03942,6.936807320328976e-05
test_03943,0.0009822764824311
test_03944,0.9999715935402906
test_03945,0.9999957091179799
test_03946,0.6223911593239743
test_03947,0.9968999158453969
test_03948,0.9996578396459912
test_03949,0.8313356929151403
test_03950,0.9999210249704761
test_03951,1.1595567320669438e-05
test_03952,0.9530675281202652
test_03953,0.9999931860873985
test_03954,0.9999250403218407
test_03955,4.56654050422346e-05
test_03956,2.2875228844164955e-05
test_03957,0.8801952235857665
test_03958,0.999999
test_03959,0.0980894187385768
test_03960,0.0004277458703963998
test_03961,0.999999
test_03962,0.9999844990067509
test_03963,4.7151284194848755e-05
test_03964,0.9855955135067566
test_03965,6.692571930718682e-06
test_03966,0.0009715561175521998
test_03967,1.0000000000000008e-06
test_03968,0.9999738827229413
test_03969,0.9995137339926614
test_03970,0.9999842229592738
test_03971,0.0007381991133111001
test_03972,0.0015774460235798995
test_03973,0.9999483453776289
test_03974,0.0052986113202957
test_03975,0.9999853084488433
test_03976,0.9999960580878908
test_03977,0.9999944645556715
test_03978,0.09031388056800883
test_03979,0.9998277963761532
test_03980,0.9997454524738215
test_03981,0.999999
test_03982,0.9959124446817391
test_03983,0.9998891096862127
test_03984,0.997851416047381
test_03985,0.002409600572724799
test_03986,1.0000000000000008e-06
test_03987,0.8478586805025661
test_03988,0.9999968733453191
test_03989,0.00011471089908570005
test_03990,8.814226769407066e-06
test_03991,6.082747678512118e-06
test_03992,0.988912436676233
test_03993,0.0001458705218608999
test_03994,2.2071153736280267e-05
test_03995,0.0006271239007240998
test_03996,0.9999969749839629
test_03997,0.9948963668236503
test_03998,0.9999681811865678
test_03999,0.9999978419678186
test_04000,0.9999526762531138
test_04001,0.018421524468467797
test_04002,0.9999909319878058
test_04003,0.9955683977972717
test_04004,0.9918486852289773
test_04005,1.6664473177146884e-05
test_04006,0.008284650258078698
test_04007,3.499556034278932e-06
test_04008,0.92435489150336
test_04009,3.426485018943296e-06
test_04010,0.00010770096496899999
test_04011,0.00014184132392879996
test_04012,1.0000000000000008e-06
test_04013,8.826934101744744e-05
test_04014,0.9998599055109332
test_04015,0.999731213274821
test_04016,0.9412824515248861
test_04017,0.0260386215391094
test_04018,0.999958867545782
test_04019,0.9988914347436175
test_04020,0.999999
test_04021,7.128121778411391e-05
test_04022,8.112516051285785e-05
test_04023,0.0753743129437236
test_04024,4.642371077234743e-05
test_04025,1.4692131992133114e-05
test_04026,0.9999874325494067
test_04027,5.6898194249260716e-05
test_04028,0.008778726162961497
test_04029,0.8747582419688906
test_04030,0.9999845930507006
test_04031,2.4803838858800066e-06
test_04032,0.0014716853478862005
test_04033,0.9999547189383942
test_04034,0.9999965220615616
test_04035,0.9987698873416992
test_04036,0.9997020246462572
test_04037,0.9999963659409375
test_04038,0.0008527461232401003
test_04039,0.00019010718823510002
test_04040,0.9999948119119543
test_04041,0.9982559718797257
test_04042,0.9999072596094601
test_04043,9.693807386423097e-05
test_04044,1.9260378085593197e-05
test_04045,0.0001505025152047001
test_04046,0.0023521380523476
test_04047,0.9988651056898122
test_04048,0.9998770375388141
test_04049,0.9996360536678887
test_04050,3.8062450798375426e-06
test_04051,0.999999
test_04052,0.9988823433233995
test_04053,0.5217868956110605
test_04054,7.677887245838184e-05
test_04055,0.9999905620035893
test_04056,0.999990937275906
test_04057,0.9999445920315099
test_04058,0.9999116001613245
test_04059,0.5640129204233941
test_04060,0.999999
test_04061,0.11229176989960969
test_04062,1.5774418915857043e-05
test_04063,0.0011479193517931
test_04064,0.9999893247532244
test_04065,0.9991620748322257
test_04066,0.9999826957804997
test_04067,0.034849005468093
test_04068,5.71992633161083e-05
test_04069,4.046880508095646e-06
test_04070,1.748573346479868e-05
test_04071,0.9231654304658524
test_04072,0.0006357340985667999
test_04073,2.8658983009280023e-05
test_04074,0.0006761492201401999
test_04075,0.9999663361036313
test_04076,0.9998163714489227
test_04077,0.9984247718522264
test_04078,0.9999987527010604
test_04079,8.193852880332787e-06
test_04080,0.0019787763843875
test_04081,0.9997257564596183
test_04082,1.4124194681450702e-06
test_04083,0.07722367563481969
test_04084,0.9987334197863104
test_04085,1.0000000000000008e-06
test_04086,0.1200465502006029
test_04087,0.9998935067501734
test_04088,0.999999
test_04089,6.144031737956712e-05
test_04090,0.9999859951686494
test_04091,0.9997037099053895
test_04092,0.9999953739344148
test_04093,0.9999923120381287
test_04094,0.00040924652946920003
test_04095,0.16630564975511872
test_04096,0.0002738023933575001
test_04097,0.9960931315639507
test_04098,1.9015101807112839e-06
test_04099,0.9999946084680038
test_04100,0.9999965645935219
test_04101,4.468179424173702e-06
test_04102,0.00010392322992299995
test_04103,8.519151300806838e-05
test_04104,0.9991204444367131
test_04105,0.0002096308206397001
test_04106,3.094847218484744e-06
test_04107,0.003134336485582899
test_04108,0.9998946542048066
test_04109,0.9995311142547535
test_04110,0.8015527021445895
test_04111,0.9999373067357611
test_04112,0.05265715015575125
test_04113,0.9990515938373719
test_04114,0.9826387235547345
test_04115,0.9815743567679712
test_04116,0.9999779327685802
test_04117,0.999999
test_04118,0.0004676735305806002
test_04119,0.00022872333425819983
test_04120,0.9991775704344119
test_04121,0.3096936302766303
test_04122,3.334546791652213e-05
test_04123,0.9999889063227919
test_04124,0.9962130552468313
test_04125,8.41352592382537e-06
test_04126,1.337368348422702e-05
test_04127,4.252488102064842e-06
test_04128,0.9999901317307911
test_04129,0.9995713010767916
test_04130,3.1330350662626465e-05
test_04131,2.3713705460536204e-05
test_04132,0.009249055972110102
test_04133,2.3414139293429425e-05
test_04134,0.999997139466657
test_04135,0.9999871135465189
test_04136,0.9382825967280509
test_04137,0.010867353023844197
test_04138,0.0230644313524941
test_04139,0.9995892188037623
test_04140,0.999996067734537
test_04141,0.1311202312399729
test_04142,0.9575527146109603
test_04143,0.8967011838582903
test_04144,0.9998942069118534
test_04145,0.9998817542153688
test_04146,1.3408009779582517e-05
test_04147,0.0001287013213013
test_04148,0.999116850867207
test_04149,0.999841981811286
test_04150,1.4785761243227737e-05
test_04151,0.8590796035593625
test_04152,0.0646803678628835
test_04153,0.9965720602638858
test_04154,0.0010045131420768005
test_04155,0.0017209595118036997
test_04156,0.9877463818657017
test_04157,0.9999903569872516
test_04158,0.9983169870554351
test_04159,0.00034718957072430004
test_04160,0.9999646778652878
test_04161,2.1130189658897e-05
test_04162,0.9994964684618717
test_04163,0.0010770791552651004
test_04164,0.9993290726512088
test_04165,0.9999984998472551
test_04166,0.00016555569344740004
test_04167,2.631801371514303e-06
test_04168,7.176515583696282e-05
test_04169,0.9999650910422611
test_04170,0.9999876863427697
test_04171,0.9999772275871129
test_04172,2.355368284069234e-05
test_04173,0.9990751333078128
test_04174,3.282171540270001e-06
test_04175,0.999700449403213
test_04176,0.8880223272822656
test_04177,9.81469841693196e-06
test_04178,0.9998878472892212
test_04179,0.0028809467370304012
test_04180,5.330134121558107e-05
test_04181,0.9995567415585401
test_04182,0.999984895840001
test_04183,0.050336585690079184
test_04184,0.9987140342119295
test_04185,0.9277593792271924
test_04186,0.9805499606946655
test_04187,0.99998057215483
test_04188,9.859194394406642e-05
test_04189,0.00010283763083579998
test_04190,0.9999828310146226
test_04191,0.9999634006752967
test_04192,0.00011770095636650007
test_04193,0.0033628272271201006
test_04194,0.006326536752768101
test_04195,6.699550099651697e-06
test_04196,0.9942420921142435
test_04197,6.675610653793004e-06
test_04198,0.9999926477634739
test_04199,0.0018577414913086006
test_04200,0.0004994319944272
test_04201,0.9314880578547001
test_04202,0.9974584374909952
test_04203,0.9990659259137379
test_04204,0.06640563731424229
test_04205,8.510837861431716e-06
test_04206,1.2242382570967753e-05
test_04207,0.9994827029291553
test_04208,0.00011242056433329994
test_04209,0.0004305188940576002
test_04210,0.9994965387970468
test_04211,0.999234901874991
test_04212,0.9995637440219913
test_04213,0.00023529002197199983
test_04214,0.999988449451875
test_04215,0.0021469951627585996
test_04216,0.00021017715180239984
test_04217,0.9999796547842703
test_04218,0.00015898015132669995
test_04219,0.9998866562441512
test_04220,2.0616305230697288e-06
test_04221,0.9843725029478955
test_04222,0.999979501532093
test_04223,0.9999206184957252
test_04224,0.999999
test_04225,0.08294592226323952
test_04226,0.9999907862737801
test_04227,0.999943070363666
test_04228,0.9999910987344669
test_04229,0.9978591486079202
test_04230,0.003062144230527399
test_04231,0.8521797903179555
test_04232,0.9999981381450798
test_04233,0.999999
test_04234,0.9999946266060797
test_04235,0.9999570491522637
test_04236,2.13089671187569e-06
test_04237,0.36436000125162266
test_04238,3.672317671418252e-06
test_04239,0.999200774822252
test_04240,0.9713639078795171
test_04241,0.9999979313951911
test_04242,0.9998991992628281
test_04243,1.215586851062272e-05
test_04244,0.9996749042011617
test_04245,0.9999956489666095
test_04246,0.9999984836103517
test_04247,0.9996949982675843
test_04248,0.999934285251937
test_04249,0.9999984265111438
test_04250,0.995795655241043
test_04251,0.9999465178202152
test_04252,0.0018155634447131002
test_04253,2.3765287883516915e-05
test_04254,9.955787186957532e-06
test_04255,0.9746489692755597
test_04256,0.999999
test_04257,0.0032867416254734
test_04258,0.0004224095888689001
test_04259,0.9992015963999545
test_04260,0.9973599478446807
test_04261,0.9999753876067393
test_04262,0.15137165282550444
test_04263,0.0081215178613915
test_04264,0.9999886654399632
test_04265,0.9999989491720938
test_04266,0.006663309312301699
test_04267,4.201498494660388e-06
test_04268,0.9999985997958772
test_04269,0.9999796702239431
test_04270,0.00043018431031239987
test_04271,0.0012612469675809
test_04272,1.1952077003543043e-05
test_04273,0.7738270468452771
test_04274,7.127480081875609e-06
test_04275,0.0002232516356291999
test_04276,0.9999926678311769
test_04277,0.0002658344755849002
test_04278,0.9823864271020948
test_04279,4.7488609809859384e-05
test_04280,2.579268230529739e-05
test_04281,0.9999959505772739
test_04282,0.8931292845568188
test_04283,3.614060759303608e-05
test_04284,3.647698711190993e-06
test_04285,0.9738985297142062
test_04286,1.0000000000000008e-06
test_04287,0.999999
test_04288,2.9833488508096257e-06
test_04289,0.9999963573387501
test_04290,0.0018750364542859004
test_04291,6.750705027660286e-06
test_04292,0.0033122326372269995
test_04293,0.9996859917931288
test_04294,0.9228188478549645
test_04295,2.8224029153764294e-06
test_04296,0.8110350138022872
test_04297,0.9990762944174174
test_04298,0.9996777732991063
test_04299,1.0000000000000008e-06
test_04300,6.6694154935737964e-06
test_04301,0.9999509944404036
test_04302,0.0078400719954388
test_04303,0.9999801621199585
test_04304,0.9999867367414397
test_04305,0.9197720705089036
test_04306,2.6648145032758575e-06
test_04307,0.9996475042610593
test_04308,6.195100086605247e-05
test_04309,0.9917160761179146
test_04310,0.999999
test_04311,0.9998553413788597
test_04312,0.925401522065096
test_04313,1.1012902852811977e-05
test_04314,0.9972640279401005
test_04315,0.9999941101239859
test_04316,6.228290733748342e-06
test_04317,8.683910780606183e-06
test_04318,0.0003230353951256
test_04319,5.068526475247396e-06
test_04320,0.0005974369295552001
test_04321,0.9999934144180245
test_04322,0.9510561673149325
test_04323,1.0000000000000008e-06
test_04324,0.9981262951115634
test_04325,0.9999760094482072
test_04326,0.985240358449799
test_04327,0.05983198739962689
test_04328,6.024795784786824e-05
test_04329,0.9999898242275782
test_04330,0.9999933339174074
test_04331,0.9999398488438896
test_04332,8.737107597068404e-05
test_04333,1.1009739742530566e-05
test_04334,0.9999256154035571
test_04335,6.916131919179619e-05
test_04336,5.246867505884896e-06
test_04337,0.9998575474924389
test_04338,0.999996766892858
test_04339,0.9999793960713077
test_04340,0.0014002790122995003
test_04341,0.9997477010070888
test_04342,0.0008291579280812999
test_04343,0.9995470554061637
test_04344,0.006497698921457699
test_04345,0.9997336710155852
test_04346,0.00028234128765600007
test_04347,0.0009050484397623995
test_04348,0.9994756023881767
test_04349,0.9999358450909738
test_04350,0.9999696245520444
test_04351,0.00012197045192299994
test_04352,0.0002034646956812
test_04353,0.8818610687521189
test_04354,1.5921471548356693e-05
test_04355,0.9998327493452466
test_04356,0.0004113669109483001
test_04357,0.8905838093289287
test_04358,1.3247689043775447e-05
test_04359,0.0019630218217417997
test_04360,0.9703263856195175
test_04361,0.0667320613244243
test_04362,0.0012393321027938
test_04363,0.9981102525162523
test_04364,0.9991413595230837
test_04365,0.0013058078275925001
test_04366,0.0004280660848631
test_04367,0.0036640198237599003
test_04368,0.0009615499836496002
test_04369,0.9851280221838401
test_04370,6.984893926471232e-06
test_04371,0.9999948417956819
test_04372,0.4359728287824344
test_04373,0.000558851198111
test_04374,0.0004356931777888999
test_04375,0.9999989991756708
test_04376,0.012324561138339697
test_04377,0.00030272766805230003
test_04378,0.9999930311438919
test_04379,0.00012990960880589992
test_04380,9.419996859187817e-05
test_04381,0.9999985525474592
test_04382,9.260190465430699e-06
test_04383,0.010260012153089096
test_04384,0.9998291843811995
test_04385,0.8780527118805287
test_04386,5.1518541400095515e-05
test_04387,4.202753025615839e-06
test_04388,0.0036644433117606
test_04389,0.0003936118443578
test_04390,0.9945480655612551
test_04391,0.999515089290894
test_04392,0.9997043277239533
test_04393,0.9921082961755749
test_04394,0.9999969518614026
test_04395,7.968059258437352e-05
test_04396,4.528394346635893e-05
test_04397,0.9982185289784512
test_04398,6.0705935826837784e-05
test_04399,2.7481352929061643e-05
test_04400,3.077423167072769e-05
test_04401,2.5306432396507842e-05
test_04402,0.9998647457921147
test_04403,0.8769082837194946
test_04404,0.0001165701929001
test_04405,0.9999654830203205
test_04406,0.9999807926298486
test_04407,2.089950535701566e-06
test_04408,0.9999770104463018
test_04409,0.9998987011473639
test_04410,0.9999340448029965
test_04411,0.9999938831423482
test_04412,0.9998211514348752
test_04413,0.9999012813578363
test_04414,0.999996968402552
test_04415,3.6426562497958767e-06
test_04416,0.03948456278877141
test_04417,0.0017716392654794004
test_04418,5.3822216859435236e-05
test_04419,2.3345109840173135e-05
test_04420,1.061833621599586e-05
test_04421,0.9992755536336704
test_04422,0.0017267326695693
test_04423,0.0037689607955107003
test_04424,0.0890331835161974
test_04425,0.9999988209115585
test_04426,0.0716294499440798
test_04427,0.9998281583274057
test_04428,0.00010529625216620005
test_04429,0.9999943349346935
test_04430,0.9888914764867781
test_04431,0.9999327329133172
test_04432,5.0031910496374014e-06
test_04433,0.00016579464993700003
test_04434,0.9999916520739045
test_04435,0.0002935903711770002
test_04436,3.6105828516181396e-05
test_04437,0.9999903139943325
test_04438,0.9671718157704067
test_04439,3.599174060125819e-06
test_04440,0.9999966049047314
test_04441,0.9999655624799634
test_04442,0.9992104501261457
test_04443,8.510695318684321e-06
test_04444,0.8508954089028445
test_04445,0.9999982706603562
test_04446,1.3119268508658386e-05
test_04447,0.9997089084603171
test_04448,9.339219571603868e-06
test_04449,0.9411718771412846
test_04450,0.9998530114117968
test_04451,1.1272824104010486e-06
test_04452,3.5526445456539465e-05
test_04453,0.9998549523889482
test_04454,5.425375094383314e-05
test_04455,0.9814544939255881
test_04456,8.392395945418015e-06
test_04457,0.024132416469755596
test_04458,0.9999881672998903
test_04459,0.017550131986161392
test_04460,1.803950036131173e-05
test_04461,0.9998667227806484
test_04462,0.002439197220464501
test_04463,0.9960375923425324
test_04464,0.9999935946278266
test_04465,0.11493560224727574
test_04466,1.0000000000000008e-06
test_04467,0.9999797070376529
test_04468,2.2822993171015575e-05
test_04469,0.00018673281512410005
test_04470,0.5120692371086967
test_04471,0.9448719372025464
test_04472,0.9999401070704282
test_04473,1.1549080850474501e-05
test_04474,0.0012710355172019002
test_04475,7.673674546767751e-06
test_04476,4.110796758154895e-06
test_04477,0.07866109059235601
test_04478,0.9999634270668739
test_04479,0.4789573114521868
test_04480,0.9977527534442628
test_04481,0.9993677400573441
test_04482,4.106928793311552e-05
test_04483,0.9999969577921759
test_04484,0.9886591325220386
test_04485,0.9998967646869474
test_04486,0.9999763597416441
test_04487,2.4027010174850866e-05
test_04488,0.9993727465187031
test_04489,1.03218705779686e-05
test_04490,0.980865725364766
test_04491,0.10287807228192142
test_04492,4.4070656932275664e-05
test_04493,0.008921341434244601
test_04494,0.0004345666292207001
test_04495,0.9998858225762675
test_04496,1.0669542256815634e-05
test_04497,1.2889379774256434e-05
test_04498,0.0007129298377617001
test_04499,0.0006860554740169999
test_04500,0.9999874994730319
test_04501,2.5893192978282186e-06
test_04502,0.999988500476186
test_04503,2.47234727430806e-05
test_04504,0.0001931080387488999
test_04505,0.005361327120327902
test_04506,0.9999959961998584
test_04507,3.5868269011013087e-06
test_04508,2.6901246929469545e-06
test_04509,2.7573880392972224e-05
test_04510,3.909375354894607e-06
test_04511,2.2264929600743425e-06
test_04512,0.9999980223801855
test_04513,0.00015251671361820002
test_04514,0.9999188919404102
test_04515,1.1191767030846968e-05
test_04516,0.9978789440913746
test_04517,0.9999939700365945
test_04518,1.4258802635083532e-05
test_04519,0.0124714012028812
test_04520,6.278493602381275e-05
test_04521,0.9992203650048814
test_04522,0.999999
test_04523,0.00027345269163340017
test_04524,0.9999865564954779
test_04525,9.110736364535392e-05
test_04526,0.999999
test_04527,0.06884880769418951
test_04528,0.9997710838588056
test_04529,1.6465825219872648e-06
test_04530,5.179182642496992e-06
test_04531,0.28893883771779655
test_04532,0.9997494162700054
test_04533,4.55177928215213e-05
test_04534,0.00021383465177000013
test_04535,0.9913299686098027
test_04536,3.6394818052286083e-06
test_04537,0.00018280488423380004
test_04538,0.9662698480656415
test_04539,0.9983652060411081
test_04540,0.999882506186158
test_04541,0.999999
test_04542,0.962153998234898
test_04543,1.0000000000000008e-06
test_04544,0.45302812276650306
test_04545,0.999999
test_04546,0.9999854923774302
test_04547,0.9998574725799325
test_04548,0.9999516585616003
test_04549,1.234913228914472e-06
test_04550,0.9960450998703914
test_04551,0.9999867781626255
test_04552,0.0023756164675033005
test_04553,0.0015473624006950998
test_04554,0.026535507197446996
test_04555,0.0026847407787008006
test_04556,0.24948844953674332
test_04557,0.0001556267028866001
test_04558,4.482793523569877e-06
test_04559,2.187567073112917e-06
test_04560,3.2952138907663555e-05
test_04561,2.0971889501571055e-06
test_04562,0.00014036637625899995
test_04563,0.9999920543879961
test_04564,1.4190919933652615e-06
test_04565,0.9996511744782373
test_04566,4.8251452524978665e-06
test_04567,0.9999312437085315
test_04568,0.039804644505054394
test_04569,0.9999675854132326
test_04570,5.381744925002612e-06
test_04571,1.0000000000000008e-06
test_04572,0.999999
test_04573,0.9997697056759203
test_04574,4.250364601794646e-05
test_04575,0.9999226292084921
test_04576,0.9999963779720785
test_04577,0.9994869576742773
test_04578,0.9999951508376657
test_04579,6.070644463358195e-05
test_04580,9.808266415722259e-06
test_04581,0.0018658880377078995
test_04582,1.0000000000000008e-06
test_04583,0.9998508364648258
test_04584,0.932117548450368
test_04585,0.9109314379647446
test_04586,8.696916056969888e-06
test_04587,0.9898364947608139
test_04588,0.9977815149556083
test_04589,0.9999922356264701
test_04590,0.999999
test_04591,0.9999134763216303
test_04592,5.593564661032835e-05
test_04593,0.9997640772079788
test_04594,0.0061273377986236005
test_04595,0.9983404251207058
test_04596,8.9365719378872e-05
test_04597,0.0002163401291354001
test_04598,1.79202344960967e-05
test_04599,0.9809654025841139
test_04600,0.00013383248606030004
test_04601,8.48125263473987e-05
test_04602,0.08925270582296489
test_04603,0.9999984628554139
test_04604,0.021194179026244094
test_04605,0.9999918888542357
test_04606,0.9937796171993237
test_04607,0.0033330700397476982
test_04608,0.00034952626683929986
test_04609,0.999769978128462
test_04610,1.3898441273123621e-06
test_04611,0.999999
test_04612,0.999999
test_04613,0.9995990280387211
test_04614,0.9999976939137242
test_04615,0.99990465010928
test_04616,0.999907262043812
test_04617,3.98282953655081e-05
test_04618,0.9999912330512326
test_04619,0.9881216159889891
test_04620,2.2322882914820286e-05
test_04621,0.9999940544359978
test_04622,0.9971047369208219
test_04623,0.9999635735616009
test_04624,0.9870642960376343
test_04625,0.9999462406088603
test_04626,6.9970054195319904e-06
test_04627,1.8447885021988815e-05
test_04628,0.9999097683896012
test_04629,0.997877720721635
test_04630,0.9994164923379065
test_04631,0.999999
test_04632,1.3873478949592431e-06
test_04633,0.00048229639257069997
test_04634,0.9999692225223542
test_04635,0.9999931305101804
test_04636,0.9998542550326395
test_04637,0.9999122139359029
test_04638,0.9913933730652942
test_04639,0.9999967048876492
test_04640,0.9999620977358031
test_04641,0.9999883797474282
test_04642,0.18003098783856497
test_04643,0.9767808619674854
test_04644,0.8974414094397113
test_04645,0.9999436342400634
test_04646,0.10833298574059744
test_04647,0.9999778835198346
test_04648,0.9601834187030662
test_04649,0.9984688633639883
test_04650,0.0003495430077882001
test_04651,0.9999699477805887
test_04652,4.16632578385288e-05
test_04653,0.9999747036129231
test_04654,1.197915509692411e-05
test_04655,0.30806517299533454
test_04656,1.0000000000000008e-06
test_04657,0.9999018731542325
test_04658,0.9999910294778807
test_04659,0.9998477536181213
test_04660,0.2480193247661115
test_04661,0.00016364994941160007
test_04662,0.0007392272635676002
test_04663,0.004664988266388498
test_04664,4.7112968450751544e-05
test_04665,0.9999958805675084
test_04666,1.1570633634423313e-06
test_04667,0.999951341437681
test_04668,8.345789283678902e-06
test_04669,0.9999068516178189
test_04670,0.999585480532935
test_04671,0.0011532988608036997
test_04672,0.0005932609304099999
test_04673,0.0006646677565220997
test_04674,9.238539029488173e-05
test_04675,0.004303960030149402
test_04676,0.0037342124977541007
test_04677,0.9999963139238534
test_04678,0.9893906674580623
test_04679,9.112707803847299e-05
test_04680,0.9990027633914942
test_04681,0.9998984008656346
test_04682,1.1793549561212136e-06
test_04683,0.00020777148405939997
test_04684,0.0026263916486832005
test_04685,0.9968009742287308
test_04686,0.9999986127906174
test_04687,0.9999299185221576
test_04688,0.4214297437851518
test_04689,0.9972142932596336
test_04690,0.9998600996229429
test_04691,9.722567735701005e-05
test_04692,1.0125667365020386e-06
test_04693,0.9999963592799058
test_04694,0.9987951856981899
test_04695,7.2504968497064655e-06
test_04696,0.9999530140650669
test_04697,2.997745121842446e-05
test_04698,2.5101181298337006e-05
test_04699,0.0003915345232197
test_04700,0.9999930546808188
test_04701,0.030919084106557502
test_04702,0.0139507267290732
test_04703,0.9999840775963733
test_04704,3.7743192206499964e-05
test_04705,0.005881796604129398
test_04706,2.125585975266204e-06
test_04707,0.9940453144667338
test_04708,8.09155390850733e-05
test_04709,0.0001356621802282
test_04710,0.9944972222296041
test_04711,0.9994135478421388
test_04712,0.9999792232070744
test_04713,0.9992947380554815
test_04714,5.427421456931427e-05
test_04715,0.9999892339289476
test_04716,1.0000000000000008e-06
test_04717,0.00040490187269520006
test_04718,0.00020772851880149993
test_04719,1.7020380102888237e-05
test_04720,0.9999132226950328
test_04721,0.9999302645323322
test_04722,0.9999970111979092
test_04723,0.9999757618739441
test_04724,0.999997360492903
test_04725,0.9940926337372192
test_04726,0.7582185547744559
test_04727,0.9999736823259855
test_04728,0.9998693813437094
test_04729,1.068200202280561e-05
test_04730,1.0000000000000008e-06
test_04731,1.526512154195178e-05
test_04732,0.9997231004967082
test_04733,0.003376064644964499
test_04734,0.999948180808322
test_04735,0.9999972538140887
test_04736,3.157585753537022e-05
test_04737,0.006998726327876902
test_04738,0.00019897437593760007
test_04739,7.59734807107378e-06
test_04740,0.9997400326183276
test_04741,0.9979158370594354
test_04742,0.9999943053722864
test_04743,0.9120261969159255
test_04744,0.999005669272813
test_04745,0.990902135763324
test_04746,1.1268077137205733e-05
test_04747,0.0007383523282368002
test_04748,0.021249824611929726
test_04749,0.9665287395131246
test_04750,0.9076437627791237
test_04751,0.9999896411559243
test_04752,2.0687889898771457e-05
test_04753,0.9999556375723557
test_04754,0.00043369026107719993
test_04755,0.0066376478683497974
test_04756,3.3782683349919197e-06
test_04757,0.00022807105400909997
test_04758,1.0000000000000008e-06
test_04759,0.999964826476164
test_04760,0.9999973493371529
test_04761,0.8643200873559027
test_04762,0.0006454517122533001
test_04763,0.07913114359684319
test_04764,0.9999924360560938
test_04765,0.999948781211039
test_04766,0.00010280645178679998
test_04767,0.9999985754215112
test_04768,0.0002874576256620001
test_04769,0.9999782782521607
test_04770,0.9999876766638773
test_04771,3.643522754880306e-06
test_04772,0.9657226835867134
test_04773,0.999999
test_04774,4.959903176425742e-06
test_04775,0.9973301059481305
test_04776,0.9999935946274462
test_04777,4.262814557594783e-05
test_04778,0.0017576253181613003
test_04779,0.9810677381731155
test_04780,0.9997333721211863
test_04781,0.006852514825365202
test_04782,8.194193036138926e-06
test_04783,0.9996254406895895
test_04784,5.202762406150039e-05
test_04785,0.9993047630947522
test_04786,7.423956150949919e-06
test_04787,0.9984041288158141
test_04788,0.0002231813452273001
test_04789,5.319477704755404e-06
test_04790,0.9999731354539393
test_04791,8.917201125712111e-06
test_04792,0.9993990042188756
test_04793,0.9999988396247181
test_04794,2.7794730367981255e-05
test_04795,8.194389060828382e-05
test_04796,0.0004709842318313
test_04797,0.9999963135972978
test_04798,0.9999742531110484
test_04799,3.5260242667076644e-05
test_04800,0.999999
test_04801,0.9408625104068158
test_04802,0.011554038298457402
test_04803,0.999999
test_04804,0.9997101040845185
test_04805,1.1787278962447491e-05
test_04806,0.9989885470507122
test_04807,0.0009664337480749001
test_04808,0.9517696316477328
test_04809,0.9999841757802101
test_04810,0.1163350491468436
test_04811,1.0000000000000008e-06
test_04812,0.9999840647320638
test_04813,0.9999917474327603
test_04814,2.072436321503086e-06
test_04815,0.9996543169581437
test_04816,0.9847094124236967
test_04817,1.0000000000000008e-06
test_04818,0.00022973086718379988
test_04819,4.5192110484494434e-05
test_04820,1.1721888061919902e-05
test_04821,0.999999
test_04822,0.9994907443856526
test_04823,0.999999
test_04824,1.670783796301557e-06
test_04825,0.020268656486125296
test_04826,0.9946286640109864
test_04827,3.934907567226615e-06
test_04828,0.9976290436027545
test_04829,0.9999986708572859
test_04830,3.3946346866868504e-05
test_04831,0.0016120351757558003
test_04832,0.9995937742706095
test_04833,0.0018411402238360003
test_04834,1.9199327655550655e-05
test_04835,0.999999
test_04836,0.00011814105292510006
test_04837,0.9525651657552473
test_04838,0.0003207405674772001
test_04839,2.0437823907847544e-05
test_04840,0.00012259652358669997
test_04841,0.0005009131432963999
test_04842,0.9970848294326972
test_04843,2.064209271971147e-05
test_04844,2.326944745195084e-06
test_04845,0.999999
test_04846,0.0034882093391213993
test_04847,0.9982073183944808
test_04848,0.941677980633572
test_04849,0.9952826049397525
test_04850,0.9999359303014457
test_04851,0.9998252832184319
test_04852,0.9999925404396617
test_04853,0.0024785192458212
test_04854,0.00019571074624600017
test_04855,0.999999
test_04856,0.0037331136874842992
test_04857,4.858294380623485e-05
test_04858,0.9997859071821241
test_04859,0.0010538482304682
test_04860,0.0011748603216060005
test_04861,0.9995499762247392
test_04862,7.653068285424571e-05
test_04863,0.027689071965103902
test_04864,0.9994543216421823
test_04865,7.25607582557668e-05
test_04866,6.590868787823745e-06
test_04867,8.088442373811775e-05
test_04868,3.03781255612087e-05
test_04869,0.07623042582888404
test_04870,0.9999968591867365
test_04871,0.9999988132456334
test_04872,0.9996627733687106
test_04873,0.9980876440950288
test_04874,3.897827377224543e-05
test_04875,0.9999957614981494
test_04876,1.0890918554841328e-05
test_04877,0.5320170103642401
test_04878,0.0006141314730860001
test_04879,0.9941842359499704
test_04880,5.987405132459944e-05
test_04881,1.1453521901726487e-05
test_04882,0.7850321976987892
test_04883,0.9999989990685878
test_04884,0.00028051987648380027
test_04885,1.2056731108521669e-05
test_04886,0.9999781033035671
test_04887,0.00021748310509010012
test_04888,8.728021819866247e-05
test_04889,0.9998718735005122
test_04890,0.0001172752487661999
test_04891,0.9979905824917518
test_04892,0.020526081853815204
test_04893,0.8458028268359044
test_04894,2.416081614287719e-06
test_04895,1.0000000000000008e-06
test_04896,2.4997692356245717e-06
test_04897,0.0002054517385235999
test_04898,0.0003689169906743001
test_04899,3.390078194633536e-05
test_04900,0.999995368911129
test_04901,0.9990593739518774
test_04902,1.29773019882545e-06
test_04903,0.9999904331398879
test_04904,0.999959723631813
test_04905,0.0025344345801800003
test_04906,0.9999968027619554
test_04907,0.9969980686977319
test_04908,0.0664156012009922
test_04909,0.9996067989490673
test_04910,0.9999705980347285
test_04911,0.999690910419937
test_04912,0.999916719138594
test_04913,0.9999570422072913
test_04914,1.7190843043353033e-05
test_04915,0.999963088895353
test_04916,7.304339392501089e-06
test_04917,0.9999111572420172
test_04918,0.9997775919109942
test_04919,0.04014289242844169
test_04920,0.3649255782142924
test_04921,0.999999
test_04922,1.761693808734779e-06
test_04923,0.0005058080600673
test_04924,0.0004670172971552999
test_04925,0.9999765826378512
test_04926,0.9999989447815588
test_04927,1.0000000000000008e-06
test_04928,2.3184596157234183e-06
test_04929,0.9999912208980614
test_04930,0.0010748784035022002
test_04931,0.9998672361465462
test_04932,0.9999779726546861
test_04933,0.9999935252267831
test_04934,0.05532749362107801
test_04935,2.688353151255957e-06
test_04936,0.9999965985028768
test_04937,2.72585194385494e-06
test_04938,3.0414194875176214e-05
test_04939,0.9999724667872558
test_04940,0.9999882514751993
test_04941,0.9999805525867613
test_04942,0.029177737068494802
test_04943,0.9999935243920792
test_04944,0.9983591863134097
test_04945,8.356696894003153e-06
test_04946,1.0000000000000008e-06
test_04947,0.9996674125897804
test_04948,0.999999
test_04949,0.999967017408048
test_04950,8.859951760234985e-05
test_04951,0.003568526405839301
test_04952,0.9999123668713787
test_04953,3.731979002246893e-05
test_04954,0.9992344120598267
test_04955,0.9999757173500281
test_04956,0.9999988828005175
test_04957,0.9998913438844743
test_04958,1.15671315533499e-05
test_04959,1.2737617016340487e-05
test_04960,0.9968902496610491
test_04961,0.0040009876997426
test_04962,0.9999792794829606
test_04963,1.0000000000000008e-06
test_04964,0.09723674368876246
test_04965,0.9999971203538326
test_04966,0.999999
test_04967,0.688286892483564
test_04968,0.004453720733373602
test_04969,0.9964507215992073
test_04970,0.999999
test_04971,0.999996634401381
test_04972,1.0000000000000008e-06
test_04973,0.9999451979308346
test_04974,0.9999811627383174
test_04975,7.937206570937999e-05
test_04976,0.00010070072567600005
test_04977,1.811165320495818e-06
test_04978,0.0011856011033555
test_04979,0.00011449420280129991
test_04980,0.9999802877294529
test_04981,0.9999957032673766
test_04982,0.9999979218102951
test_04983,3.7779583550357076e-05
test_04984,0.17436326174984884
test_04985,0.9925142418798903
test_04986,0.0017687014206942007
test_04987,0.9999988586507323
test_04988,1.4850979587898993e-06
test_04989,1.3915797020303435e-06
test_04990,0.999999
test_04991,2.5353103133031686e-05
test_04992,4.753266915845837e-06
test_04993,0.999999
test_04994,3.782412880664224e-06
test_04995,0.9993172932627319
test_04996,0.6412575305249401
test_04997,7.374557964507914e-06
test_04998,0.00013242312963100003
test_04999,8.582870022978535e-06
test_05000,0.9999907948452013
test_05001,0.9999860265788642
test_05002,0.012765002359320895
test_05003,0.9995820179007205
test_05004,0.002123145164414799
test_05005,0.9999739241315623
test_05006,5.687488690320314e-06
test_05007,0.8397342341174304
test_05008,0.9999929541680639
test_05009,0.996750062275986
test_05010,4.6286303946963684e-05
test_05011,0.34698498898416974
test_05012,0.9999958415272242
test_05013,0.9999579896520241
test_05014,0.9999603476626173
test_05015,0.999999
test_05016,0.11325442801526392
test_05017,0.9999958914835151
test_05018,0.007617922241078601
test_05019,0.0002633023087484001
test_05020,0.9999895434397903
test_05021,0.0514106978097966
test_05022,0.9999947297107953
test_05023,0.9998315869255404
test_05024,0.9970618143642561
test_05025,0.00042293369878869977
test_05026,0.9998037223237843
test_05027,0.9172675599370606
test_05028,0.9999906081839047
test_05029,0.9999753177366291
test_05030,0.9999112387755538
test_05031,0.0006823469373233998
test_05032,0.9999938775976542
test_05033,0.9999902029060274
test_05034,0.1001162144338711
test_05035,0.0133425048495683
test_05036,0.9993411304206768
test_05037,0.9999894294406049
test_05038,1.6021931246066857e-05
test_05039,0.9999688516636033
test_05040,0.12300065276552738
test_05041,0.9999578773794963
test_05042,0.9996761710060017
test_05043,0.9999274647044281
test_05044,0.9935169448533185
test_05045,0.9991613483861714
test_05046,6.993452535378559e-06
test_05047,0.9999981511926307
test_05048,0.0002455835254169999
test_05049,0.999999
test_05050,0.0666761594678526
test_05051,0.04783678454933369
test_05052,0.9928784954260881
test_05053,0.9999969761329675
test_05054,3.301439906202223e-06
test_05055,6.684167439538001e-05
test_05056,0.9977293495192672
test_05057,0.9999933555053331
test_05058,0.9995793714307066
test_05059,2.952650023063701e-06
test_05060,0.9999274506588007
test_05061,0.999999
test_05062,0.00025503873067899986
test_05063,0.9999958288164857
test_05064,0.9994906937134724
test_05065,1.740163014584703e-05
test_05066,0.003821612552178
test_05067,0.999993997490688
test_05068,0.9999145005309952
test_05069,0.999414332244124
test_05070,0.9021714497621415
test_05071,0.0032693590222193005
test_05072,0.09067159444027043
test_05073,0.00011434207772230004
test_05074,0.0030456044112689997
test_05075,0.999994163069225
test_05076,0.9998794889234954
test_05077,1.0000000000000008e-06
test_05078,0.9997927049150664
test_05079,0.00010792872861900007
test_05080,0.999999
test_05081,6.909682818480053e-06
test_05082,1.210429713617636e-05
test_05083,0.9950509749868193
test_05084,0.9987889742840927
test_05085,0.999999
test_05086,0.9936703092433328
test_05087,0.3934905618436618
test_05088,0.9999409347105934
test_05089,0.006523729547709098
test_05090,0.0071816490298936995
test_05091,0.9999927119423129
test_05092,2.465479147533605e-05
test_05093,2.2871300481663084e-06
test_05094,0.32236907300185613
test_05095,0.9998348662525699
test_05096,0.00020082112742200001
test_05097,0.9999966905502918
test_05098,1.57254010669535e-05
test_05099,0.9999939325755112
test_05100,2.83711390720177e-05
test_05101,0.0024607469688021
test_05102,9.155245816700053e-06
test_05103,0.9999377155636837
test_05104,1.6736377557231385e-06
test_05105,0.9967791850401267
test_05106,0.9916828006872082
test_05107,1.5186284031169776e-05
test_05108,0.0035794873849902
test_05109,1.7111633928917552e-06
test_05110,0.9995426449550004
test_05111,0.9994958599904266
test_05112,0.9916422953483967
test_05113,0.0783333993323877
test_05114,0.060187028017807995
test_05115,2.881790453041309e-05
test_05116,0.0003728177259541
test_05117,0.9946390490844682
test_05118,7.264376069962694e-05
test_05119,0.999979530744492
test_05120,0.9999854297511264
test_05121,2.9575527683960096e-05
test_05122,0.013282928083890004
test_05123,0.022484261785966995
test_05124,0.00013382568505480015
test_05125,0.993969110617546
test_05126,0.9987589723369618
test_05127,0.9999434631158614
test_05128,0.05915609189704231
test_05129,0.9079739442746962
test_05130,6.123613687596864e-05
test_05131,0.0003590926460344001
test_05132,0.0010580965126332999
test_05133,0.0002823987324558003
test_05134,0.7553286132353708
test_05135,0.0005472368350241
test_05136,0.09337295587573433
test_05137,0.9999913603417658
test_05138,0.9963960128615167
test_05139,0.9981008560239177
test_05140,0.9997951117051017
test_05141,0.1249671096593158
test_05142,0.9981045884118557
test_05143,0.9627273377764864
test_05144,0.8895614842296002
test_05145,0.999999
test_05146,0.999999
test_05147,0.9039040253349168
test_05148,0.007856552798232198
test_05149,0.0014769282527487997
test_05150,0.00023982557526980015
test_05151,0.9998913102782286
test_05152,0.999996754534829
test_05153,0.03174538613454
test_05154,0.0006520455031788001
test_05155,0.33881810430840514
test_05156,0.9998946801314195
test_05157,0.0008696510321316003
test_05158,0.9995768851257594
test_05159,5.754590894539356e-05
test_05160,0.8779027124852802
test_05161,0.9622143793648215
test_05162,9.973464060056359e-06
test_05163,2.2066146105718138e-06
test_05164,0.0034292274967509004
test_05165,7.006589746897198e-06
test_05166,0.9999733378387818
test_05167,0.8536905465847713
test_05168,0.9997544513328198
test_05169,0.9989070353064002
test_05170,1.0000000000000008e-06
test_05171,0.999995032278617
test_05172,0.9999453796220926
test_05173,0.0007575432436645998
test_05174,0.9979270475733462
test_05175,0.00019063271691339997
test_05176,8.313974989288277e-05
test_05177,0.9999656267082261
test_05178,0.9957793636472713
test_05179,6.179938015540987e-06
test_05180,3.1129498955605104e-05
test_05181,0.0002498689851463001
test_05182,0.0001237303417601
test_05183,0.00046333168009990005
test_05184,0.9999824647317715
test_05185,0.999999
test_05186,0.9998867310243176
test_05187,0.9999943413122697
test_05188,0.9999899870972652
test_05189,0.06161448138192481
test_05190,0.9999791103569886
test_05191,0.9996953772269435
test_05192,2.378988868966449e-05
test_05193,1.764140901528329e-05
test_05194,0.9925860147117446
test_05195,0.016548522525633907
test_05196,0.0003785932912229
test_05197,8.441936849559255e-05
test_05198,0.9999799091168803
test_05199,0.9994184558871825
test_05200,0.9999972241127826
test_05201,0.9999966457835314
test_05202,0.9989686864104328
test_05203,0.9997173492007457
test_05204,2.2244508831666434e-06
test_05205,0.0012531533488993002
test_05206,0.999991966627023
test_05207,1.4257342320846805e-05
test_05208,0.999295131160299
test_05209,0.0015825348925367004
test_05210,0.9999862066429113
test_05211,0.9947879345827245
test_05212,0.9999987743502864
test_05213,1.2224229775597756e-05
test_05214,0.0008099302268313002
test_05215,0.9995994472745576
test_05216,0.9990186456001487
test_05217,0.9998446235892191
test_05218,0.9999986365698217
test_05219,0.29708252539073127
test_05220,0.9999973238027411
test_05221,1.65403499254052e-05
test_05222,0.0012220656956290997
test_05223,0.9999986816542336
test_05224,0.00022616163986099996
test_05225,0.9997893201859924
test_05226,3.338389936316254e-05
test_05227,0.9999961074278761
test_05228,0.8866211012591035
test_05229,0.009157790994807399
test_05230,0.005302028907751802
test_05231,0.0003284321396667998
test_05232,1.9205340992397218e-05
test_05233,0.8394902149457755
test_05234,2.7913705760313508e-05
test_05235,0.9996751272307866
test_05236,0.8735245227458366
test_05237,0.9996346757628184
test_05238,3.909364316831294e-06
test_05239,0.9999371884321141
test_05240,0.9995959517017888
test_05241,0.0011811824083605002
test_05242,0.9890200262853727
test_05243,0.999999
test_05244,0.060001950895504405
test_05245,3.036383361890395e-05
test_05246,0.0103293917736291
test_05247,2.532247457337837e-05
test_05248,0.00016896790457350005
test_05249,0.4351078483254146
test_05250,0.9421081374766063
test_05251,0.9999967097142655
test_05252,2.027964960357405e-05
test_05253,3.907494461761095e-05
test_05254,0.999486290218267
test_05255,0.9897813259883437
test_05256,4.102231885070802e-05
test_05257,0.9859763225486528
test_05258,0.0008772375274034997
test_05259,2.3184710258813955e-06
test_05260,0.998338154150124
test_05261,0.9999975065521458
test_05262,0.9995117537624882
test_05263,0.9999638721491004
test_05264,0.9880947346671886
test_05265,9.686423569898362e-06
test_05266,0.9999940706959204
test_05267,0.9999923456626241
test_05268,0.9977343575188528
test_05269,0.997469456255452
test_05270,0.998475291062521
test_05271,0.9949548552913696
test_05272,0.9999755542780941
test_05273,6.53327561740006e-06
test_05274,0.0002411429353634
test_05275,0.010079689871243002
test_05276,0.9989577657353494
test_05277,0.0101398976543115
test_05278,0.9912889305555513
test_05279,2.6570218960651224e-06
test_05280,0.003646404066217299
test_05281,0.9999935213743645
test_05282,0.0006533591891470996
test_05283,0.9999818532611293
test_05284,0.9835912353514878
test_05285,0.00010571152968670004
test_05286,0.9999713337602021
test_05287,4.213730159113196e-06
test_05288,0.9991175335571437
test_05289,0.9998828566126805
test_05290,0.9949993983250867
test_05291,1.484060375069862e-06
test_05292,0.999999
test_05293,2.1545543070766425e-06
test_05294,0.9942171274401228
test_05295,0.9999849543715448
test_05296,0.0011426597495135004
test_05297,2.465891469065251e-05
test_05298,0.9999914527056653
test_05299,0.9998655315995534
test_05300,0.002326833042566901
test_05301,3.844315628968888e-06
test_05302,1.7328092551618802e-06
test_05303,0.999994014958351
test_05304,0.00023744814425000012
test_05305,0.9999965060272981
test_05306,0.10075573994443948
test_05307,0.9994111775508108
test_05308,0.9999988520123775
test_05309,6.632365767905179e-06
test_05310,4.07652714851184e-05
test_05311,0.999937982065329
test_05312,0.9999941800331662
test_05313,0.9999925894241465
test_05314,0.9796842466531352
test_05315,2.745947570898899e-05
test_05316,0.999914238848358
test_05317,0.9999953413136172
test_05318,0.0013509042777969
test_05319,0.9997934628992409
test_05320,0.9999790323526336
test_05321,0.999999
test_05322,0.07390680532535508
test_05323,0.998256323703177
test_05324,0.9999974135931164
test_05325,0.9999855863106922
test_05326,0.9999972412798062
test_05327,0.9995254422025605
test_05328,5.173089968199782e-05
test_05329,0.9999968626561487
test_05330,1.0000000000000008e-06
test_05331,6.776547939288231e-06
test_05332,4.632646479994018e-05
test_05333,0.24551506382127763
test_05334,0.0009784506007940999
test_05335,0.0012030079734542997
test_05336,0.9997471201600777
test_05337,0.9999442659938717
test_05338,0.9999923825889803
test_05339,3.0140334130878973e-06
test_05340,0.9999938924833534
test_05341,0.0119119658220865
test_05342,0.00039179049920980006
test_05343,0.9381612518181655
test_05344,6.627063226720137e-06
test_05345,9.487027515206132e-05
test_05346,0.9974649472164155
test_05347,0.11253129869567742
test_05348,0.9962599877481796
test_05349,0.06359554440546522
test_05350,0.011447126102662904
test_05351,0.9999972259564957
test_05352,3.565465369972646e-05
test_05353,2.682607762587065e-05
test_05354,4.263655857647852e-05
test_05355,3.3320649678964576e-05
test_05356,0.00048726699335759993
test_05357,0.9916706364516219
test_05358,0.0002884644359511001
test_05359,1.1213729449965009e-06
test_05360,3.250655503941369e-06
test_05361,0.9985563212268832
test_05362,0.9981612322528131
test_05363,2.2872344223912318e-05
test_05364,0.9999026532300731
test_05365,0.0030465235138514013
test_05366,0.013686185246276997
test_05367,5.402049664512265e-06
test_05368,0.15910200839056965
test_05369,2.8727039991804557e-05
test_05370,0.9999984764974186
test_05371,4.3496199203256956e-05
test_05372,0.9094346349902608
test_05373,0.9996467596742066
test_05374,0.0023203923136716005
test_05375,1.0000000000000008e-06
test_05376,0.0028489268515036015
test_05377,0.9975766160343849
test_05378,0.9999805106041539
test_05379,0.9999825835669426
test_05380,8.341657339253434e-05
test_05381,0.9998994799966516
test_05382,0.9205176837651327
test_05383,0.9998140715535512
test_05384,0.04304436910422669
test_05385,0.9993167282696456
test_05386,0.12391598469657707
test_05387,0.9999946654432041
test_05388,0.9999816104182383
test_05389,7.472223390283488e-05
test_05390,0.9999309183254428
test_05391,0.9999984984842579
test_05392,0.9000238438153706
test_05393,0.9999431807666728
test_05394,0.9999555932774384
test_05395,0.9999891839294663
test_05396,0.0023811038122182994
test_05397,1.5499181980822655e-05
test_05398,0.9998967011166893
test_05399,0.9996379253846068
test_05400,0.7620209471121706
test_05401,0.13644886920058366
test_05402,0.9995553775316582
test_05403,0.9994478470245097
test_05404,0.9991683016549534
test_05405,0.00017940110064980006
test_05406,0.9998939019729166
test_05407,0.8809214572082011
test_05408,0.9997544991209883
test_05409,1.9399303833651763e-06
test_05410,0.999936752990603
test_05411,0.9999915510678571
test_05412,0.9999946097579909
test_05413,1.3540946708668889e-05
test_05414,2.871645639944111e-06
test_05415,0.008144186361538398
test_05416,0.9766274480586131
test_05417,8.037018777067361e-05
test_05418,0.9999949265305915
test_05419,0.9999977852860782
test_05420,0.0004050880998537
test_05421,0.97161227438834
test_05422,0.9994815365078503
test_05423,0.007074914527842103
test_05424,9.118760490870479e-06
test_05425,0.09634795881557018
test_05426,1.1036378566778308e-05
test_05427,1.0000000000000008e-06
test_05428,0.9999753568544214
test_05429,0.9999293913262189
test_05430,0.9999478271743382
test_05431,0.007401058159059998
test_05432,0.9999988836624966
test_05433,0.9999681442402597
test_05434,0.999982558403268
test_05435,0.999997696723663
test_05436,1.574842497180786e-05
test_05437,0.9992717095909626
test_05438,0.024807983561288403
test_05439,7.978918464563135e-06
test_05440,5.955453233915268e-06
test_05441,0.999999
test_05442,0.999897592739741
test_05443,9.379100606006481e-06
test_05444,0.999999
test_05445,0.0016848403288263999
test_05446,0.0006765072760237998
test_05447,0.998599914862208
test_05448,0.9999481749121691
test_05449,2.5659386340038187e-05
test_05450,0.9996878730509937
test_05451,0.0419830906930035
test_05452,0.9999954191984033
test_05453,0.999999
test_05454,0.0010968699600268003
test_05455,1.0008789721791948e-05
test_05456,1.0000000000000008e-06
test_05457,1.704597737766684e-06
test_05458,0.00038404293635760004
test_05459,3.469792323778191e-06
test_05460,0.9997216278206653
test_05461,0.0003003378667825001
test_05462,0.9999927155024172
test_05463,0.999999
test_05464,0.999999
test_05465,0.0030851617009262
test_05466,0.9998540644138043
test_05467,4.395904617658692e-05
test_05468,0.9986141149217854
test_05469,0.9997049631237709
test_05470,8.58689429794468e-06
test_05471,0.0016812460532358998
test_05472,0.9664516178212581
test_05473,0.14727633377450977
test_05474,4.791346766075752e-06
test_05475,5.396033016498351e-05
test_05476,1.0539296060058608e-06
test_05477,0.2809525310135728
test_05478,0.26475279015621317
test_05479,0.9966885101075909
test_05480,6.872284436709462e-06
test_05481,0.999960178869361
test_05482,2.66629700200702e-05
test_05483,0.9999279334606932
test_05484,0.00024846374690550016
test_05485,2.9143069113968907e-05
test_05486,0.965240617142761
test_05487,0.403360052877841
test_05488,0.9999988145641087
test_05489,0.006749451845263502
test_05490,0.0005128270675071998
test_05491,0.9008052320686509
test_05492,3.155351043808133e-05
test_05493,0.0003332023356279002
test_05494,0.999997491221945
test_05495,0.9999967611329206
test_05496,0.9970822803534171
test_05497,2.257591496141408e-05
test_05498,2.6931850960674755e-05
test_05499,0.0002573910526797998
test_05500,0.9999236588420468
test_05501,0.9999914919919559
test_05502,1.0000000000000008e-06
test_05503,2.5370039542757082e-05
test_05504,0.9999909221480522
test_05505,0.9595940752995751
test_05506,7.606629899445211e-05
test_05507,2.6397372130144823e-06
test_05508,0.999999
test_05509,2.9863522119147595e-06
test_05510,0.999999
test_05511,0.9999964120220947
test_05512,0.0010982792631495997
test_05513,0.0007643222420151997
test_05514,0.00024831605598129984
test_05515,4.6927764579929045e-06
test_05516,9.442542069340261e-06
test_05517,6.659873270801313e-06
test_05518,3.8333662668108916e-06
test_05519,0.4778610356144006
test_05520,0.976585581563952
test_05521,0.9999763841084698
test_05522,4.0390733721349615e-06
test_05523,0.9997518457006198
test_05524,0.9998376439301592
test_05525,2.696380295631344e-06
test_05526,0.0006216655354059999
test_05527,0.9998705950322231
test_05528,3.318057435781316e-06
test_05529,0.9999649052569383
test_05530,6.644373923442695e-05
test_05531,5.048124555677591e-06
test_05532,0.9999305644020817
test_05533,0.9999092148363582
test_05534,0.9999829594269168
test_05535,0.9999897305238346
test_05536,0.9983240214136498
test_05537,0.999999
test_05538,0.0050264103815945
test_05539,0.9999962610538836
test_05540,0.9553115881531858
test_05541,0.012445202614800194
test_05542,0.55418845937769
test_05543,1.0000000000000008e-06
test_05544,0.9999966889703893
test_05545,0.00037920905277319996
test_05546,0.00024138618296910014
test_05547,5.369810695365029e-06
test_05548,0.9999450506330293
test_05549,0.5131212808344285
test_05550,6.501209444415895e-06
test_05551,0.997773977877498
test_05552,0.0154221716323455
test_05553,0.9999907859157351
test_05554,0.9996010801843928
test_05555,0.999998732131956
test_05556,0.9999977405254157
test_05557,0.9994682280127893
test_05558,0.0005639361872666
test_05559,2.6672993677378875e-06
test_05560,0.9998598093474573
test_05561,7.028718337283248e-05
test_05562,0.999988889330546
test_05563,0.8802075888983071
test_05564,0.9996298505417288
test_05565,0.9996732166414563
test_05566,0.00011727885526510002
test_05567,0.9999978416253376
test_05568,0.9999982481751115
test_05569,0.894043937115346
test_05570,3.988490529043297e-06
test_05571,0.9999981023313351
test_05572,0.9993037903420882
test_05573,0.999999
test_05574,0.008170032041285401
test_05575,0.9994974698143265
test_05576,0.006908839109953899
test_05577,0.9997570444446231
test_05578,0.9997662461774336
test_05579,1.9199362493309562e-06
test_05580,0.0011264763043008
test_05581,0.0001345906514458001
test_05582,0.9999818307436881
test_05583,2.06914367622973e-05
test_05584,0.9999817255731106
test_05585,4.6588066603634725e-05
test_05586,0.0859079033118659
test_05587,2.9431109393071753e-05
test_05588,0.9999808214829496
test_05589,1.0000000000000008e-06
test_05590,0.9996554585034813
test_05591,0.0009018656479092001
test_05592,0.002771900056364899
test_05593,0.999991162777946
test_05594,0.996495137775193
test_05595,0.9999977055711524
test_05596,0.9996056483913056
test_05597,2.865029065047897e-05
test_05598,0.9964490996659584
test_05599,0.007019676801128298
test_05600,0.9999987545078006
test_05601,0.9999959075090796
test_05602,0.028699026358807795
test_05603,0.9963859873569216
test_05604,0.9999937665986653
test_05605,0.993539945326405
test_05606,1.0000000000000008e-06
test_05607,0.025956627611195698
test_05608,3.496066898467572e-05
test_05609,5.7111338497508366e-05
test_05610,0.9999946216781396
test_05611,0.0001557620538959001
test_05612,0.9999116273103117
test_05613,0.00021515086494460005
test_05614,0.038026942433100494
test_05615,0.9999701697357907
test_05616,6.356745891103538e-05
test_05617,1.832363153137477e-05
test_05618,3.788105932671357e-06
test_05619,5.5438504895059565e-05
test_05620,0.009469593674612697
test_05621,0.03281314213180331
test_05622,0.9999481303533589
test_05623,1.3156275597552708e-05
test_05624,0.9983607737202269
test_05625,0.00010819165107689999
test_05626,0.9999888311620532
test_05627,1.0995896023594662e-06
test_05628,0.6715550963664119
test_05629,0.0004500163683949001
test_05630,4.402552209840609e-06
test_05631,2.224651745759033e-06
test_05632,0.9999966654607181
test_05633,0.9999963946954913
test_05634,0.9999977697302685
test_05635,8.838166215194011e-05
test_05636,0.9999454394682389
test_05637,0.9999244376068547
test_05638,0.0730368313523364
test_05639,0.9998120264962879
test_05640,0.9999970007378455
test_05641,0.0003496370815817999
test_05642,0.9999907928008114
test_05643,0.23418522465621314
test_05644,0.013286164768452208
test_05645,0.9999269162155627
test_05646,0.07086139558325762
test_05647,0.00042627131139310004
test_05648,1.863566236554065e-05
test_05649,0.00025286306110060004
test_05650,0.9999988666971081
test_05651,0.0011860767669458004
test_05652,0.9944833200011938
test_05653,0.00019192169640140001
test_05654,0.981481408950437
test_05655,0.9999928758609532
test_05656,0.05509960543933131
test_05657,0.00016277918781329993
test_05658,1.0141649219920584e-05
test_05659,0.9999953814437399
test_05660,0.9999961864968756
test_05661,0.00010241494608159993
test_05662,0.9999969676768227
test_05663,0.9995449838968695
test_05664,0.9999714798862233
test_05665,0.00012774665971400001
test_05666,2.091814287266267e-06
test_05667,7.268353713157249e-05
test_05668,0.0013052316366857003
test_05669,0.9999910775691175
test_05670,0.34104997102081813
test_05671,0.7969194848302568
test_05672,0.9999331792484254
test_05673,5.942687139205048e-05
test_05674,0.0020948801756014005
test_05675,0.9431377591710338
test_05676,1.5126997727219933e-06
test_05677,2.4782816644814798e-05
test_05678,1.2352081486541474e-06
test_05679,0.9999617914034578
test_05680,1.0000000000000008e-06
test_05681,3.433830366850042e-06
test_05682,0.9999458366411401
test_05683,0.003051380220560201
test_05684,0.0003465688025150001
test_05685,0.03444423712541031
test_05686,0.9995776495169615
test_05687,4.657445491532055e-05
test_05688,0.26876971042419306
test_05689,0.9999741126236287
test_05690,7.14810447074991e-05
test_05691,0.9999506328752459
test_05692,0.9714310198631386
test_05693,0.9999522911911723
test_05694,0.9487507637944028
test_05695,1.0000000000000008e-06
test_05696,0.9999906505798488
test_05697,0.9279360147637262
test_05698,8.819722123613925e-06
test_05699,0.9728103376594514
test_05700,0.9999876189924758
test_05701,0.9999805255202175
test_05702,0.014331439077434095
test_05703,0.999999
test_05704,0.999999
test_05705,0.005203615770397998
test_05706,0.0013424622420447003
test_05707,0.9998562008176255
test_05708,9.962409848844375e-05
test_05709,0.1067671387729329
test_05710,0.9999484745588406
test_05711,0.0010648676665307004
test_05712,0.9997278098143078
test_05713,0.005393177599979899
test_05714,0.9999911516217082
test_05715,0.0744393560303284
test_05716,0.9999969193520748
test_05717,0.9898720612495533
test_05718,0.9999903989373159
test_05719,1.3982072268560405e-06
test_05720,1.400271396278922e-06
test_05721,0.9999985175441098
test_05722,0.9995521701379024
test_05723,1.0457810186772707e-05
test_05724,0.9999956465055667
test_05725,0.0003238645114185002
test_05726,1.01154493908194e-06
test_05727,0.9999712432633746
test_05728,0.9999646701177133
test_05729,5.074771641238686e-05
test_05730,0.999998972101417
test_05731,0.9999965294113806
test_05732,7.71086047829143e-06
test_05733,0.999882048970637
test_05734,0.9440874715611874
test_05735,8.086068646690069e-05
test_05736,0.00024189381758819994
test_05737,2.0383434207102875e-06
test_05738,0.016367317431697503
test_05739,0.0156321348906478
test_05740,0.9139889667342836
test_05741,0.0008034680971678
test_05742,0.00024426167812739995
test_05743,0.00010383789758280007
test_05744,0.028889337766983506
test_05745,0.03437893441732779
test_05746,0.00014179656606469997
test_05747,0.8229781017345222
test_05748,8.068895523487774e-05
test_05749,0.9999941759305062
test_05750,0.0002478034832047999
test_05751,4.0295549471138206e-06
test_05752,1.1029707128917017e-05
test_05753,6.486518950603882e-06
test_05754,0.9999788863847537
test_05755,0.9999611527069223
test_05756,0.6335438757483182
test_05757,0.8507386154892023
test_05758,0.013427256385591797
test_05759,0.020759712702572403
test_05760,0.9999533062683766
test_05761,0.8629984009028898
test_05762,0.00043146448563540006
test_05763,0.9999782283040812
test_05764,0.9999419104027324
test_05765,0.9999944695685928
test_05766,0.0012343698971486001
test_05767,0.008006161711254397
test_05768,5.162824450988751e-05
test_05769,0.010967827108290402
test_05770,0.9999837366066421
test_05771,0.9054708014781229
test_05772,0.9017360128734473
test_05773,0.9999654993513016
test_05774,0.9946989226542944
test_05775,0.9269628690774472
test_05776,1.7461258807762667e-05
test_05777,0.9997243872481403
test_05778,0.9995379376985736
test_05779,0.0319249385689538
test_05780,0.8441662102730543
test_05781,0.9917999235006694
test_05782,0.999978443648615
test_05783,0.9999635231892545
test_05784,0.9998354745009325
test_05785,0.999912761263215
test_05786,0.9979061820499935
test_05787,0.059587042324280595
test_05788,0.9899859930878964
test_05789,0.9947299500894835
test_05790,0.9882915539898419
test_05791,2.4233670833908303e-05
test_05792,0.009210489058091097
test_05793,0.9999968260970544
test_05794,0.9987177805097502
test_05795,0.9991839050194737
test_05796,0.999994681912972
test_05797,0.9999676990065404
test_05798,0.9999667941112843
test_05799,0.9999753150866305
test_05800,0.9999733517976755
test_05801,0.013109436369183896
test_05802,9.93587595693186e-06
test_05803,0.9997799089385756
test_05804,0.99997475177335
test_05805,0.9999774369613822
test_05806,0.00012702728527130006
test_05807,1.3755997554175846e-05
test_05808,0.8999338082404202
test_05809,0.05830496761850785
test_05810,0.9999915794425476
test_05811,0.00014215680396110006
test_05812,0.9999792201641586
test_05813,0.9999949862686985
test_05814,0.9999892188882568
test_05815,0.9663035801167262
test_05816,4.7417172640140885e-06
test_05817,0.9990590818518715
test_05818,0.9999955913501479
test_05819,0.9998566892032098
test_05820,5.590180156876293e-06
test_05821,0.9985726814487833
test_05822,0.0002444140242445998
test_05823,0.041831667131471385
test_05824,1.1992809370016712e-05
test_05825,2.6827358043547e-05
test_05826,0.993970613927787
test_05827,1.8089630036319857e-05
test_05828,0.004794712500703402
test_05829,0.0007661631658220998
test_05830,7.73056142999935e-06
test_05831,1.3487761819289906e-06
test_05832,0.9949260001133013
test_05833,0.24107198557550333
test_05834,0.0005257596285626998
test_05835,0.9999933725226529
test_05836,0.9999648117430358
test_05837,2.5107717471434676e-05
test_05838,4.00641697021873e-06
test_05839,0.9999629626068374
test_05840,0.9999967431268542
test_05841,0.0003039999255404
test_05842,1.2364102242798328e-05
test_05843,0.9973806275438629
test_05844,0.002752563642391001
test_05845,1.8759960064081343e-05
test_05846,0.8969595460288172
test_05847,0.9999219081176474
test_05848,0.0011106229564977
test_05849,1.1670499348569133e-06
test_05850,0.0007434749565671003
test_05851,0.054699361864363
test_05852,0.9999066328307379
test_05853,0.9853032706932913
test_05854,0.18907420052983956
test_05855,0.9998940359336832
test_05856,0.9999897445538808
test_05857,0.9999820320620125
test_05858,0.0007814044054237003
test_05859,0.0011652496414382998
test_05860,4.573525400376225e-05
test_05861,3.907901873506434e-06
test_05862,0.0044609342277553985
test_05863,3.0897496003484844e-06
test_05864,0.0041085677113778
test_05865,1.3593522398099825e-05
test_05866,0.9408650312293718
test_05867,0.9999425749332825
test_05868,0.9717538587857281
test_05869,0.9999972498600103
test_05870,0.00040145350357590013
test_05871,0.9999861363447027
test_05872,0.9999871644963721
test_05873,0.0001532945219466999
test_05874,0.0005304095492700002
test_05875,0.00010142077231270008
test_05876,1.4310720906935193e-05
test_05877,0.9999277398615092
test_05878,0.999999
test_05879,0.9999321395831658
test_05880,0.9999876937767095
test_05881,0.9999974493623928
test_05882,0.9997189789747376
test_05883,0.999999
test_05884,0.999944600237632
test_05885,0.0008565559283788002
test_05886,0.0009680955086263999
test_05887,0.0006287695949154
test_05888,1.0000000000000008e-06
test_05889,3.370208415030378e-05
test_05890,1.3955507500533911e-06
test_05891,1.7142222905814032e-05
test_05892,0.9999809495018999
test_05893,2.6035059449679813e-06
test_05894,0.9956121276476565
test_05895,1.0000000000000008e-06
test_05896,0.9999613058930783
test_05897,0.99501534753376
test_05898,1.628005529577229e-06
test_05899,0.999987999754066
test_05900,0.9997823265801922
test_05901,0.9992350994794325
test_05902,0.9999840762336721
test_05903,0.0024543885723698014
test_05904,0.0008791746207460004
test_05905,0.016240076683404395
test_05906,0.005587099776883201
test_05907,0.04033096673441751
test_05908,1.7808076875706457e-05
test_05909,0.007190795527953403
test_05910,0.9999981042438714
test_05911,4.305903129834939e-05
test_05912,5.604981470492899e-05
test_05913,3.9634470037254473e-05
test_05914,2.44608829211961e-05
test_05915,0.9761518862066424
test_05916,6.979861244832545e-05
test_05917,0.00017900956513870002
test_05918,0.084332321556057
test_05919,0.9996660565214995
test_05920,0.0032056407587425003
test_05921,0.9999868669165431
test_05922,0.999996522743482
test_05923,0.9999970773197662
test_05924,1.1298513416070064e-05
test_05925,3.6138871066512305e-06
test_05926,0.0006735415812875999
test_05927,0.0014303711283133005
test_05928,0.999999
test_05929,1.9800148468295977e-05
test_05930,1.3887609964334891e-05
test_05931,0.9999621056677368
test_05932,2.082334990771499e-05
test_05933,0.00012999538750770002
test_05934,1.6472740558621708e-06
test_05935,3.88131249104623e-05
test_05936,0.995170720221217
test_05937,0.0009448313530171003
test_05938,0.9999954241033139
test_05939,1.0564374952657398e-06
test_05940,0.0228558311146275
test_05941,0.999999
test_05942,3.0099923950284265e-06
test_05943,0.9999912180149569
test_05944,0.9999983463892448
test_05945,0.00042371963757660016
test_05946,0.015311421308722708
test_05947,0.9999848023323774
test_05948,0.9994367338258214
test_05949,0.9996895671442294
test_05950,0.002045095977813401
test_05951,0.00010041823612219993
test_05952,1.0000000000000008e-06
test_05953,0.9999976623212172
test_05954,7.544201260945058e-05
test_05955,0.9997660582900716
test_05956,0.16797539884964865
test_05957,4.6819713257999696e-06
test_05958,6.804509838526521e-06
test_05959,0.9999961003980007
test_05960,3.2970666154042773e-05
test_05961,0.9648061121867685
test_05962,0.9999979470942979
test_05963,0.999999
test_05964,0.033776273442543615
test_05965,1.318373367491231e-06
test_05966,7.192626478795289e-05
test_05967,0.6342761057258695
test_05968,0.9999934882028371
test_05969,8.712437958950666e-06
test_05970,0.9919985140155073
test_05971,1.8950987660060523e-06
test_05972,0.9963033896261962
test_05973,1.0591229310526607e-05
test_05974,8.571081189329156e-06
test_05975,0.9987033682327416
test_05976,0.005454807097203599
test_05977,0.999956209420909
test_05978,0.999236904601304
test_05979,3.236676378299887e-05
test_05980,0.0004195094929929998
test_05981,0.9964736802187107
test_05982,0.9999835649483914
test_05983,6.273618106044004e-06
test_05984,6.789616504225275e-05
test_05985,9.094341730297633e-05
test_05986,0.9986526831903504
test_05987,0.9999428401824292
test_05988,0.9999989456705
test_05989,0.9999791963853351
test_05990,0.9998345763319145
test_05991,0.999911854513846
test_05992,0.9994719402128706
test_05993,0.9999694213663933
test_05994,0.0013054953833207005
test_05995,0.0017669928918829006
test_05996,0.15533274305836056
test_05997,0.999993784605131
test_05998,0.16366603067421567
test_05999,0.0016450841203173008
test_06000,0.9999923680169536
test_06001,0.9999948697499474
test_06002,0.9999504637579804
test_06003,0.9999970602537788
test_06004,1.0000000000000008e-06
test_06005,0.9999985001548615
test_06006,0.9999473025622452
test_06007,1.0000000000000008e-06
test_06008,4.9194012146779334e-05
test_06009,3.517681896190793e-05
test_06010,0.9998405193383012
test_06011,0.8976645541964159
test_06012,0.9999130607781831
test_06013,0.9765123834496422
test_06014,1.9451993804069265e-05
test_06015,7.072855806240426e-06
test_06016,0.0001615425292702999
test_06017,2.1069607139831954e-05
test_06018,0.005162967755937299
test_06019,0.9998577394768496
test_06020,0.041870119450396794
test_06021,0.0004969256650337998
test_06022,6.125422192358957e-06
test_06023,0.003432099256942399
test_06024,0.9989364795309968
test_06025,0.9999696568350808
test_06026,0.021768054569711995
test_06027,0.9999752556866102
test_06028,1.1219142702045004e-05
test_06029,0.00019829096188399986
test_06030,0.9998095982666227
test_06031,0.00017698147260189988
test_06032,1.5371079911022795e-05
test_06033,0.00019404691464119996
test_06034,0.9856919669154964
test_06035,2.600626494921007e-05
test_06036,0.9999167477496966
test_06037,0.0002442039549537
test_06038,0.9998173108057868
test_06039,2.853631865679398e-05
test_06040,0.09147963785503561
test_06041,0.40260876755550706
test_06042,0.9998458097764297
test_06043,0.00018611041503770016
test_06044,0.999999
test_06045,0.839041017252968
test_06046,0.0001184555559865001
test_06047,7.724925840566411e-06
test_06048,0.9995224269064532
test_06049,0.0008187253605409002
test_06050,0.0008831468627451996
test_06051,7.895949959149443e-06
test_06052,0.9999905119169082
test_06053,1.2822806586461938e-05
test_06054,0.0013441182907882997
test_06055,4.421342359590743e-05
test_06056,0.9999831761380582
test_06057,0.999993700944719
test_06058,0.999999
test_06059,0.9999261228992915
test_06060,0.999999
test_06061,1.4681439326241257e-06
test_06062,0.996491930994458
test_06063,0.9999222671128895
test_06064,0.9989123399415821
test_06065,2.1837587414562265e-05
test_06066,7.628141926391845e-05
test_06067,0.7463960765915141
test_06068,0.999999
test_06069,0.9999673954079202
test_06070,1.0000000000000008e-06
test_06071,0.004183379756646301
test_06072,0.9999976861628787
test_06073,0.9998611178815815
test_06074,0.00021932135337150003
test_06075,1.0619862636942977e-05
test_06076,0.9999976130377771
test_06077,0.972091585754161
test_06078,0.4273780212900428
test_06079,0.9999956992562463
test_06080,0.9999910198000178
test_06081,0.9982830718570185
test_06082,0.9538177109544544
test_06083,1.5935464963866038e-06
test_06084,1.2645640094573008e-05
test_06085,0.999947865354285
test_06086,2.5978826066459205e-05
test_06087,0.8783270521246177
test_06088,0.00025033425143650004
test_06089,0.9676529755678426
test_06090,0.999973407856061
test_06091,0.9999980744921854
test_06092,1.0680319008349958e-06
test_06093,0.003933899393018501
test_06094,0.9999718402572944
test_06095,0.30501077687331596
test_06096,0.9999976067801007
test_06097,2.0338113863973027e-05
test_06098,2.7766186408970486e-06
test_06099,2.9839684036843327e-06
test_06100,1.3214481539814702e-06
test_06101,6.356499024187774e-05
test_06102,0.9999881762095344
test_06103,0.9999983330373748
test_06104,0.9999967427250279
test_06105,0.9999966309953345
test_06106,0.9999934879448533
test_06107,0.9842436799233378
test_06108,0.9502862798820162
test_06109,2.6919657255591377e-05
test_06110,0.7503843278145338
test_06111,6.414197993106026e-06
test_06112,0.13414895215340747
test_06113,2.25765359307393e-05
test_06114,1.058107040963114e-05
test_06115,0.9999988086074084
test_06116,0.9999962133076662
test_06117,0.00014319989659419995
test_06118,4.5227189465627234e-05
test_06119,0.9999970641133479
test_06120,0.9259668052775339
test_06121,0.9997306266815581
test_06122,0.004211885196565102
test_06123,1.1513461685378392e-05
test_06124,0.263004344177847
test_06125,0.9999969154856422
test_06126,0.12680106256938217
test_06127,0.00019307290151409986
test_06128,0.9975560307723341
test_06129,0.1422893784844607
test_06130,0.6928348467942471
test_06131,0.0004470919983687999
test_06132,0.9999446946814032
test_06133,0.045114106850092255
test_06134,1.141819094301498e-05
test_06135,8.721420218741668e-06
test_06136,0.999999
test_06137,0.9999655940776325
test_06138,0.9998242323233489
test_06139,0.9999964022674454
test_06140,0.9992060507366997
test_06141,0.999798310208642
test_06142,0.9998876618186715
test_06143,8.22041255968478e-06
test_06144,0.9998813175331072
test_06145,0.0008506766266307
test_06146,1.283741600570405e-05
test_06147,0.999623399013718
test_06148,6.25807291128489e-05
test_06149,2.0232846501791354e-05
test_06150,0.0006679025558507002
test_06151,0.8848306696960941
test_06152,7.789935803965791e-06
test_06153,0.9998993644204255
test_06154,0.0010286358712307
test_06155,0.9999877193435535
test_06156,1.6350390646566562e-05
test_06157,0.00010415202657860003
test_06158,3.3316145242277384e-05
test_06159,0.06570837221667081
test_06160,0.9999863672196271
test_06161,0.0019977450622037014
test_06162,0.8816700721981069
test_06163,0.9999026745668255
test_06164,0.9996574720421391
test_06165,1.3225024502008263e-05
test_06166,0.017122086800370206
test_06167,0.0854409899302509
test_06168,0.5276135110582603
test_06169,0.9999967720020017
test_06170,0.9977258678703403
test_06171,6.534859533012412e-06
test_06172,0.9999963188493852
test_06173,0.999999
test_06174,1.0000000000000008e-06
test_06175,1.8649753736303787e-06
test_06176,0.9911420051960212
test_06177,0.9999981582848652
test_06178,0.9999981999090706
test_06179,0.8855454912427003
test_06180,0.999952753435278
test_06181,1.7168302717667e-05
test_06182,6.638976940717634e-05
test_06183,0.999999
test_06184,0.9924331879074494
test_06185,0.2936951267784626
test_06186,0.999999
test_06187,9.949376034951318e-06
test_06188,0.9679671974839611
test_06189,3.2036964872134796e-05
test_06190,0.9969015161266291
test_06191,3.160049123130687e-06
test_06192,1.2109513670561598e-06
test_06193,0.9976284460017835
test_06194,0.9995048341392397
test_06195,8.926953931892641e-05
test_06196,1.218554812489066e-05
test_06197,0.9999942850046638
test_06198,8.855335622173598e-06
test_06199,0.999999
test_06200,0.9999916720519265
test_06201,0.9999301919740584
test_06202,0.005179730448623701
test_06203,6.097760039958043e-06
test_06204,0.030714253937544206
test_06205,0.9914300583353004
test_06206,1.2043762656281176e-05
test_06207,0.9979225598325272
test_06208,4.192034045434354e-06
test_06209,2.708930655175817e-05
test_06210,0.9999936387196996
test_06211,0.017309713518623798
test_06212,0.999999
test_06213,4.129275254471892e-06
test_06214,0.00010131869014220004
test_06215,0.999987781738563
test_06216,0.9999692825118397
test_06217,0.9999948050705764
test_06218,0.9987914620595583
test_06219,0.015781556348092498
test_06220,1.0000000000000008e-06
test_06221,1.0000000000000008e-06
test_06222,3.338509403543413e-06
test_06223,3.549978852802442e-06
test_06224,0.8910355236908735
test_06225,0.9999941641193416
test_06226,0.9999968817765899
test_06227,8.940320881101964e-06
test_06228,0.9999891385961384
test_06229,3.273143248242226e-06
test_06230,0.00013263704475219995
test_06231,4.2966589904540534e-05
test_06232,0.00047474496194340024
test_06233,4.461879747504119e-05
test_06234,0.9999976584678972
test_06235,1.0000000000000008e-06
test_06236,4.434302903862175e-06
test_06237,0.999671298760104
test_06238,1.9140569569555694e-05
test_06239,0.9999964831108932
test_06240,0.9997784920394194
test_06241,0.9004815346990102
test_06242,0.38844368038561644
test_06243,0.999995898301817
test_06244,0.8466416277617412
test_06245,0.9966425535251815
test_06246,0.9999555375323642
test_06247,0.9997961512161597
test_06248,0.9999988969969407
test_06249,0.9998029368331505
test_06250,0.9999989579332765
test_06251,2.001159859187731e-05
test_06252,0.9465768847212966
test_06253,0.44436434426137866
test_06254,0.9999100544447038
test_06255,0.00013488027934889992
test_06256,0.9999966984741623
test_06257,0.9999974145705064
test_06258,0.9999496416001078
test_06259,0.9448087151884009
test_06260,0.9996915617351756
test_06261,0.0009282849461415
test_06262,0.948873885511371
test_06263,0.9998214178551686
test_06264,0.9966184900731005
test_06265,0.9981501282396112
test_06266,0.9999612807628862
test_06267,0.9999712573470263
test_06268,0.999999
test_06269,0.0019565443962577
test_06270,0.9046810948586622
test_06271,0.9998888378023424
test_06272,0.9999944098936691
test_06273,0.9372096450827442
test_06274,0.9977480904202858
test_06275,0.999538259195283
test_06276,0.00021055924446490015
test_06277,0.9993669835947345
test_06278,3.254471268410186e-05
test_06279,1.3502232827576445e-06
test_06280,0.0006474167703538998
test_06281,0.9988618144792163
test_06282,0.9999977258607294
test_06283,0.0013791776649082002
test_06284,0.046802701880667284
test_06285,0.054189824116143905
test_06286,0.999784029870905
test_06287,1.5760916016541765e-05
test_06288,0.9999381094331254
test_06289,0.07508919334266388
test_06290,0.0005189739635395998
test_06291,3.935130372298463e-06
test_06292,1.1371864867699808e-05
test_06293,1.0665200978656293e-05
test_06294,0.14189683049898408
test_06295,4.42062623573405e-06
test_06296,0.00012668598914959993
test_06297,0.9876224433776725
test_06298,0.9999985247697791
test_06299,0.999263751480273
test_06300,0.9999976497066264
test_06301,0.0012599101992101004
test_06302,0.9985577632392325
test_06303,9.529013909806013e-05
test_06304,0.9999159740098565
test_06305,0.0037712382115155985
test_06306,0.0001420091787972001
test_06307,0.25113538425357407
test_06308,0.9473337571604439
test_06309,0.9997667479005942
test_06310,5.081833246625425e-06
test_06311,2.7633603174647903e-06
test_06312,0.0023902228858721005
test_06313,0.09089171742942502
test_06314,0.0003365134432156
test_06315,0.0040240392558108
test_06316,0.06521005747977339
test_06317,0.9989568183477221
test_06318,0.999998901510838
test_06319,0.2205657395622896
test_06320,0.9999984749246068
test_06321,0.5590538775804689
test_06322,0.9999973996391669
test_06323,0.139645933720584
test_06324,3.719479980574953e-06
test_06325,0.9999235642390822
test_06326,0.9999856484689603
test_06327,2.1465724931174672e-05
test_06328,0.9999697428415056
test_06329,0.0916998544417089
test_06330,1.0000000000000008e-06
test_06331,7.405316072353453e-06
test_06332,0.00044488475190949993
test_06333,0.8531420782961014
test_06334,1.8804934791447416e-05
test_06335,0.8775748792462611
test_06336,0.0333617649605797
test_06337,0.0079958236853804
test_06338,0.9989850313658328
test_06339,0.9999940572715846
test_06340,0.999999
test_06341,5.540407410992591e-05
test_06342,0.9999603430677348
test_06343,0.007070146941230799
test_06344,0.00019120496989480007
test_06345,0.0028966859721856002
test_06346,0.999983672224327
test_06347,9.40343040164673e-06
test_06348,0.999999
test_06349,0.0009494698112759003
test_06350,2.130830541482699e-06
test_06351,0.9999986506027768
test_06352,0.037253297384810105
test_06353,3.41589705379331e-06
test_06354,0.13701706845041794
test_06355,0.003582152625365399
test_06356,0.9999195269198977
test_06357,5.6204572878807546e-06
test_06358,0.99913811555386
test_06359,0.9999856977556741
test_06360,0.999999
test_06361,0.004233298403209999
test_06362,3.064258875709615e-05
test_06363,0.7520855009065209
test_06364,0.8529680753440484
test_06365,3.0498815264099348e-05
test_06366,0.999718074712336
test_06367,0.9987741776328077
test_06368,0.9996607388058026
test_06369,0.9999170740585217
test_06370,0.9999754545605462
test_06371,0.0002600725598219999
test_06372,0.9962937616045817
test_06373,0.9999984263548932
test_06374,0.9997206655335104
test_06375,0.0009653164868284997
test_06376,0.0007556409797605001
test_06377,0.9991877176752224
test_06378,0.9998850193605201
test_06379,1.314297097682466e-05
test_06380,0.0119636342744637
test_06381,1.4784979729731157e-05
test_06382,0.9996114349643213
test_06383,0.968264825103009
test_06384,0.9995800146635768
test_06385,0.0261484500416722
test_06386,0.999999
test_06387,0.9999699739422625
test_06388,0.9988055261814145
test_06389,0.0007202685542316002
test_06390,0.9920059069827709
test_06391,2.60761541509263e-06
test_06392,0.0012762543778414002
test_06393,8.73052233623706e-05
test_06394,0.9999836250859444
test_06395,0.006945499971344501
test_06396,0.04810971834840509
test_06397,1.7082762255747126e-05
test_06398,0.9966204362248982
test_06399,0.0003129441431828001
test_06400,1.8961874945018421e-06
test_06401,0.9614368605179925
test_06402,0.9998549965258269
test_06403,0.0004057603693931
test_06404,0.0366189055103989
test_06405,1.3430681595517e-06
test_06406,1.0000000000000008e-06
test_06407,0.0003009804237233999
test_06408,3.692657967699268e-06
test_06409,0.9998995492391622
test_06410,0.9999966013340473
test_06411,0.9910368809317486
test_06412,0.06171781121592749
test_06413,2.0994421056611306e-05
test_06414,0.9939987754114176
test_06415,0.004732353061959101
test_06416,0.999530706653397
test_06417,0.963861361016155
test_06418,0.0027648337102202008
test_06419,0.998775258885396
test_06420,1.7728414200076499e-06
test_06421,0.9998910377605558
test_06422,0.9999962208456578
test_06423,0.999976029415171
test_06424,0.9999528280057689
test_06425,0.004704688909981898
test_06426,2.116533049730638e-05
test_06427,0.0099220766274784
test_06428,0.9997888864266875
test_06429,3.7276822619345906e-06
test_06430,0.00044492063148440005
test_06431,0.9996768852410126
test_06432,1.0000000000000008e-06
test_06433,0.9891474459051748
test_06434,0.999996138278803
test_06435,0.9999988995049865
test_06436,0.003764888685331099
test_06437,0.015371017722387796
test_06438,1.4319638439092754e-05
test_06439,0.9999691067688823
test_06440,5.997942153835632e-05
test_06441,0.9994632610820328
test_06442,0.0009506045733608997
test_06443,0.010263518848145997
test_06444,1.6604596480485093e-05
test_06445,0.0003754203744619998
test_06446,0.9977713767822066
test_06447,0.9942797893715765
test_06448,0.9991483939986952
test_06449,1.859270749975954e-06
test_06450,0.9996466023660413
test_06451,0.9999793372202591
test_06452,0.9999490717955105
test_06453,5.296123140015299e-05
test_06454,0.9999217967791901
test_06455,0.9999981653918968
test_06456,1.6298665377013275e-06
test_06457,0.9994978749588536
test_06458,0.0029867193253348
test_06459,0.9999953681366373
test_06460,0.0002989457757674999
test_06461,3.999855889177771e-06
test_06462,0.9999064806366172
test_06463,0.9999917778183582
test_06464,1.5512216488446978e-05
test_06465,0.00010814395505219996
test_06466,0.050650351075639095
test_06467,0.14887856276593
test_06468,2.9798002832435966e-06
test_06469,0.9999893782292554
test_06470,0.9998941815268855
test_06471,5.564981672726996e-05
test_06472,3.9515520509450784e-05
test_06473,0.9999975201168393
test_06474,3.468151566633985e-05
test_06475,0.999047493383775
test_06476,2.3704327229135302e-06
test_06477,0.0002403579094951
test_06478,0.9999841411233352
test_06479,0.9996982460655117
test_06480,0.9995709610676923
test_06481,4.140023561758132e-05
test_06482,0.9998880486087796
test_06483,0.0012989833811943002
test_06484,1.0000000000000008e-06
test_06485,0.9998391579469855
test_06486,0.9999942611942993
test_06487,5.919588977860157e-06
test_06488,0.9999952755606926
test_06489,1.0000000000000008e-06
test_06490,0.9999964764648571
test_06491,1.2927166048087076e-05
test_06492,0.9999014862395545
test_06493,6.84524661655234e-06
test_06494,0.9984407918957849
test_06495,6.247116185167726e-05
test_06496,0.0012095609235636996
test_06497,0.999993546249242
test_06498,0.9999610879519297
test_06499,8.704625514600502e-05
test_06500,0.025895955752395405
test_06501,5.809437233255618e-05
test_06502,0.999995996342682
test_06503,1.9794000385622897e-06
test_06504,1.8075423558475127e-05
test_06505,1.1243654858394879e-05
test_06506,0.9275679084320111
test_06507,0.9999940715163335
test_06508,0.9999821101410803
test_06509,0.0002341290657012002
test_06510,0.9940137838472285
test_06511,0.9292612652620844
test_06512,0.999323324029547
test_06513,0.999009424128793
test_06514,0.00030400293331859997
test_06515,0.9999791419154206
test_06516,0.9999809656568646
test_06517,0.9745194856224797
test_06518,0.9557208972729304
test_06519,0.0006679122236243998
test_06520,5.790453374511226e-06
test_06521,0.9988881044032328
test_06522,0.9999989985515999
test_06523,0.9999971259062083
test_06524,8.73339913460418e-06
test_06525,1.1096621773664789e-05
test_06526,0.9993397166432116
test_06527,5.500206923099254e-06
test_06528,0.999355678708924
test_06529,0.0038779942537670994
test_06530,0.055679515866732594
test_06531,0.9999964972933194
test_06532,0.9348318802126716
test_06533,0.9999920057415699
test_06534,0.9997180252865296
test_06535,0.9999989467729278
test_06536,0.3839659573354295
test_06537,0.00026031997346550017
test_06538,0.9951691487154015
test_06539,0.0040806156543233005
test_06540,9.624089791457478e-05
test_06541,0.09621137495079762
test_06542,4.376395763688097e-06
test_06543,0.0028271970072632005
test_06544,0.9999830039070023
test_06545,0.9999806690000163
test_06546,4.4454371253118015e-05
test_06547,0.9887673828534207
test_06548,0.9999973588555015
test_06549,0.00021724747604350014
test_06550,0.9997478586695758
test_06551,0.0014243889937232996
test_06552,0.9907996184423002
test_06553,0.9996848943375733
test_06554,0.9368165538929263
test_06555,0.0006534620560766998
test_06556,0.9999989167071972
test_06557,0.0033434668309274993
test_06558,0.9518990133155
test_06559,0.00019470102309289994
test_06560,0.015884050266432304
test_06561,0.5969231944437168
test_06562,1.78072967827294e-05
test_06563,0.0003966085244437001
test_06564,0.9962341664771054
test_06565,0.9999639978828645
test_06566,0.9978332292305901
test_06567,0.8744359462942981
test_06568,0.0002878698599530002
test_06569,0.008665051151110199
test_06570,9.219956569850073e-06
test_06571,5.2633391902570436e-05
test_06572,1.550266890316003e-05
test_06573,0.0225694801347879
test_06574,0.015922354041504504
test_06575,0.0002616594463010998
test_06576,0.0042711128284721
test_06577,1.144816551151857e-06
test_06578,0.9998989705349292
test_06579,0.0005991187162668999
test_06580,0.9114595427131801
test_06581,5.376008666990547e-06
test_06582,0.9998340737943
test_06583,0.0017245710905513004
test_06584,0.9992192417176466
test_06585,0.0003225208565930003
test_06586,0.0005275587831135
test_06587,0.9999667982460354
test_06588,3.659648058065192e-05
test_06589,0.9851248679540606
test_06590,2.2195332334561804e-05
test_06591,3.16411478537207e-06
test_06592,0.9950698068566449
test_06593,0.9996644441370937
test_06594,0.9999030181119594
test_06595,0.05710533279487908
test_06596,0.1120118067851953
test_06597,0.150607366393694
test_06598,1.574592185749593e-05
test_06599,8.01391932786969e-06
test_06600,9.472330742186519e-06
test_06601,4.68370512732215e-06
test_06602,0.00025516300367240015
test_06603,0.0028129096345391002
test_06604,0.09291240655638927
test_06605,7.892952863185506e-06
test_06606,0.9999629907133168
test_06607,3.168888606589644e-06
test_06608,0.9999897389988751
test_06609,0.9843569651637097
test_06610,7.865721895096184e-05
test_06611,0.987404829594406
test_06612,8.513311447905338e-06
test_06613,1.8372624339819568e-06
test_06614,5.475452436709592e-06
test_06615,9.844296724050595e-05
test_06616,0.9960132716240367
test_06617,0.9999276083532662
test_06618,1.6060240512564327e-06
test_06619,1.4942104324431355e-05
test_06620,0.09301014068292278
test_06621,1.583782811530153e-05
test_06622,0.0043829981873766
test_06623,0.009473436786139301
test_06624,0.9999969162142863
test_06625,0.9999903975884309
test_06626,1.4052467240707447e-05
test_06627,3.1287557486040798e-06
test_06628,0.9272978284905196
test_06629,7.145523113057794e-06
test_06630,3.856373489545538e-05
test_06631,9.32038173553808e-06
test_06632,1.1133247938776515e-05
test_06633,7.051978416357592e-05
test_06634,0.9994192695343499
test_06635,2.1002346371125737e-05
test_06636,1.4571507187732322e-05
test_06637,1.4928969543965718e-05
test_06638,5.940813880526879e-05
test_06639,0.995058112438363
test_06640,0.9998094797844972
test_06641,0.0010018410461267997
test_06642,0.9967655423301814
test_06643,0.9999855365384617
test_06644,0.9999271785712456
test_06645,0.9999852771757182
test_06646,0.9999959500343817
test_06647,0.9999622676041685
test_06648,4.708017634274628e-05
test_06649,0.12428118304257782
test_06650,2.7602840611784693e-05
test_06651,0.17787797795927968
test_06652,3.0964728701366497e-06
test_06653,0.9999878072498188
test_06654,0.006904921529825199
test_06655,1.0000000000000008e-06
test_06656,0.9999532585320909
test_06657,0.9999465579062506
test_06658,6.61626599684633e-06
test_06659,0.9985445280812603
test_06660,0.9997635351233785
test_06661,0.0032566221582980013
test_06662,0.0016542531410691005
test_06663,0.0002228398212142002
test_06664,3.274987533609297e-06
test_06665,0.00023719926867499981
test_06666,0.00026069057236329993
test_06667,0.9999629518450064
test_06668,0.21549712554919206
test_06669,4.118697263291176e-05
test_06670,0.011227556765056197
test_06671,0.9999645365441943
test_06672,0.0020101313216391993
test_06673,8.785428566263254e-05
test_06674,0.9999935415364078
test_06675,0.0008630673180360996
test_06676,0.9371118875715493
test_06677,0.9999821959623044
test_06678,0.9999319349561112
test_06679,1.2861354201900602e-06
test_06680,1.454639825589981e-05
test_06681,0.9999125087521245
test_06682,4.142118376302259e-06
test_06683,0.9770930503923068
test_06684,0.0001647261521281001
test_06685,0.9999732504754203
test_06686,0.9991921819655807
test_06687,0.00023980616050039999
test_06688,0.1171487010195416
test_06689,0.9910799264282529
test_06690,0.923432068879874
test_06691,1.5504970205384374e-05
test_06692,0.9987626820995016
test_06693,0.9742331680156955
test_06694,0.999991820551975
test_06695,3.6521324474567784e-05
test_06696,0.9996333382869576
test_06697,0.9999837403108499
test_06698,4.1649054356695354e-05
test_06699,0.05439506177696855
test_06700,0.9999963508848909
test_06701,0.9999925226894473
test_06702,0.9999894312669468
test_06703,8.15512365150924e-05
test_06704,0.9999281587926598
test_06705,0.9999906007354996
test_06706,0.3106380656819287
test_06707,0.0005528357765686998
test_06708,0.9961625544546765
test_06709,0.9318159657917616
test_06710,0.9990758872061988
test_06711,0.9999462266222595
test_06712,0.0007211923583648998
test_06713,0.9999979886110495
test_06714,0.8693498249551774
test_06715,0.00020839323563730014
test_06716,0.9999640839431059
test_06717,0.9999535638246996
test_06718,0.99904619075316
test_06719,0.9930892953733008
test_06720,0.9999912678128974
test_06721,0.0012600762511208998
test_06722,0.998631481534968
test_06723,0.9987956927777327
test_06724,6.104301939856123e-05
test_06725,0.11070868521527243
test_06726,0.9998410557971266
test_06727,0.897612827824383
test_06728,2.6281623807487936e-05
test_06729,1.3193102158255637e-05
test_06730,3.048581714761577e-05
test_06731,0.9977965359606789
test_06732,0.2534526409806605
test_06733,0.9999852965096482
test_06734,0.00012280261344590004
test_06735,0.9995569947948729
test_06736,0.9999461878124957
test_06737,0.9999988567804454
test_06738,0.999993738207762
test_06739,0.9999058661470406
test_06740,0.9968244569631523
test_06741,0.9997562747921735
test_06742,0.9999954441099116
test_06743,0.9999954116987003
test_06744,0.0008130042970128999
test_06745,1.0000000000000008e-06
test_06746,0.999879193040676
test_06747,0.9999907372540792
test_06748,0.011124815943041901
test_06749,0.9999958976785904
test_06750,0.998043543535454
test_06751,0.0006242290904317
test_06752,1.1131960651794636e-05
test_06753,1.6897131204755408e-05
test_06754,8.198628960893091e-06
test_06755,0.9992647362808887
test_06756,3.37208232879855e-06
test_06757,0.9999788219326234
test_06758,1.3810617064837791e-05
test_06759,0.0012461544786251998
test_06760,6.436670599325087e-05
test_06761,0.99977404854248
test_06762,0.9999907719903689
test_06763,0.9999853738879069
test_06764,0.9992040391789844
test_06765,0.9999933853249493
test_06766,2.7448223249787703e-06
test_06767,5.245879951711002e-06
test_06768,0.9999964490015015
test_06769,4.323712027570907e-06
test_06770,0.00029762999097239994
test_06771,0.999568349932818
test_06772,1.8598731425563732e-05
test_06773,0.9999791206029359
test_06774,0.1174567746103149
test_06775,0.0005431755486568
test_06776,0.9999870478117276
test_06777,0.999337705628969
test_06778,4.9144518389024045e-06
test_06779,0.09210146351958538
test_06780,0.999997783358001
test_06781,0.9999609593301844
test_06782,0.9662646374188942
test_06783,0.9598117236463702
test_06784,6.964772088457977e-06
test_06785,0.999829406582192
test_06786,0.9999857995601293
test_06787,2.3012445797452993e-06
test_06788,0.00010535284913789997
test_06789,0.005567028807442098
test_06790,0.9999177460362862
test_06791,0.9955105315056565
test_06792,0.9999931507066215
test_06793,0.00011912311436010006
test_06794,0.9998431704052511
test_06795,4.508969641882617e-06
test_06796,0.9999915228160708
test_06797,0.9893938979010832
test_06798,0.999999
test_06799,0.0001309272811982001
test_06800,7.192401612164398e-06
test_06801,0.9961388373049319
test_06802,0.000143446281467
test_06803,0.0003386223715688001
test_06804,0.9667219227699229
test_06805,0.00010200554185390007
test_06806,0.999964223970978
test_06807,0.9999851810262739
test_06808,0.9999918930650142
test_06809,0.9982822901910401
test_06810,0.9346888891731657
test_06811,0.9999929721383156
test_06812,0.0029947414967071
test_06813,0.9980069602801818
test_06814,0.9999972972534452
test_06815,0.9999944188175007
test_06816,0.9999809033658659
test_06817,3.7050519955160856e-05
test_06818,0.9999777012353153
test_06819,0.9994108153772892
test_06820,0.0013689531257724003
test_06821,0.9756764781108874
test_06822,0.0390940183943852
test_06823,0.0009659053132566999
test_06824,0.9982296636324456
test_06825,2.449664593279951e-05
test_06826,7.834972865992744e-05
test_06827,0.0005097880467610999
test_06828,0.9999901562207258
test_06829,0.9999674391663481
test_06830,1.8226400290024978e-05
test_06831,0.9591368598430889
test_06832,1.0000000000000008e-06
test_06833,8.423696318327742e-05
test_06834,0.00020949786531029998
test_06835,1.0000000000000008e-06
test_06836,0.0019344192352320998
test_06837,8.259865426030435e-05
test_06838,1.0000000000000008e-06
test_06839,0.028608306232069107
test_06840,0.9998971172467254
test_06841,0.00014447830640319995
test_06842,0.9998388943974962
test_06843,0.00014769715415720002
test_06844,3.297611067172318e-06
test_06845,9.994783985258472e-06
test_06846,0.9999974184873166
test_06847,0.9999823828622076
test_06848,3.4308033175304766e-05
test_06849,0.9999353400722782
test_06850,0.0021971635127869997
test_06851,5.490125855174359e-05
test_06852,0.00011187200649270008
test_06853,7.69497842225598e-05
test_06854,0.5296802085387282
test_06855,2.052533563415469e-06
test_06856,1.3013299524378116e-05
test_06857,0.1266386517820771
test_06858,4.91938262499567e-06
test_06859,0.947429976210492
test_06860,0.9990241515829167
test_06861,1.5391197343350223e-06
test_06862,0.9998967566042947
test_06863,0.9935774279115271
test_06864,0.9994584588883587
test_06865,7.056957856808487e-05
test_06866,0.0010285601049573002
test_06867,0.010190764361168805
test_06868,0.967656348040193
test_06869,0.00013110532282500012
test_06870,0.9999948540083942
test_06871,0.9996203751334782
test_06872,0.012351823165141895
test_06873,9.144058564140564e-05
test_06874,0.9999265869798823
test_06875,0.002958538167685601
test_06876,1.5552817101783485e-05
test_06877,0.999982484901745
test_06878,0.0026791701989742995
test_06879,0.8850126294183254
test_06880,7.539883523781177e-05
test_06881,0.9992631828278445
test_06882,4.938321179203407e-05
test_06883,0.9534788604261778
test_06884,4.257557007652133e-06
test_06885,0.008001160827232696
test_06886,0.020915353418207803
test_06887,0.9973635320617719
test_06888,0.00040939569409920005
test_06889,0.9999813965107329
test_06890,0.04022523112986461
test_06891,2.4644844105631218e-06
test_06892,1.0877874472293412e-05
test_06893,0.0015731314537679004
test_06894,3.340096144130132e-05
test_06895,4.345607666212146e-05
test_06896,0.9998765622998119
test_06897,0.054506448380232615
test_06898,0.0651669755734716
test_06899,0.0013932186334125
test_06900,1.5435706553341283e-05
test_06901,0.9991882410423971
test_06902,0.005003655584096501
test_06903,0.9999781057444915
test_06904,0.9999914277644277
test_06905,0.9999928246247254
test_06906,0.0050771462987371
test_06907,0.9999917913544502
test_06908,0.9999956511271632
test_06909,7.498143709682439e-06
test_06910,0.9999951585946733
test_06911,0.999999
test_06912,7.167802822660778e-06
test_06913,0.0008436876408705996
test_06914,0.9992315714724769
test_06915,0.3424845740767848
test_06916,0.999837318227218
test_06917,2.166240820577251e-05
test_06918,0.994704022268329
test_06919,0.9999940129451886
test_06920,0.0001378558067841001
test_06921,0.999945011415841
test_06922,0.999999
test_06923,0.9992905648449657
test_06924,0.8241486728675027
test_06925,0.00010142619733860005
test_06926,7.638189285867552e-06
test_06927,0.00035300608095169993
test_06928,1.3178917071882656e-06
test_06929,0.8720305819748724
test_06930,1.4489984156435013e-05
test_06931,1.705091463845061e-05
test_06932,0.9999414107324608
test_06933,0.999872286205191
test_06934,3.878233269587387e-05
test_06935,3.074904101401945e-05
test_06936,0.9998869981910423
test_06937,0.7817531582494669
test_06938,0.00014204882656400006
test_06939,3.5744592247470685e-05
test_06940,0.9999337199807148
test_06941,0.9264497029763477
test_06942,0.00011208800405799996
test_06943,0.0011268191203024007
test_06944,0.0878736792212513
test_06945,2.7170771551172265e-05
test_06946,0.0008378844160331995
test_06947,0.9998693364898114
test_06948,0.13909810197442704
test_06949,0.9999966986270576
test_06950,0.05971390687532141
test_06951,9.336750781268391e-05
test_06952,0.9955280988472387
test_06953,6.6844950735740295e-06
test_06954,0.6827751996117013
test_06955,0.9999943018808535
test_06956,0.9989086947998886
test_06957,0.9970422086093915
test_06958,0.9999882165060917
test_06959,4.268399056844161e-05
test_06960,1.0000000000000008e-06
test_06961,0.999217906298149
test_06962,7.794468892202546e-05
test_06963,0.7347107771796536
test_06964,0.9999976008274518
test_06965,0.0975301368992944
test_06966,1.8769651652997855e-05
test_06967,0.0003066593397922
test_06968,1.2287275217935773e-06
test_06969,2.2478239124743124e-06
test_06970,0.999999
test_06971,0.9999936540237769
test_06972,1.5076908735071587e-05
test_06973,0.9999592343784983
test_06974,1.2050449445042947e-05
test_06975,0.9999803314925152
test_06976,0.9999965480779536
test_06977,0.9991764904996376
test_06978,2.912628519899681e-06
test_06979,0.5867355859559346
test_06980,0.9995106528887541
test_06981,0.9999801274785929
test_06982,0.9998107363351013
test_06983,1.350473941530487e-05
test_06984,0.0002906616838432
test_06985,4.541514054924394e-05
test_06986,0.04957278324083981
test_06987,7.763463540390769e-06
test_06988,1.9482042558321048e-05
test_06989,8.755830366267768e-05
test_06990,0.9999974178715173
test_06991,0.9982731036696102
test_06992,0.09668319838483032
test_06993,9.66633935783181e-06
test_06994,6.063104808712146e-06
test_06995,3.6085958685550105e-05
test_06996,0.012130599718405102
test_06997,0.9918894790821895
test_06998,2.957886788249059e-06
test_06999,0.9994607373559719
test_07000,0.0005325371816962002
test_07001,0.975137096374867
test_07002,0.9999977152294811
test_07003,0.6529108764797288
test_07004,0.9832962209360847
test_07005,0.9936838236768902
test_07006,0.0417041360097921
test_07007,9.596640475001172e-06
test_07008,0.0002866067529372003
test_07009,0.9999763364567755
test_07010,0.9989145079824433
test_07011,0.9999680656376454
test_07012,0.9978368056271611
test_07013,0.0156527143146895
test_07014,0.9999857675763136
test_07015,0.9999959117584687
test_07016,0.9998316832403146
test_07017,1.4623061323970596e-05
test_07018,0.9999841992466695
test_07019,0.993627207139878
test_07020,7.111847370550775e-05
test_07021,0.9999691733292368
test_07022,4.2584706117884146e-05
test_07023,0.9974698094155635
test_07024,0.0005202368965317998
test_07025,0.9999964866936307
test_07026,0.9999960948163191
test_07027,2.5235831630269343e-05
test_07028,0.9985332709687128
test_07029,0.9985626709670505
test_07030,0.024066399504459893
test_07031,2.509807729897378e-06
test_07032,0.9999817161798599
test_07033,0.9999976456350194
test_07034,0.00027214059796280013
test_07035,4.015735327873898e-05
test_07036,9.343973647538026e-06
test_07037,0.0016872580029163994
test_07038,0.9999476288272932
test_07039,0.0023537116955488005
test_07040,0.00025045393972340004
test_07041,0.9998688849794564
test_07042,0.999996255230945
test_07043,0.0018438733654029
test_07044,0.999999
test_07045,0.0001431161877739
test_07046,0.9999449719412676
test_07047,0.9999989705090575
test_07048,1.7501897176991642e-05
test_07049,0.005714724846031697
test_07050,0.9234171186791764
test_07051,2.263238903119816e-05
test_07052,0.9997675233910192
test_07053,1.5130542960777957e-06
test_07054,0.9989963028328707
test_07055,0.999999
test_07056,0.999999
test_07057,2.0438198292767937e-05
test_07058,0.9916369362263913
test_07059,0.06688327687352896
test_07060,0.999999
test_07061,0.9998931676818341
test_07062,9.123259532258953e-05
test_07063,0.0007225529866039999
test_07064,1.0000000000000008e-06
test_07065,0.00031593372271700003
test_07066,0.1532441955324907
test_07067,0.9999989380020865
test_07068,0.998278937768548
test_07069,0.9999113939109011
test_07070,1.5179638480162076e-06
test_07071,1.0000000000000008e-06
test_07072,0.99998178682613
test_07073,0.9985798519583088
test_07074,0.999999
test_07075,0.9999698210313985
test_07076,0.9999973957447963
test_07077,0.002719161564382401
test_07078,0.9999982143966306
test_07079,0.9999981541150835
test_07080,0.005297293661432899
test_07081,0.010763326517989601
test_07082,0.9999824716939636
test_07083,7.299417251401147e-06
test_07084,0.0007680675322722
test_07085,0.007470204968465302
test_07086,0.9999197356812721
test_07087,0.00012021491784479999
test_07088,0.9988598864418397
test_07089,8.555765812846203e-05
test_07090,0.9999254002973671
test_07091,5.5088795287146885e-06
test_07092,0.9991979177338707
test_07093,0.996368292923963
test_07094,0.9995605687582286
test_07095,1.4230839735090558e-05
test_07096,0.9999853061543637
test_07097,2.1553650825410703e-05
test_07098,0.00010573309810350007
test_07099,1.2975585603743995e-06
test_07100,0.9924597128972162
test_07101,0.9999982182455734
test_07102,0.9999775520959996
test_07103,0.9999984747201024
test_07104,0.9996868192322487
test_07105,1.0000000000000008e-06
test_07106,0.9929918132883135
test_07107,1.3446179601572126e-05
test_07108,0.8100898158783053
test_07109,0.012509517058463796
test_07110,0.987389978528004
test_07111,0.0009735747377062001
test_07112,0.999964864423616
test_07113,5.805306153618201e-06
test_07114,0.9996020128381591
test_07115,0.8684199359921136
test_07116,0.8273024638570479
test_07117,3.698339390474363e-05
test_07118,9.419612907061409e-05
test_07119,0.00013251011404769993
test_07120,0.00011397877719119996
test_07121,0.00011088202703190006
test_07122,0.9993449018980106
test_07123,0.2457727373917095
test_07124,0.9999963596810159
test_07125,0.999999
test_07126,0.9999754009168087
test_07127,0.9999989199623162
test_07128,4.95859699294168e-06
test_07129,1.0000000000000008e-06
test_07130,0.9999360082051224
test_07131,0.9999881211446098
test_07132,3.2118236284981672e-06
test_07133,0.00023514696812290009
test_07134,0.019171055989102397
test_07135,6.7359934914858214e-06
test_07136,0.9999643971259697
test_07137,0.9999195166602965
test_07138,1.0000000000000008e-06
test_07139,2.5344039820853183e-06
test_07140,8.699627553827584e-05
test_07141,0.0046850965154281
test_07142,1.2153078722245084e-05
test_07143,3.3517042961897174e-05
test_07144,6.66883199444368e-06
test_07145,4.044755079850429e-06
test_07146,0.9999778666881125
test_07147,0.2709844388892859
test_07148,0.999995561624989
test_07149,1.0000000000000008e-06
test_07150,0.9735150322857266
test_07151,0.1423134583383649
test_07152,0.9999754824796905
test_07153,0.9962501588578598
test_07154,0.9957704565845292
test_07155,1.248977055882311e-05
test_07156,6.111770366184913e-05
test_07157,0.9999911957537425
test_07158,0.9999970814183113
test_07159,8.327575887809044e-06
test_07160,0.0002929916693837998
test_07161,3.151131404183106e-06
test_07162,0.997851398690452
test_07163,0.994279536466234
test_07164,0.997992272168573
test_07165,0.4809827481169666
test_07166,0.9999947190828581
test_07167,2.803054966425412e-06
test_07168,0.999975750033512
test_07169,7.15902770032904e-06
test_07170,0.999999
test_07171,0.9997483536980006
test_07172,0.9999953752514501
test_07173,0.9999565386314843
test_07174,0.9996615392991925
test_07175,0.9999931342661937
test_07176,8.38232531804881e-05
test_07177,1.2080813865660827e-06
test_07178,0.9994422182934211
test_07179,0.0017666965628635996
test_07180,1.0764134021688282e-06
test_07181,0.08639550807124009
test_07182,0.00011902003622829998
test_07183,4.3181154682928764e-05
test_07184,1.057265411167867e-06
test_07185,0.9999954689052071
test_07186,0.9999425864650844
test_07187,1.5606350231997247e-06
test_07188,0.8821711147052755
test_07189,8.51718130481351e-06
test_07190,0.9968079824902796
test_07191,1.5623961450764173e-05
test_07192,1.9524048892567496e-06
test_07193,1.34489820903286e-05
test_07194,0.9953744151778304
test_07195,0.987636559191176
test_07196,0.9999929361302494
test_07197,0.004350183343679999
test_07198,5.4109349719088164e-06
test_07199,1.7874938160689036e-06
test_07200,0.999999
test_07201,0.08786551337144269
test_07202,2.3278988343122612e-06
test_07203,0.9999967399817178
test_07204,0.8515172272893173
test_07205,1.4330798507743565e-06
test_07206,0.0660053420618627
test_07207,0.9994601352855842
test_07208,2.0410992074575474e-05
test_07209,0.0926442588279565
test_07210,6.394298449308922e-05
test_07211,0.00014472761849840008
test_07212,0.24283180914634006
test_07213,0.0014172955724515996
test_07214,0.9998272819761014
test_07215,0.27980144752604735
test_07216,7.435009731106356e-05
test_07217,1.386086548537684e-06
test_07218,0.0016718516656990007
test_07219,0.999999
test_07220,0.0004889678076787
test_07221,0.9998956402884334
test_07222,0.00029536460115390004
test_07223,0.0005535702135485003
test_07224,0.9999480841189673
test_07225,0.013898671669350895
test_07226,0.9833226436432766
test_07227,0.9999986202970592
test_07228,2.8431829328450948e-05
test_07229,4.168925050465761e-06
test_07230,0.0039441157870971
test_07231,7.355275490671231e-05
test_07232,0.906598954149602
test_07233,0.99998633155159
test_07234,0.9999865231082631
test_07235,0.9973805863074948
test_07236,1.968806017681576e-05
test_07237,0.9999980624289292
test_07238,4.899583217430221e-06
test_07239,0.9192843485370257
test_07240,0.0013101759638131003
test_07241,2.748306023596494e-05
test_07242,0.023084488020004602
test_07243,0.00014344002169109992
test_07244,0.999995196675513
test_07245,0.005847002086213796
test_07246,0.10118910791218158
test_07247,0.9987249862088052
test_07248,0.9999854557719441
test_07249,4.42119476920164e-06
test_07250,0.0003520427998920001
test_07251,0.0008471344253821001
test_07252,0.9993987354990728
test_07253,6.107585065603816e-06
test_07254,6.158036357786655e-05
test_07255,0.9237437522784874
test_07256,0.00010334972538090003
test_07257,0.999477334928549
test_07258,0.007043850581249001
test_07259,0.9707674757187365
test_07260,0.9983433150092081
test_07261,0.00014137675748209985
test_07262,1.474293340534511e-06
test_07263,0.9999964088626512
test_07264,3.3173973252655506e-05
test_07265,0.99094924673039
test_07266,1.0000000000000008e-06
test_07267,0.0936359983959258
test_07268,0.9980330588129791
test_07269,0.9998023444944172
test_07270,0.9911023152126404
test_07271,0.9999768352565798
test_07272,0.0908308170227316
test_07273,0.999800305048805
test_07274,0.9802803946959919
test_07275,0.00034135052349290005
test_07276,6.0625155837698394e-05
test_07277,0.999947032150262
test_07278,0.9970559058779953
test_07279,0.00029496218108580007
test_07280,3.646324575800091e-06
test_07281,1.3327936687678086e-06
test_07282,0.9088834446619731
test_07283,0.0009721779095875996
test_07284,0.0635390671824547
test_07285,0.9997634527747696
test_07286,0.005872649603521097
test_07287,0.9831734377038199
test_07288,0.00014302964994260004
test_07289,0.0031097655783029997
test_07290,4.4364043078142e-05
test_07291,0.9993785342579338
test_07292,0.0006135319719521001
test_07293,1.7643457265438307e-05
test_07294,0.999994432454551
test_07295,0.6683055904886465
test_07296,0.8004993857022306
test_07297,0.9999970781620444
test_07298,0.0017324464930492008
test_07299,0.8533389484504273
test_07300,9.74079897058501e-05
test_07301,0.9999701847655607
test_07302,5.164625281284076e-06
test_07303,0.9999976970169724
test_07304,6.560618450132185e-05
test_07305,0.0005844945871852
test_07306,0.0215817007367321
test_07307,1.2935406397718479e-06
test_07308,1.0000000000000008e-06
test_07309,0.00015408407276189988
test_07310,0.0043345608700077
test_07311,0.0015722455650117
test_07312,0.9999353525023738
test_07313,0.00021417050805660012
test_07314,0.998082521114977
test_07315,0.0804341298993054
test_07316,0.871981585320801
test_07317,0.9999952569769827
test_07318,0.0001091083637293
test_07319,0.9997608166705227
test_07320,0.999999
test_07321,0.0031184867871259007
test_07322,0.15900985121774988
test_07323,0.00010049654852359992
test_07324,0.1488763653287409
test_07325,0.880503425952712
test_07326,0.9774365265301792
test_07327,0.9999987187667754
test_07328,0.9999970884805842
test_07329,0.00011067624153870005
test_07330,0.0005627179997514999
test_07331,1.0000000000000008e-06
test_07332,2.6264520253415477e-05
test_07333,0.10333365893037226
test_07334,0.891895086238768
test_07335,0.9623775301771972
test_07336,0.0069372199680254
test_07337,0.9363197612713645
test_07338,0.9998741958129054
test_07339,7.27825436896109e-05
test_07340,0.9999419684927222
test_07341,0.004301930367526101
test_07342,0.0012663025324451999
test_07343,0.9999915576974477
test_07344,0.995394369304387
test_07345,1.0000000000000008e-06
test_07346,4.1231208682367785e-05
test_07347,7.275242367402198e-05
test_07348,0.9258949714244618
test_07349,1.4912096916176946e-05
test_07350,0.9999971107867527
test_07351,2.488525930348842e-06
test_07352,0.9755785652632433
test_07353,0.9996632950850777
test_07354,0.8502412264255543
test_07355,0.9999743036828369
test_07356,0.9999970110050455
test_07357,0.9996098625199227
test_07358,0.9994823160108147
test_07359,7.649969825454524e-05
test_07360,0.9999460764108851
test_07361,0.9905713510925295
test_07362,0.00010241741276150003
test_07363,0.9999575195097988
test_07364,0.00031446340968779987
test_07365,0.9570834897827312
test_07366,0.9999862975404455
test_07367,0.9999337854175656
test_07368,0.0006050058721541999
test_07369,0.0009244573027981003
test_07370,0.9999813968266951
test_07371,0.00012693494868710006
test_07372,7.778937027355579e-05
test_07373,0.9999955969591964
test_07374,0.00024163212198019995
test_07375,0.06552729130644276
test_07376,0.47464833213433616
test_07377,1.6716482245528623e-05
test_07378,0.9999793115626863
test_07379,5.34644765692736e-05
test_07380,0.004804307993842501
test_07381,0.0020141945472311007
test_07382,0.9666542382685762
test_07383,0.9611984528342585
test_07384,0.7211534432602653
test_07385,0.0001740438914094001
test_07386,9.46231781178328e-05
test_07387,1.0000000000000008e-06
test_07388,0.9995978241129669
test_07389,3.2768221896359416e-05
test_07390,6.545457400798772e-06
test_07391,0.999999
test_07392,0.9016142108306744
test_07393,0.9996949098892909
test_07394,0.9739977394484614
test_07395,0.9999988059650042
test_07396,1.0431779598969819e-06
test_07397,0.999999
test_07398,0.9999844031741087
test_07399,0.9993630666810822
test_07400,0.9999738453400819
test_07401,8.683476432498082e-05
test_07402,0.999999
test_07403,1.2562962771904438e-05
test_07404,1.0000000000000008e-06
test_07405,0.9999988584853757
test_07406,7.744686998389489e-06
test_07407,6.073884506474959e-06
test_07408,0.0204082006389469
test_07409,0.9893937834106536
test_07410,0.9999769440684315
test_07411,0.0009033138940143999
test_07412,2.1674405031799846e-06
test_07413,0.999960124147857
test_07414,1.0000000000000008e-06
test_07415,0.9963076634297642
test_07416,8.409916710883603e-05
test_07417,8.908485537494584e-05
test_07418,0.9999865047362922
test_07419,2.8099568080648575e-05
test_07420,1.0000000000000008e-06
test_07421,0.0036095909256646003
test_07422,0.9999680775564405
test_07423,0.9999928496437922
test_07424,0.00018800386024579998
test_07425,0.0004327096223110998
test_07426,0.05049509206841909
test_07427,0.06761242940325178
test_07428,0.0003888117507129001
test_07429,0.04907379395568948
test_07430,1.2231237487516403e-06
test_07431,0.9999843890996104
test_07432,9.291854562986419e-06
test_07433,0.020717015252361897
test_07434,1.7689149210322828e-05
test_07435,3.2522435149036703e-06
test_07436,3.2865543781858787e-05
test_07437,0.9996328100085512
test_07438,0.9972269031806842
test_07439,0.013081950416287203
test_07440,3.2607991938830447e-06
test_07441,7.651587436567576e-05
test_07442,8.109650341044904e-06
test_07443,0.9999965375933494
test_07444,0.00020610167276609987
test_07445,6.057702636678996e-05
test_07446,3.6484296429082737e-06
test_07447,1.2703651200571468e-06
test_07448,0.00014646165263599995
test_07449,0.9999985317138405
test_07450,0.9999695161391983
test_07451,0.9998701752346792
test_07452,0.0006213622053464002
test_07453,3.176301126738742e-05
test_07454,0.999612005833841
test_07455,0.03889300566268789
test_07456,0.9998326853004388
test_07457,0.9993191270379558
test_07458,0.999999
test_07459,0.9999889365866362
test_07460,1.073563362178284e-05
test_07461,0.9999207315501634
test_07462,0.9775292644311343
test_07463,1.051360432863155e-05
test_07464,0.0006658709943445997
test_07465,0.9993055635115454
test_07466,0.008887401034569803
test_07467,0.9999759167615646
test_07468,0.9999610002359832
test_07469,0.0017677672093946006
test_07470,0.9999987903009938
test_07471,0.6885477435030284
test_07472,0.9402643310339497
test_07473,2.430941262054348e-06
test_07474,4.5047850181503713e-05
test_07475,0.9500847450495229
test_07476,0.0003952966730636999
test_07477,1.041131013055294e-06
test_07478,0.9994024503960378
test_07479,0.9999851743395449
test_07480,0.0017354232896856
test_07481,0.00022001399297069988
test_07482,0.0503204334299506
test_07483,0.963742670019644
test_07484,0.0005145238373515001
test_07485,0.9997293343207625
test_07486,0.999999
test_07487,7.396399713148859e-06
test_07488,3.7318637825970775e-05
test_07489,0.9999952730701941
test_07490,0.0499409501723898
test_07491,0.0005680700587416003
test_07492,0.0005978706847774
test_07493,0.8898611853274141
test_07494,0.9994185536762114
test_07495,0.9999954774993202
test_07496,5.842992047465967e-06
test_07497,3.147922251836372e-05
test_07498,0.5800362593984422
test_07499,4.807981450240364e-05
test_07500,1.5006878206112762e-05
test_07501,2.2115674685093246e-05
test_07502,0.9999966305356529
test_07503,0.0037901733686043
test_07504,0.0002040518515121999
test_07505,0.9997667453382242
test_07506,0.9999445854636757
test_07507,0.0003495279123392
test_07508,4.9885128531912555e-06
test_07509,0.999839524502678
test_07510,0.9866205672615911
test_07511,0.9990079704517358
test_07512,1.3737046098624966e-05
test_07513,0.9999037885092119
test_07514,0.9999594677760821
test_07515,0.9999083384726278
test_07516,0.9999813833810602
test_07517,0.999999
test_07518,4.880844309982395e-05
test_07519,0.0014893598381078995
test_07520,2.591117993905544e-05
test_07521,0.0018287928586956995
test_07522,0.9999970191437537
test_07523,7.543228094348063e-06
test_07524,0.9635435426688393
test_07525,0.577427064833295
test_07526,1.5558118351230667e-05
test_07527,0.0813434877204354
test_07528,0.999999
test_07529,1.7989671021015422e-06
test_07530,0.9999554276058932
test_07531,0.9971203454815686
test_07532,0.9999863933604155
test_07533,6.49871717685604e-05
test_07534,0.08818572276966048
test_07535,0.9076320930253707
test_07536,0.0010827946446474999
test_07537,6.500720868391917e-05
test_07538,0.022525348551133705
test_07539,0.999997093945641
test_07540,2.7331372092463703e-05
test_07541,0.9988253193576014
test_07542,0.9869899377381782
test_07543,9.56146411762207e-05
test_07544,0.9999154665982294
test_07545,0.0442275029695345
test_07546,0.9997762789149691
test_07547,0.9998610086348856
test_07548,0.0012587265204196002
test_07549,0.9998368449765622
test_07550,0.9999479732198624
test_07551,0.9999853002319229
test_07552,7.831919206602859e-05
test_07553,0.9999467934511458
test_07554,0.9999987798293559
test_07555,4.260896172882459e-06
test_07556,1.966197433126656e-06
test_07557,0.999998825512089
test_07558,0.9995190003133513
test_07559,0.9982787131789576
test_07560,0.34552712749340764
test_07561,1.0000000000000008e-06
test_07562,0.698127931786662
test_07563,0.9999825270361371
test_07564,0.9999906150143488
test_07565,4.716399073295132e-05
test_07566,0.008283183778361
test_07567,8.066967902230145e-05
test_07568,0.00010343694529070006
test_07569,0.9890617829125377
test_07570,0.999200860793459
test_07571,0.00010208900772840004
test_07572,0.999999
test_07573,0.999999
test_07574,0.9999773975066688
test_07575,5.647849163053647e-05
test_07576,1.822167832290251e-05
test_07577,2.935716969857271e-05
test_07578,5.331218599211542e-06
test_07579,2.4954631749334444e-06
test_07580,0.9999970669514197
test_07581,1.131843374835302e-05
test_07582,1.4517715649451634e-06
test_07583,0.9999854197413236
test_07584,0.9999736894900759
test_07585,0.922132049633133
test_07586,0.999999
test_07587,0.0069322651337069986
test_07588,0.9998302793615762
test_07589,0.9995467667634489
test_07590,0.0011171814982147998
test_07591,0.9999938789651576
test_07592,1.1531110734992951e-05
test_07593,0.9999812652055181
test_07594,0.940862150799192
test_07595,2.407222593524323e-05
test_07596,7.74082849397036e-06
test_07597,0.9999344767588113
test_07598,0.8727403011564793
test_07599,0.9999181578490638
test_07600,3.7412508345968726e-06
test_07601,6.281593439479372e-06
test_07602,1.8917649792207687e-06
test_07603,0.999999
test_07604,8.734721936152733e-05
test_07605,1.1133717964363382e-05
test_07606,1.5463724378663068e-06
test_07607,0.00021577978666420013
test_07608,0.0168140691139531
test_07609,0.9999979141958196
test_07610,1.0000000000000008e-06
test_07611,1.4507506722822963e-05
test_07612,1.0000000000000008e-06
test_07613,0.011112398355149503
test_07614,0.9999922907460835
test_07615,0.9999641903654864
test_07616,0.9995518735916646
test_07617,0.8628534276615885
test_07618,0.9999795101857163
test_07619,1.0000000000000008e-06
test_07620,0.014760177085365095
test_07621,2.4714793397649018e-06
test_07622,0.00026021869603679997
test_07623,0.9999988688303066
test_07624,3.0019350508592564e-06
test_07625,1.0000000000000008e-06
test_07626,0.9999937931625406
test_07627,0.9997950081260026
test_07628,0.9999852086253339
test_07629,5.6958169465677364e-05
test_07630,0.9999707553578923
test_07631,2.4153620388420338e-05
test_07632,0.00042368265746989985
test_07633,0.0043828657823411004
test_07634,0.9999986695828688
test_07635,0.9999668799424934
test_07636,5.836146258991303e-05
test_07637,0.998032110471701
test_07638,0.9999984929499067
test_07639,3.001067783854185e-05
test_07640,8.750052928166328e-05
test_07641,0.999824848085368
test_07642,0.00026763535212240015
test_07643,0.9999975637934376
test_07644,0.999999
test_07645,0.0004616497977244998
test_07646,0.9952847099727526
test_07647,0.999999
test_07648,2.0214530223640035e-05
test_07649,0.9979485301818392
test_07650,0.9999930673688239
test_07651,0.8452964691519795
test_07652,0.995425694509307
test_07653,0.9999713432659121
test_07654,0.9999636971872602
test_07655,0.008974325589604497
test_07656,5.80603645456026e-05
test_07657,0.9999964022444476
test_07658,2.3973655134011093e-06
test_07659,0.9999976910953068
test_07660,0.0286220527912434
test_07661,0.9999799706234616
test_07662,0.00010946597717289994
test_07663,4.0785515261916674e-05
test_07664,5.007640552040857e-05
test_07665,2.916755402316172e-05
test_07666,0.9999789487327791
test_07667,4.043142159454997e-05
test_07668,1.1031723972179028e-06
test_07669,0.9999988244388135
test_07670,1.0464348099691765e-05
test_07671,6.074594051229809e-05
test_07672,3.770635879628508e-06
test_07673,1.8681439492298356e-06
test_07674,0.9687610046121039
test_07675,3.906969840355305e-06
test_07676,7.466826990182409e-05
test_07677,0.016693459343785005
test_07678,0.0027667318553136993
test_07679,0.00016318623597719992
test_07680,0.9992915001830215
test_07681,9.62176423338466e-06
test_07682,1.2485170148225545e-05
test_07683,0.9999988357143008
test_07684,0.9935685758844714
test_07685,0.0025982662519302992
test_07686,0.0003735442773739999
test_07687,0.49435138321421856
test_07688,0.8069530754852163
test_07689,0.9999229333996179
test_07690,0.9998030706237682
test_07691,1.5588232970123936e-05
test_07692,0.9999988605112947
test_07693,0.9999712871982406
test_07694,1.053862890988076e-05
test_07695,0.0146927616004892
test_07696,0.00012083010497259998
test_07697,0.999953247224494
test_07698,0.9999824699660862
test_07699,9.856038354394842e-06
test_07700,0.9890625233813836
test_07701,8.99885990323568e-06
test_07702,0.00027284144239800003
test_07703,0.9999928135506057
test_07704,0.999994648023798
test_07705,2.4234898033604933e-05
test_07706,0.974897240157087
test_07707,0.03263575670834519
test_07708,0.9999969579536935
test_07709,0.9990827908030924
test_07710,0.999999
test_07711,0.9998103260550489
test_07712,6.859244566341483e-06
test_07713,5.28351289515155e-06
test_07714,1.0000000000000008e-06
test_07715,0.9999634908068212
test_07716,0.999807921877797
test_07717,1.8658755076105278e-06
test_07718,0.0006420259726208998
test_07719,5.647779938011754e-05
test_07720,0.00019478436552750002
test_07721,0.0006627014286446998
test_07722,1.9056660135111232e-05
test_07723,1.3233739838711013e-05
test_07724,0.999999
test_07725,0.9993235843661586
test_07726,0.5385136117538564
test_07727,0.00012088560025249992
test_07728,0.010384676482907203
test_07729,0.9999988576082125
test_07730,0.0005202747588653998
test_07731,1.0000000000000008e-06
test_07732,0.827647994049601
test_07733,0.999999
test_07734,0.0009057234502599995
test_07735,0.00023471675593609992
test_07736,9.170888343414702e-06
test_07737,0.9999902464299735
test_07738,0.00045170064238580013
test_07739,0.1338715822216773
test_07740,0.00047783653274720023
test_07741,1.5244124215187207e-05
test_07742,0.9824819887031634
test_07743,0.9999791760655646
test_07744,0.00011007481597799995
test_07745,0.24286496590400142
test_07746,0.06882582900194711
test_07747,0.0016309516626168998
test_07748,0.00015445373003720008
test_07749,0.9999216412345874
test_07750,0.9999938328891272
test_07751,0.027868743526877102
test_07752,4.262722837072084e-06
test_07753,0.06279295119440181
test_07754,0.03677220671858989
test_07755,0.0001593171964154
test_07756,0.9984576678310573
test_07757,0.00014212643217009996
test_07758,0.0020024294370946005
test_07759,0.9923765336960946
test_07760,0.005896261725216903
test_07761,0.9979910295201218
test_07762,0.9911545449831477
test_07763,0.9999914702548911
test_07764,0.999899548621489
test_07765,0.1084152063130746
test_07766,0.999999
test_07767,6.092702878815843e-06
test_07768,0.024318404688790204
test_07769,2.1499491926297894e-06
test_07770,5.715829553772464e-05
test_07771,0.9998250946709789
test_07772,0.999999
test_07773,0.9999468008614614
test_07774,4.722637060649233e-06
test_07775,2.878093436097329e-05
test_07776,0.08983532320273374
test_07777,0.9999980142639701
test_07778,0.9794740269424321
test_07779,0.999966758292641
test_07780,0.9966270643033156
test_07781,3.3731316947127566e-06
test_07782,0.005019063647229798
test_07783,0.0001348896853582001
test_07784,0.0014031776082270996
test_07785,0.0017511705381029995
test_07786,0.16309947262491137
test_07787,0.9999680096540241
test_07788,0.9999975408250845
test_07789,0.9939713452779768
test_07790,3.6017156325018716e-05
test_07791,0.0003429590041910999
test_07792,0.00015279664616780009
test_07793,1.9859176838802928e-06
test_07794,0.0004870221324430998
test_07795,0.9792018397484885
test_07796,0.0003936369038542998
test_07797,6.627298721220796e-05
test_07798,0.9997208967371679
test_07799,0.9999680051586657
test_07800,0.9945550171241254
test_07801,1.0000000000000008e-06
test_07802,0.9961514882496703
test_07803,0.9998230499236574
test_07804,0.9999958751362488
test_07805,3.036196729183333e-05
test_07806,0.00011534357798470001
test_07807,0.0003112141099086999
test_07808,1.0000000000000008e-06
test_07809,4.714515613984781e-05
test_07810,0.00023766967040859981
test_07811,0.9998783738914203
test_07812,0.10553488149790188
test_07813,0.9999897626479824
test_07814,0.014250846056401398
test_07815,1.6604141772366268e-06
test_07816,1.7714327172319212e-05
test_07817,0.9998332461805621
test_07818,1.8771799246424044e-06
test_07819,0.9998957980607494
test_07820,2.020400155161749e-06
test_07821,0.9999622246103831
test_07822,5.305651739866249e-05
test_07823,1.2346152779204091e-06
test_07824,0.9999471862057774
test_07825,0.9999793074517376
test_07826,0.00013372781139800002
test_07827,0.9615369123514156
test_07828,2.5240116012982836e-05
test_07829,0.9998031425821645
test_07830,0.0005468659406294
test_07831,0.999999
test_07832,0.9999528445604875
test_07833,0.8971459923891141
test_07834,0.9987213446171972
test_07835,0.9992389549230496
test_07836,0.05728567436126129
test_07837,1.4227745646687097e-06
test_07838,0.999998911236747
test_07839,0.9999940783924522
test_07840,0.9990908059836131
test_07841,1.5811002196736738e-05
test_07842,0.00023474018149920016
test_07843,4.813715477162551e-06
test_07844,0.9952651198610788
test_07845,0.9999977805533383
test_07846,0.0010756171832955997
test_07847,0.9937442284341658
test_07848,8.502058826776607e-05
test_07849,0.9999746142339004
test_07850,0.9999974815145342
test_07851,0.0008321460764127998
test_07852,0.9801802857154758
test_07853,2.0208711012685235e-05
test_07854,0.9998412999074244
test_07855,0.0008297992777291002
test_07856,0.0013323150526775003
test_07857,0.0007388915222534002
test_07858,1.7860314430438482e-05
test_07859,0.9999021358926009
test_07860,9.089393121050975e-06
test_07861,2.3756424366428138e-05
test_07862,8.517794168735247e-06
test_07863,0.20948898866861898
test_07864,0.034367998098934996
test_07865,0.9997310730369882
test_07866,0.9294880662180565
test_07867,3.05423378605625e-06
test_07868,0.9999965280912141
test_07869,0.9995770298524586
test_07870,0.0011128720545646998
test_07871,0.999973395968775
test_07872,0.017593679904761097
test_07873,5.348385363214699e-06
test_07874,0.00040250439947289983
test_07875,1.0000000000000008e-06
test_07876,0.10974055436639989
test_07877,8.296412312914463e-05
test_07878,0.00025144682596100007
test_07879,1.0000000000000008e-06
test_07880,0.9798429062275879
test_07881,0.985478249811774
test_07882,0.9990847958256307
test_07883,0.9999392702274378
test_07884,0.8582203198216564
test_07885,0.9999607906522884
test_07886,4.945234142186821e-06
test_07887,0.9999869843877406
test_07888,0.0006172442104089999
test_07889,0.9999975920080872
test_07890,0.9974354338986016
test_07891,0.9992940066117134
test_07892,0.0007942769594155002
test_07893,0.99946938982773
test_07894,7.764383404529661e-05
test_07895,0.0618057164344943
test_07896,0.9998475860061222
test_07897,0.0004416562370165
test_07898,0.9999499853539188
test_07899,0.999999
test_07900,0.999999
test_07901,0.9999947719710808
test_07902,1.0000000000000008e-06
test_07903,0.0010671775427299002
test_07904,1.0000000000000008e-06
test_07905,0.0865678920387785
test_07906,0.00014460013128970008
test_07907,0.10770590641910396
test_07908,3.184835617693213e-06
test_07909,0.9967211674921896
test_07910,0.9972207889641429
test_07911,0.9999532314420242
test_07912,5.218163739526965e-06
test_07913,6.003918956295932e-06
test_07914,6.51271683229446e-06
test_07915,5.9218007382156336e-05
test_07916,0.9997042140891651
test_07917,1.1135236377863024e-05
test_07918,3.518654277841694e-06
test_07919,2.904630366287141e-05
test_07920,5.0048358958756205e-06
test_07921,0.9999891832293064
test_07922,0.044655717713099605
test_07923,0.9999401656589159
test_07924,0.00016422669190129988
test_07925,2.1803514009396672e-05
test_07926,0.0002980655854528002
test_07927,0.9999662756680093
test_07928,0.0011290281917275004
test_07929,1.1997952574823708e-05
test_07930,0.0006964319154318002
test_07931,0.00019200780934340003
test_07932,0.9999681265021696
test_07933,0.9999987362895078
test_07934,0.00015064855425920014
test_07935,0.042498359160280906
test_07936,7.186761826328636e-05
test_07937,0.08464575641310625
test_07938,0.9995449582926331
test_07939,8.772782069100437e-05
test_07940,3.949002910607196e-05
test_07941,0.09853068578453615
test_07942,1.0677058244462909e-05
test_07943,0.9997259241928288
test_07944,0.0095253765733302
test_07945,9.594323379250649e-06
test_07946,4.2910691212362896e-06
test_07947,0.9999951882520866
test_07948,0.1464426207737138
test_07949,0.9999602225017876
test_07950,0.9999856080623896
test_07951,1.6092859841219293e-06
test_07952,0.028131040207398608
test_07953,7.433510590976034e-05
test_07954,0.0002834975597608
test_07955,1.3896704877844292e-06
test_07956,0.005168589560687201
test_07957,0.07308668824453739
test_07958,0.0018392850106444
test_07959,0.9999595973007102
test_07960,1.2510943936585113e-05
test_07961,0.9999957220059186
test_07962,2.3721057836292276e-05
test_07963,0.9998479337975017
test_07964,1.1878190488643858e-06
test_07965,4.532057004896892e-06
test_07966,0.9997315529113026
test_07967,0.9998512891116312
test_07968,0.00028153391191899994
test_07969,0.0003034788856946
test_07970,4.315679263235904e-05
test_07971,3.374255169578484e-05
test_07972,0.9998454100643462
test_07973,9.68950593045393e-06
test_07974,0.9978066700581445
test_07975,0.0002561587792481001
test_07976,0.0937600572601197
test_07977,0.00016741087562690006
test_07978,0.9999441045917485
test_07979,3.655803273563029e-06
test_07980,0.09944192316843714
test_07981,0.017933435391271492
test_07982,9.087691632672027e-05
test_07983,0.00014909333836720008
test_07984,0.997923748259317
test_07985,0.9999985681834878
test_07986,0.024804157031046995
test_07987,1.7643958081576922e-06
test_07988,0.0001578779228127001
test_07989,1.1255804830551684e-05
test_07990,0.9972210344688297
test_07991,0.9997975051317709
test_07992,5.7779070598400746e-05
test_07993,0.9999989429334438
test_07994,0.8603952865179764
test_07995,0.9961508798159372
test_07996,0.9999732743583806
test_07997,0.9999671647136191
test_07998,0.9998651653321952
test_07999,0.9999840870663086
test_08000,0.0050686526778913
test_08001,1.98568087904991e-05
test_08002,0.00012752413426309997
test_08003,0.984057118294852
test_08004,0.00011975567588330006
test_08005,0.9999934690246328
test_08006,0.9983172397926033
test_08007,2.8081509811450498e-06
test_08008,0.9998128780472244
test_08009,1.0240999647899917e-05
test_08010,0.9998210994239992
test_08011,0.99982756956097
test_08012,0.9999908454996107
test_08013,1.4152771211401448e-05
test_08014,0.0008898861503785004
test_08015,1.1366602043325912e-05
test_08016,0.9986512068700926
test_08017,0.017160231177880996
test_08018,0.99999715762388
test_08019,0.999999
test_08020,0.9999858590607144
test_08021,0.421374597661072
test_08022,0.0015613867948982003
test_08023,3.0133676104543767e-06
test_08024,5.238153001067414e-06
test_08025,0.6336794816666997
test_08026,0.9999976653504917
test_08027,0.9602057415351526
test_08028,0.0029482244621167014
test_08029,0.9999855960423097
test_08030,0.006395911899725
test_08031,2.1572270977572594e-05
test_08032,0.9999707442922731
test_08033,7.82039594822571e-05
test_08034,0.999999
test_08035,5.064945819419971e-05
test_08036,0.9975984672435552
test_08037,0.00019360062906749996
test_08038,0.99637520975738
test_08039,0.9999233042267095
test_08040,0.9987591561697146
test_08041,0.9985533024341194
test_08042,0.9998875012434806
test_08043,0.0006508216696310003
test_08044,0.00016920017158870014
test_08045,0.018651152616247595
test_08046,0.0006744421444499998
test_08047,1.0000000000000008e-06
test_08048,0.10681802192055728
test_08049,0.9998930739537298
test_08050,2.795678337706542e-05
test_08051,8.122212302480504e-05
test_08052,0.9999888652468822
test_08053,0.43548188940358845
test_08054,7.861786709559465e-05
test_08055,0.99999365706416
test_08056,0.999992507065344
test_08057,3.1907768058673165e-05
test_08058,0.00035631132840619996
test_08059,0.00012510405843659992
test_08060,0.9999981740116888
test_08061,0.0018697010890736001
test_08062,0.9999379041293858
test_08063,0.18346952967764302
test_08064,0.0041794373639601
test_08065,0.999997580931873
test_08066,0.0002759643052576001
test_08067,0.999986393291844
test_08068,0.6401242482140789
test_08069,0.7633909064055003
test_08070,2.1100156385080244e-06
test_08071,0.9999179267977817
test_08072,1.179846594566234e-05
test_08073,0.9998632605319362
test_08074,0.0024318329851117
test_08075,0.9674474029568711
test_08076,1.2336130786766212e-05
test_08077,1.1736604908202519e-05
test_08078,0.9901502825544963
test_08079,1.0797129915060287e-05
test_08080,0.998583693106355
test_08081,3.133335152524176e-05
test_08082,2.3274597562700708e-05
test_08083,0.9999898669302497
test_08084,2.7430904865753103e-05
test_08085,6.669531495901118e-05
test_08086,0.00010404883103069995
test_08087,0.999832624665104
test_08088,0.9999443900120596
test_08089,0.0012378015422768
test_08090,0.0035053822347803987
test_08091,0.9999986391554414
test_08092,0.9798068021583982
test_08093,0.0733436171636956
test_08094,0.0001706255557390999
test_08095,0.9953331424219962
test_08096,6.476442591888266e-05
test_08097,0.9996788620152232
test_08098,2.323882422562002e-06
test_08099,0.00020672124803710007
test_08100,0.9999858593752091
test_08101,3.4694362656926357e-06
test_08102,1.7340593858475456e-06
test_08103,0.999985232372522
test_08104,3.7477020489115387e-06
test_08105,0.9999938866437258
test_08106,0.999842273082088
test_08107,0.894757351004217
test_08108,2.3104929347499182e-05
test_08109,0.9991222344402945
test_08110,0.9999917917982154
test_08111,4.247258044208698e-06
test_08112,0.9999984130380879
test_08113,9.121248774618579e-06
test_08114,4.720215006219683e-06
test_08115,4.484848919095899e-06
test_08116,0.9999708250323438
test_08117,6.0667754599492884e-05
test_08118,6.667653767038281e-05
test_08119,0.2846584900054841
test_08120,3.017956098539678e-05
test_08121,0.0012929470884367003
test_08122,0.9999831231405379
test_08123,0.02371000418846691
test_08124,0.7765835302519595
test_08125,0.9999438392357659
test_08126,0.0172242107389969
test_08127,2.595630956739686e-05
test_08128,0.39026330305138457
test_08129,0.0012186137135109995
test_08130,4.572115913822932e-06
test_08131,0.9999970361781709
test_08132,1.0000000000000008e-06
test_08133,0.0012165787969659998
test_08134,0.00036074464278019997
test_08135,1.0729612561494286e-05
test_08136,0.999995065164758
test_08137,6.1400732135661e-06
test_08138,1.0891854981561612e-05
test_08139,0.999992418112703
test_08140,0.9999337766622506
test_08141,0.9999270193529711
test_08142,0.999999
test_08143,0.9958322282470183
test_08144,0.9999272434339745
test_08145,3.417262835171485e-05
test_08146,0.9981618921731095
test_08147,0.08960428701328982
test_08148,0.00013147108671649998
test_08149,1.9983343123126014e-05
test_08150,0.9953274670313446
test_08151,0.9988655139311233
test_08152,0.012315674645889804
test_08153,0.49938799801583056
test_08154,6.30922888319862e-05
test_08155,5.752237416871788e-05
test_08156,1.3161985363341502e-05
test_08157,0.0008560429297500999
test_08158,1.8033465649886373e-06
test_08159,0.999999
test_08160,0.9999987724942725
test_08161,0.9982569339961169
test_08162,0.0033117466921239987
test_08163,0.9999960058505339
test_08164,0.005418668942298099
test_08165,9.164115132359752e-05
test_08166,0.00016951437729869985
test_08167,7.617695157867782e-06
test_08168,0.999991265951492
test_08169,0.9961876805655482
test_08170,4.893578761893677e-06
test_08171,0.9999214875993444
test_08172,0.9973780613357942
test_08173,0.00023386786117010006
test_08174,0.014085633960855598
test_08175,0.9999441756306835
test_08176,0.9988976523826081
test_08177,0.9999420067408057
test_08178,0.9997744933157512
test_08179,0.9934098472378133
test_08180,2.1130048200921983e-06
test_08181,0.0034756301197109004
test_08182,0.0006572179506420998
test_08183,0.9999490682543841
test_08184,0.9999923116066312
test_08185,0.9646726815094668
test_08186,0.9942742615638396
test_08187,0.9980985511299644
test_08188,1.1184075805885932e-05
test_08189,6.578316846803559e-05
test_08190,1.3433690839724353e-05
test_08191,0.3907303731221743
test_08192,0.9986402092428627
test_08193,0.9999974646662666
test_08194,0.3223731332019817
test_08195,1.0000000000000008e-06
test_08196,8.653608245710352e-05
test_08197,0.999999
test_08198,0.9999447188566151
test_08199,0.00024377964006620022
test_08200,0.9999909649523252
test_08201,1.1423647007841655e-05
test_08202,0.9998939003663343
test_08203,0.9747521719325262
test_08204,0.9954177828891813
test_08205,0.9920622389731049
test_08206,0.007685280189569902
test_08207,0.9999968000410533
test_08208,0.2860369690097585
test_08209,3.7859781534363096e-05
test_08210,3.618238969129562e-05
test_08211,1.954351571764061e-06
test_08212,0.9999741289277402
test_08213,0.9999885855860661
test_08214,1.8311723007972622e-05
test_08215,2.067102569336015e-06
test_08216,2.2481549194836445e-05
test_08217,0.9999693978670815
test_08218,0.9996811950420037
test_08219,0.0013515541525688005
test_08220,6.492652078853925e-06
test_08221,2.0514175975735e-05
test_08222,0.9999913756373857
test_08223,1.0000000000000008e-06
test_08224,3.7898075564959907e-06
test_08225,3.10044378946811e-05
test_08226,0.9986161402337955
test_08227,0.9999968759551278
test_08228,0.9999930453831932
test_08229,5.196449622233185e-06
test_08230,0.09744492437842568
test_08231,2.225371818415303e-05
test_08232,0.0005406066874498
test_08233,1.0000000000000008e-06
test_08234,1.3890318172532993e-06
test_08235,4.199767951134228e-06
test_08236,0.0340901954534509
test_08237,0.9999120055335188
test_08238,0.9999945290372934
test_08239,0.9999970838301826
test_08240,0.9276254872031523
test_08241,0.9930751175134344
test_08242,0.9272546342046537
test_08243,1.0000000000000008e-06
test_08244,0.9991862782742227
test_08245,0.009934213218375804
test_08246,0.8833948674668323
test_08247,0.00019631332867609994
test_08248,0.0184707960069818
test_08249,0.9999955375015003
test_08250,0.8178015354376432
test_08251,0.999982898842735
test_08252,0.9999974336812115
test_08253,5.186977384991662e-06
test_08254,0.9606258948089016
test_08255,3.885490348148753e-06
test_08256,5.527048753389438e-05
test_08257,1.0000000000000008e-06
test_08258,0.5755222070739221
test_08259,0.9999833625847662
test_08260,0.7615872265626978
test_08261,0.999999
test_08262,0.9997903982062218
test_08263,0.999962585224566
test_08264,0.9998983504323713
test_08265,0.9993881887989869
test_08266,0.997401731351561
test_08267,7.483976636650223e-05
test_08268,8.971712748108117e-05
test_08269,0.9999934209501792
test_08270,9.656019516891884e-05
test_08271,0.8864276644747705
test_08272,0.9953875500529794
test_08273,0.9261568969033226
test_08274,0.9999132562705264
test_08275,0.0020462915610838994
test_08276,0.999997098079698
test_08277,5.179107125899985e-06
test_08278,0.0006122858731482002
test_08279,0.0445413772076245
test_08280,9.190365077135344e-06
test_08281,0.7664029890296084
test_08282,0.9976024276036384
test_08283,0.9990662007845644
test_08284,0.999090713453985
test_08285,0.9999874449587418
test_08286,2.7737848909423743e-05
test_08287,0.0009615221923061001
test_08288,5.147185762713436e-05
test_08289,0.0003689114151872001
test_08290,1.305837028756352e-05
test_08291,0.09299117439450269
test_08292,5.20832951154953e-06
test_08293,0.9997544353384724
test_08294,0.012918541321437996
test_08295,0.999992480968818
test_08296,0.9999517184600164
test_08297,0.999999
test_08298,7.058922788939161e-05
test_08299,1.2430153788277783e-06
test_08300,0.9999648323705453
test_08301,0.9929331268964126
test_08302,0.9998965349228602
test_08303,0.9999775001821593
test_08304,0.9997014525461878
test_08305,0.004460874210042899
test_08306,1.0000000000000008e-06
test_08307,0.9977147619465982
test_08308,0.9987342842847183
test_08309,0.00031402450489579985
test_08310,0.9998461854236486
test_08311,0.0012120391489726997
test_08312,0.9998448491707044
test_08313,0.9999912917196895
test_08314,3.6817083836441197e-06
test_08315,0.9999813098038169
test_08316,0.9999575476532448
test_08317,0.9964267859897565
test_08318,0.00011275251151069993
test_08319,0.999997486883229
test_08320,0.9952158481018659
test_08321,0.9765838597534743
test_08322,0.9999699712736642
test_08323,0.9999799134637328
test_08324,0.8037632819426987
test_08325,0.9999898033646604
test_08326,5.1303016811649695e-05
test_08327,0.00012147170827139997
test_08328,7.472452806976429e-05
test_08329,0.9999869884515515
test_08330,0.9929553280258504
test_08331,0.9975335729828936
test_08332,9.74611589870539e-05
test_08333,0.0003017703228584002
test_08334,0.9986043844567029
test_08335,0.24719227957487597
test_08336,0.1416262724777936
test_08337,0.982849678759949
test_08338,0.9999477268670911
test_08339,5.5500639368720464e-05
test_08340,5.604419786187033e-06
test_08341,0.999991621777607
test_08342,2.0458390892462048e-05
test_08343,0.9728205020319753
test_08344,0.9996692800796999
test_08345,0.9999710294904091
test_08346,0.0004911103019079997
test_08347,0.0037010107563376
test_08348,0.999999
test_08349,1.9056417021979196e-05
test_08350,0.9999063061823331
test_08351,0.999996612760845
test_08352,7.221906038787471e-06
test_08353,0.9999823394990958
test_08354,7.813015334060412e-06
test_08355,0.9966142638397665
test_08356,0.26727714467834934
test_08357,2.3653638260594027e-05
test_08358,0.9997427972301097
test_08359,0.9998794528149517
test_08360,0.9994202713008002
test_08361,0.9938837477395089
test_08362,3.218317112487263e-06
test_08363,0.9999314131000923
test_08364,0.0039470028489568005
test_08365,0.0007312295986532999
test_08366,0.9487907397217799
test_08367,0.9998496748546546
test_08368,0.9999468213901664
test_08369,8.770940282097555e-05
test_08370,0.9998019442506912
test_08371,2.5307122037785754e-05
test_08372,2.8673824968940144e-05
test_08373,0.9999732152072971
test_08374,0.9999965766187341
test_08375,1.655544984327185e-05
test_08376,0.9998802008007255
test_08377,0.9768194545590742
test_08378,0.9721327798902647
test_08379,0.9997589336299455
test_08380,0.9999901910390886
test_08381,0.9995705200848533
test_08382,0.999726859812151
test_08383,4.3549719892809806e-05
test_08384,1.4568269744255014e-05
test_08385,5.756500531806125e-05
test_08386,1.0000000000000008e-06
test_08387,8.87248758911732e-05
test_08388,3.867256830361602e-06
test_08389,0.9559531709232786
test_08390,0.00026954471151940024
test_08391,0.0037958509694462008
test_08392,0.9998339178523156
test_08393,0.9999975519300773
test_08394,1.09750910456492e-05
test_08395,0.00030914146238100016
test_08396,0.0011070778493220005
test_08397,0.0001975021965731
test_08398,0.9999780054739306
test_08399,2.0951343797321042e-05
test_08400,3.0010730038227907e-05
test_08401,0.0009456636215773
test_08402,0.014148915362502096
test_08403,0.0014646301607972995
test_08404,0.9998428738164178
test_08405,6.418898461144782e-06
test_08406,5.219347790325897e-06
test_08407,0.9994637381478221
test_08408,0.0010813962789968001
test_08409,2.1674305749687334e-05
test_08410,0.9973764163507046
test_08411,0.9999606063102775
test_08412,0.999992617152917
test_08413,1.0644473484051481e-05
test_08414,0.00027702953871860004
test_08415,9.105560688612094e-06
test_08416,0.999999
test_08417,0.9996321975120134
test_08418,0.9998947999968146
test_08419,0.00014068055214150004
test_08420,0.7191535857881285
test_08421,0.007289884843146499
test_08422,0.9991243399775799
test_08423,0.9999845461664195
test_08424,3.700271878861251e-06
test_08425,0.0004584061326954002
test_08426,1.5813971864750846e-05
test_08427,0.9999659672157187
test_08428,0.9999955053676366
test_08429,2.2945494034344163e-05
test_08430,0.9951127632912321
test_08431,0.0222528136706792
test_08432,0.05833297180740581
test_08433,0.3752245038011398
test_08434,0.9954436455272886
test_08435,3.0441189034286697e-06
test_08436,0.9999896506928628
test_08437,4.120782762876299e-06
test_08438,0.9969539641363275
test_08439,0.04680359357864247
test_08440,0.9998594716554984
test_08441,0.015358719945398707
test_08442,0.47875042413895114
test_08443,0.00028106238795999985
test_08444,6.813177955896147e-05
test_08445,0.9996091017479093
test_08446,5.553099627838942e-05
test_08447,2.1108068446233367e-05
test_08448,0.1240965493630828
test_08449,0.9954897143873334
test_08450,0.38113275278929665
test_08451,2.7786434604128345e-05
test_08452,0.0115146439443409
test_08453,8.652730777479933e-06
test_08454,0.0001891076161937001
test_08455,0.7882796546749222
test_08456,0.9999976363693476
test_08457,0.9998135736059589
test_08458,0.00042775734842059984
test_08459,0.9999588428546178
test_08460,0.9999983784988615
test_08461,9.915647375783637e-06
test_08462,0.00013822832138860012
test_08463,0.9999770957186469
test_08464,0.0018237315493402995
test_08465,0.9999970549557695
test_08466,0.0013567622198256003
test_08467,1.2968985751795025e-05
test_08468,0.9999687872076622
test_08469,0.0001282552880061999
test_08470,2.760187886875028e-06
test_08471,0.0013244155003354996
test_08472,0.9997821957928194
test_08473,2.7639860624856215e-06
test_08474,0.9999756990030809
test_08475,2.5226816634520774e-05
test_08476,0.9347645471061847
test_08477,0.9999436906900988
test_08478,0.9997696554064668
test_08479,0.07675246722940741
test_08480,0.00017086167351460004
test_08481,0.012371180898030503
test_08482,0.99998518437332
test_08483,3.4738189667732636e-05
test_08484,0.999637007198886
test_08485,0.13777826588169506
test_08486,0.22074970438808653
test_08487,0.0180458481618728
test_08488,0.0022958089833470005
test_08489,0.005041831235219102
test_08490,0.9906203872086978
test_08491,0.9999944346667132
test_08492,0.9999943447629726
test_08493,0.9839165207704107
test_08494,0.05964095053946507
test_08495,0.014877210881561404
test_08496,0.005938857942429898
test_08497,0.9994208868976829
test_08498,1.5314196566655154e-05
test_08499,0.6034582991673605
test_08500,0.9998337639912872
test_08501,7.009402902072527e-06
test_08502,0.9999790104788812
test_08503,0.00042314194082359983
test_08504,0.9977817738189281
test_08505,3.3683996884705876e-05
test_08506,0.38949430304974836
test_08507,2.2019211062320364e-06
test_08508,0.9999590820460408
test_08509,0.9932300363724952
test_08510,0.9999669046991391
test_08511,0.45264572235400174
test_08512,0.9995239664650597
test_08513,0.999991018669107
test_08514,3.8100496620159533e-06
test_08515,0.9999934395105948
test_08516,0.999999
test_08517,0.9999770830008462
test_08518,0.9998698618124638
test_08519,0.999999
test_08520,0.006538643017838497
test_08521,3.621019910042417e-05
test_08522,0.003127823476347401
test_08523,7.149503219661397e-06
test_08524,0.0001256443500912001
test_08525,0.9999843010019802
test_08526,3.6512575171762186e-05
test_08527,7.0026997344915374e-06
test_08528,6.859857735204652e-05
test_08529,0.9972581869017383
test_08530,1.0000000000000008e-06
test_08531,0.9430153307651565
test_08532,0.9996216187452556
test_08533,0.17493323606613365
test_08534,0.00010492134410930008
test_08535,0.9999923585876943
test_08536,4.355868371398043e-05
test_08537,0.9997446848801157
test_08538,0.9895275609060686
test_08539,0.9927198569241804
test_08540,0.9999911482015863
test_08541,9.886891976048009e-06
test_08542,0.9935924301509438
test_08543,0.00018794401635999984
test_08544,0.9998878000935977
test_08545,0.9973191782951805
test_08546,0.9843419485846184
test_08547,0.9999578855109134
test_08548,0.002514475328277399
test_08549,5.698011600824246e-05
test_08550,0.9922922698901658
test_08551,0.9999487689301355
test_08552,0.9541472853163556
test_08553,0.999937790244748
test_08554,2.4300923313874706e-06
test_08555,0.9995067233024192
test_08556,4.5826720836888045e-06
test_08557,0.0004359100085097999
test_08558,3.861943120114389e-05
test_08559,0.9999414234211533
test_08560,0.006662776872858299
test_08561,0.9999203709955686
test_08562,0.990068226754315
test_08563,1.6186381673633546e-06
test_08564,1.2662334196842987e-05
test_08565,0.9999968618791991
test_08566,0.9999654889414314
test_08567,0.0008370047811632998
test_08568,0.9997720466100346
test_08569,0.00015628189931400006
test_08570,0.007607192207030999
test_08571,0.0005598690706163002
test_08572,0.9999737056104645
test_08573,0.9998983698152734
test_08574,6.748751975863399e-05
test_08575,0.9811744358555126
test_08576,0.42793180057776264
test_08577,0.99983428210154
test_08578,2.5801310159239745e-05
test_08579,0.9990470375512912
test_08580,0.9998703404142949
test_08581,0.9999740094118296
test_08582,0.021960782944171198
test_08583,1.4192632146733413e-05
test_08584,0.0003956744220851999
test_08585,0.00038264010705400006
test_08586,0.9999272303833027
test_08587,0.00017454313383999991
test_08588,0.9958533237884211
test_08589,0.5167498543547691
test_08590,0.9792822023737288
test_08591,1.3261055147853547e-05
test_08592,0.9997538858643757
test_08593,0.0002843965612922
test_08594,0.0002610776970692001
test_08595,0.9929183803756613
test_08596,0.9998602937130602
test_08597,0.961364714224534
test_08598,0.9888396710885158
test_08599,0.030877091935549
test_08600,0.9999201786847871
test_08601,0.9999971327790833
test_08602,0.9979133154290712
test_08603,0.9991766333009399
test_08604,0.9999947180469458
test_08605,0.10803804753707022
test_08606,0.9999955369304042
test_08607,0.9999635783184332
test_08608,0.9954011358393017
test_08609,0.005517516911592298
test_08610,0.9864796263430591
test_08611,1.7011659364419882e-05
test_08612,0.9999988374403994
test_08613,0.8868988489800069
test_08614,0.9998765312874294
test_08615,0.026472524894530405
test_08616,0.9999971438351343
test_08617,5.422768878839593e-05
test_08618,6.470800726202489e-05
test_08619,0.9999404384713535
test_08620,0.9999882089165434
test_08621,0.9999926749007721
test_08622,0.9999861098047805
test_08623,4.156529451112623e-06
test_08624,0.9287556317222974
test_08625,0.9999352585507656
test_08626,0.0005544720246780998
test_08627,3.909435246547864e-05
test_08628,0.9999918896277118
test_08629,0.00011790729166200005
test_08630,0.9999710384950438
test_08631,0.015458130020651505
test_08632,5.317944269820461e-06
test_08633,0.9999954003111092
test_08634,0.9998850635804383
test_08635,0.28455804095168585
test_08636,0.0010895582332778998
test_08637,0.9997407354828013
test_08638,0.9999667855697998
test_08639,2.9440050907230663e-05
test_08640,9.769603625324191e-05
test_08641,0.006875786205115604
test_08642,0.9999952493748939
test_08643,0.002171963542341201
test_08644,0.9999525937063595
test_08645,0.00014087512682920008
test_08646,0.0002646179312574001
test_08647,9.59068404148247e-06
test_08648,8.622733505206532e-06
test_08649,0.9999035588036981
test_08650,0.9995864265908853
test_08651,0.9993310870065497
test_08652,0.9995963303690193
test_08653,0.9998959549639503
test_08654,8.217901161137e-06
test_08655,0.9988635349108209
test_08656,0.008530202640332904
test_08657,0.9996908118728198
test_08658,0.9992666965631035
test_08659,5.914258239740923e-06
test_08660,0.11195351304208129
test_08661,0.0069689585989081
test_08662,3.862334682589818e-05
test_08663,2.96059574226213e-06
test_08664,2.379454203906528e-05
test_08665,1.3288814872327125e-05
test_08666,0.9999969877946908
test_08667,0.9999937312829223
test_08668,0.9998091635377389
test_08669,0.9998394196384471
test_08670,0.9954296611495036
test_08671,0.9574852505976252
test_08672,0.9999884651460499
test_08673,0.9999983623939607
test_08674,0.999999
test_08675,2.7825396495763875e-06
test_08676,0.9925891751956151
test_08677,0.9941231662526413
test_08678,0.9920598920866674
test_08679,0.9995996449742214
test_08680,0.9999989968253666
test_08681,6.531219386789137e-05
test_08682,0.010882344990112695
test_08683,0.9088309483635104
test_08684,0.012425991242031496
test_08685,0.9998570106748743
test_08686,0.9999810316167532
test_08687,0.00023366090627639994
test_08688,0.9994856370821029
test_08689,0.9999846934473695
test_08690,0.00031955599968449996
test_08691,0.9999860323803497
test_08692,0.9999976621178382
test_08693,1.4309169728583763e-06
test_08694,0.0001414363531644999
test_08695,0.9998227388757419
test_08696,0.0001230313604083999
test_08697,1.1137860698583328e-05
test_08698,0.9803368890498357
test_08699,0.8708108162553322
test_08700,0.9999793467844755
test_08701,0.9999950688627456
test_08702,4.476256379707832e-06
test_08703,0.0033854417258302985
test_08704,8.309542700097404e-06
test_08705,0.0005841186725798997
test_08706,1.521239688427387e-05
test_08707,0.9990132543843904
test_08708,0.9879383185891557
test_08709,0.999889188823362
test_08710,4.567261117141606e-06
test_08711,0.9999642550107115
test_08712,1.7972430333219586e-05
test_08713,0.9999903687905005
test_08714,0.9988491071464111
test_08715,6.380223000327402e-05
test_08716,0.9999925837957471
test_08717,0.7680881808812517
test_08718,0.0023195291744479
test_08719,0.9993353848764708
test_08720,0.9999942264752038
test_08721,0.9998916002332383
test_08722,0.9999931111253437
test_08723,0.9996601017280115
test_08724,7.108467512766692e-06
test_08725,0.9999599246212902
test_08726,0.999991043357228
test_08727,0.008376246372685404
test_08728,1.3053853217372624e-05
test_08729,0.9822284701038084
test_08730,0.016428509559252298
test_08731,0.999995917934112
test_08732,0.6082027569562595
test_08733,0.00024400709428879996
test_08734,0.9992727559524222
test_08735,0.00030752285098249976
test_08736,0.9999893883451514
test_08737,1.0949005000766436e-05
test_08738,0.6298448347317515
test_08739,0.0017254195592201003
test_08740,0.0004152586744792002
test_08741,0.03229669033920549
test_08742,0.9833545802538702
test_08743,9.388051467299576e-06
test_08744,0.23300294646717049
test_08745,0.9998901701946871
test_08746,0.0007571380664256
test_08747,0.9999846481807715
test_08748,1.41372695856947e-05
test_08749,0.00020609336165899986
test_08750,0.9995015082025103
test_08751,3.285970674891795e-05
test_08752,0.0031016043825267004
test_08753,0.9923105488047959
test_08754,3.901293100140809e-06
test_08755,0.9999400072704299
test_08756,0.9997564312862358
test_08757,0.9999962447185876
test_08758,2.266429619912004e-05
test_08759,4.1948631899112106e-06
test_08760,6.980556564496555e-06
test_08761,0.0949948945897884
test_08762,0.9992564768096778
test_08763,0.0020793686232498006
test_08764,0.9907755243465997
test_08765,0.00026129092560079996
test_08766,0.9999891148688224
test_08767,4.040867311438247e-05
test_08768,0.9999165386003609
test_08769,6.226257734960249e-05
test_08770,0.9999826136661026
test_08771,0.17892279842386002
test_08772,0.00031056791391639995
test_08773,6.64677423324561e-05
test_08774,1.9723697279339883e-05
test_08775,0.9902585192873273
test_08776,0.9999558446233664
test_08777,2.5858017598678485e-05
test_08778,0.9971274523465057
test_08779,0.9823052825712634
test_08780,0.0006232882726156999
test_08781,0.9992648320058338
test_08782,0.012149634883331494
test_08783,0.9999975774827328
test_08784,0.9904819476109512
test_08785,0.010793605985725404
test_08786,0.9743294405113548
test_08787,0.0223889581810581
test_08788,0.03222288625076926
test_08789,0.8516879655374483
test_08790,1.7041831254578993e-05
test_08791,2.6266170208804186e-05
test_08792,9.494622744227648e-06
test_08793,0.0003792368527728999
test_08794,2.3603932316864665e-05
test_08795,0.9999959676557462
test_08796,0.9999981988099313
test_08797,0.9901639864916891
test_08798,0.9989231061696047
test_08799,0.9999981668382288
test_08800,0.9997264747457469
test_08801,0.9999674992067997
test_08802,0.991444465885574
test_08803,0.9999833572235772
test_08804,0.0002735224816266998
test_08805,0.9999898673517236
test_08806,0.9991057294219421
test_08807,0.013834155008065802
test_08808,0.999958967796117
test_08809,0.9997261493354284
test_08810,0.0002887526124474
test_08811,0.999993106040291
test_08812,0.0043350274741954025
test_08813,0.9997953312127189
test_08814,9.074642097067739e-06
test_08815,2.444853372043988e-06
test_08816,4.3399244216455925e-05
test_08817,0.9998502216542453
test_08818,0.008401595072808597
test_08819,0.9999675790125715
test_08820,0.9998119148541664
test_08821,0.00010097093801220002
test_08822,0.9999557893659486
test_08823,0.05271510378901301
test_08824,0.0005110593444077002
test_08825,0.999968759051017
test_08826,8.290845804133883e-05
test_08827,0.9999880972363558
test_08828,0.9998846476232736
test_08829,0.0042941518773184015
test_08830,0.9999265779562472
test_08831,0.3693371942859255
test_08832,3.822811253896686e-06
test_08833,0.999993764395238
test_08834,0.983197233024763
test_08835,0.9998117544774123
test_08836,0.14323517433659722
test_08837,0.9615939950538298
test_08838,0.9995113847386644
test_08839,0.9999982226696696
test_08840,0.9376745050222112
test_08841,0.9977771241585085
test_08842,3.0319138973727734e-05
test_08843,0.9997345164486758
test_08844,0.0001014271650343
test_08845,1.7531371388560414e-06
test_08846,0.9999890018306563
test_08847,0.9925373996329828
test_08848,2.717866857750968e-05
test_08849,0.00028239136882240003
test_08850,0.9999554195244672
test_08851,0.00021983718266620008
test_08852,0.0028425462035600994
test_08853,0.9999964905510487
test_08854,0.9947865942737194
test_08855,0.5596895667010041
test_08856,0.9116407470303518
test_08857,0.9997489242158261
test_08858,0.9995741678293877
test_08859,2.5125651211920307e-06
test_08860,0.9995505660817638
test_08861,0.9999740662670533
test_08862,1.8328207759185088e-05
test_08863,0.0010706042975579
test_08864,0.008264816488172299
test_08865,0.0043735319000904
test_08866,0.9992153002731797
test_08867,0.9998578864233794
test_08868,6.052095980846385e-06
test_08869,0.9758027543291558
test_08870,0.9999759424358337
test_08871,0.9999975902854144
test_08872,0.004330254190329601
test_08873,0.9999793618129242
test_08874,1.0000000000000008e-06
test_08875,0.9999397844273082
test_08876,0.9999895615238984
test_08877,0.880552692467612
test_08878,0.9977171621030766
test_08879,0.9975105132278712
test_08880,0.949922079761264
test_08881,0.9999893237181273
test_08882,0.004818821584161697
test_08883,0.00029288962585469983
test_08884,0.9999984171962403
test_08885,2.8890420378651102e-05
test_08886,1.053354628080571e-06
test_08887,9.237706859770503e-05
test_08888,0.1078323397630735
test_08889,0.999999
test_08890,0.07083364112009649
test_08891,0.0745101552481222
test_08892,0.6550309255053263
test_08893,0.0005549182008573001
test_08894,0.9999971359759697
test_08895,0.0009841629034836002
test_08896,0.9999983175964481
test_08897,1.3579822335040443e-06
test_08898,0.9967013877304147
test_08899,2.515864831813051e-06
test_08900,0.9999689138994954
test_08901,0.999993774406282
test_08902,0.9996739260520682
test_08903,0.9960838765004537
test_08904,0.9999953737017978
test_08905,0.9999929336464825
test_08906,0.999998366749154
test_08907,0.9998681804750009
test_08908,0.9999977758023088
test_08909,0.024396515239440603
test_08910,6.531892422840863e-06
test_08911,0.9999985063361635
test_08912,6.427827118627648e-05
test_08913,0.00010178829971110005
test_08914,4.247302994320058e-06
test_08915,0.5900384852112476
test_08916,0.999855769034334
test_08917,0.9998369511496624
test_08918,0.9999913038609554
test_08919,0.975575407876222
test_08920,0.0005157476134926
test_08921,0.7004471584487293
test_08922,1.3227238148882785e-05
test_08923,0.9970183700440022
test_08924,0.9999988125768438
test_08925,0.9999435096482783
test_08926,8.618802022446048e-06
test_08927,0.003169937944382399
test_08928,5.5361720560032915e-06
test_08929,0.9999975042488118
test_08930,0.9999898254852182
test_08931,0.0014843289317193998
test_08932,0.0265561354675765
test_08933,0.9888188676854749
test_08934,0.7412884823620238
test_08935,0.9999947756166115
test_08936,0.9999903413423318
test_08937,0.9966704040806249
test_08938,0.9999469425270068
test_08939,2.931901620673704e-06
test_08940,1.2769437540652785e-05
test_08941,0.006318732856129401
test_08942,0.1491144794819833
test_08943,0.9998974384816988
test_08944,0.999999
test_08945,0.9999981035027559
test_08946,0.026134536939814202
test_08947,0.9976825034028161
test_08948,0.9995099089647851
test_08949,0.0011880182881091996
test_08950,8.544418749747571e-06
test_08951,0.9999971553401948
test_08952,0.9991616246785282
test_08953,0.999603410501776
test_08954,0.9999342761924294
test_08955,0.9999880195479129
test_08956,0.9999248935787786
test_08957,2.516638528081291e-05
test_08958,1.481362493630816e-05
test_08959,3.796589764160034e-05
test_08960,0.9173565462245914
test_08961,1.6062653297362445e-05
test_08962,4.635149065915245e-06
test_08963,5.0930307966383625e-05
test_08964,5.6976610422820036e-05
test_08965,5.2818415441327866e-05
test_08966,0.999777557917016
test_08967,2.9542283060205554e-06
test_08968,0.9996752890827699
test_08969,1.3579142672149053e-05
test_08970,0.9999987162556798
test_08971,1.952296286300961e-05
test_08972,2.60566284398988e-06
test_08973,0.9999768541539258
test_08974,0.026649952823899706
test_08975,0.074856600790886
test_08976,2.24228755504614e-05
test_08977,0.9995678546300372
test_08978,0.1489388674458583
test_08979,0.9998248742534261
test_08980,0.9964349349014427
test_08981,0.9999870480588207
test_08982,0.999979892041206
test_08983,0.999907230681262
test_08984,0.0009963821015883001
test_08985,1.4648911455160636e-06
test_08986,0.9998775001166833
test_08987,1.9638816013147456e-06
test_08988,9.71162135344105e-05
test_08989,0.9999969138762179
test_08990,2.2595883707979053e-06
test_08991,1.0314076973144553e-06
test_08992,6.543627125325596e-05
test_08993,0.11682140641774633
test_08994,0.9999984462836258
test_08995,2.8106540569654632e-06
test_08996,0.999999
test_08997,0.9998193679457535
test_08998,0.997070087255704
test_08999,0.999444037714019
test_09000,0.9999988671145579
test_09001,0.9990868624943466
test_09002,0.004074595943192298
test_09003,0.998216749304555
test_09004,0.0016729910481829001
test_09005,0.9999987697036645
test_09006,0.9999979339906455
test_09007,0.9856419191269795
test_09008,0.2778356453399162
test_09009,0.7680602617259159
test_09010,0.9999828786952155
test_09011,5.513738395135937e-06
test_09012,0.9999779835477011
test_09013,0.9999909538070071
test_09014,9.438439328940512e-05
test_09015,0.9413626512379566
test_09016,0.9938662892038745
test_09017,0.9998408821890074
test_09018,0.9999988307644729
test_09019,0.9999639581784221
test_09020,0.00031195549809760016
test_09021,0.1678728904139745
test_09022,0.9999826083628038
test_09023,7.643599584143695e-05
test_09024,0.994129126805923
test_09025,0.9999966449272624
test_09026,0.9999978347284796
test_09027,0.9981746804469545
test_09028,0.06313758870548845
test_09029,6.476121344543838e-06
test_09030,0.9999937961845234
test_09031,0.0002355183211993998
test_09032,0.9999853103206875
test_09033,0.8884272574067323
test_09034,2.5194049045059272e-06
test_09035,2.3692098722862096e-05
test_09036,4.308959581531844e-06
test_09037,2.437523719824781e-06
test_09038,1.6809217612158102e-06
test_09039,3.746001517450557e-06
test_09040,0.9892507095429075
test_09041,0.018593007442011603
test_09042,0.999998864550039
test_09043,0.0001062967706839
test_09044,0.8573664241264851
test_09045,0.00017257703122590013
test_09046,0.9999851495500258
test_09047,0.8552380205464117
test_09048,0.0036856638694447996
test_09049,0.999999
test_09050,0.0002945914255958002
test_09051,0.9989632400309788
test_09052,0.999999
test_09053,0.999895188161162
test_09054,0.9877029944980155
test_09055,0.0017827130688720997
test_09056,1.1041033811629567e-05
test_09057,5.928846976845587e-06
test_09058,0.9945960597332822
test_09059,0.006477642410561402
test_09060,0.9999940590108123
test_09061,7.450206128759688e-05
test_09062,0.8126678716372693
test_09063,0.9999186254857608
test_09064,0.0003833575626141
test_09065,0.9999218649431535
test_09066,0.2304245239227213
test_09067,0.9999856932884008
test_09068,1.209670259566369e-06
test_09069,5.904682990792664e-05
test_09070,5.887373631038861e-06
test_09071,0.9970030919362094
test_09072,0.9999937875028504
test_09073,0.9999959459976614
test_09074,0.9994923997638362
test_09075,0.9819724165020131
test_09076,0.00028739412400820004
test_09077,0.999999
test_09078,0.999999
test_09079,0.9999965516982446
test_09080,0.9993383386948727
test_09081,0.951312201724616
test_09082,1.9357251867771537e-05
test_09083,0.9999536004309354
test_09084,1.8075869628174432e-05
test_09085,0.999819865136525
test_09086,0.9999909911908437
test_09087,2.6585979773694334e-06
test_09088,1.1480723721762266e-05
test_09089,0.9982092919935446
test_09090,0.9767780743831753
test_09091,3.0108926858585772e-05
test_09092,1.0000000000000008e-06
test_09093,0.003662351743755399
test_09094,0.9999511189383002
test_09095,0.9999862067186224
test_09096,1.7504684244248487e-06
test_09097,0.004106665764382299
test_09098,0.9999752629232435
test_09099,0.03898116680038541
test_09100,0.6733201102133909
test_09101,0.9241628214077751
test_09102,4.5260558423586425e-06
test_09103,3.8559741135040994e-05
test_09104,0.9999970220082885
test_09105,0.00020066585815250017
test_09106,0.9954865793949145
test_09107,1.5778320223356177e-05
test_09108,0.9996407173363576
test_09109,1.7132838648294498e-05
test_09110,0.9998721832470462
test_09111,0.9999975287596338
test_09112,0.9998645201356208
test_09113,0.9999743387321888
test_09114,1.2780944012796642e-05
test_09115,0.00028051762447430005
test_09116,0.9999861629212287
test_09117,2.813771346043459e-05
test_09118,0.999966685743801
test_09119,0.0003425213516496
test_09120,0.999868635374969
test_09121,0.999662324291743
test_09122,0.9999777944605488
test_09123,8.319163503342944e-06
test_09124,0.9982315212284116
test_09125,0.9999567677966819
test_09126,9.866397318543483e-06
test_09127,0.9998979177871068
test_09128,7.009605437537694e-05
test_09129,0.0001731441313555999
test_09130,3.4278270784323233e-06
test_09131,0.0061607476794196024
test_09132,0.0015358411748720995
test_09133,0.004851097808564002
test_09134,0.0006166159388194001
test_09135,0.999999
test_09136,0.9999867717174988
test_09137,0.9999964537509709
test_09138,0.9993653488929114
test_09139,0.0014609319754665996
test_09140,0.9999553309276707
test_09141,0.00024863431959820003
test_09142,4.8675814586117866e-06
test_09143,0.001307358795087
test_09144,0.9998423817090005
test_09145,0.9999790228973892
test_09146,6.939607116952294e-05
test_09147,0.9985451408615016
test_09148,6.848663611888745e-06
test_09149,0.9982786003243104
test_09150,0.00016495794325949994
test_09151,0.0009113622634744999
test_09152,2.83400223502223e-05
test_09153,0.18502562087027377
test_09154,0.9998862265516092
test_09155,0.0940357195703358
test_09156,0.5370190940516854
test_09157,2.092721972491145e-06
test_09158,0.9240785628016964
test_09159,0.0003149002554988002
test_09160,0.9988047598354051
test_09161,0.9999643144926302
test_09162,7.899230370875882e-05
test_09163,0.9999905680404618
test_09164,0.0032113163455688007
test_09165,8.565092155524605e-05
test_09166,0.996874214348634
test_09167,0.0066368656122715985
test_09168,0.9999987089995515
test_09169,0.9999543566339745
test_09170,0.5359085748057887
test_09171,0.0999524838858062
test_09172,0.9997309992025182
test_09173,0.9999839900761563
test_09174,0.0012413844149434003
test_09175,7.848883891445447e-06
test_09176,0.00017307468600429992
test_09177,0.9877439401964696
test_09178,0.9998539030389083
test_09179,0.0018195573423821004
test_09180,0.0031464230686665015
test_09181,0.00018273122376819993
test_09182,0.999998337109896
test_09183,1.0000000000000008e-06
test_09184,8.479837625435336e-06
test_09185,0.0020347901596912002
test_09186,0.026600371740164202
test_09187,0.999975311732208
test_09188,2.062774383980286e-05
test_09189,0.00012175227180890002
test_09190,0.9984434293846288
test_09191,0.9957150536390563
test_09192,1.0594728541541238e-05
test_09193,0.9999970987221225
test_09194,0.0034535238949823994
test_09195,0.999997361152754
test_09196,0.9999989652662022
test_09197,0.13190787067923387
test_09198,8.493286984786297e-05
test_09199,0.9999548326040735
test_09200,5.279437336874583e-06
test_09201,5.390787710923866e-05
test_09202,0.0006043376276874001
test_09203,0.9999986781807723
test_09204,0.9999856067353922
test_09205,0.9823496064354547
test_09206,0.9017034998060582
test_09207,1.2848286142512931e-05
test_09208,0.3105446672115807
test_09209,6.386012014819414e-06
test_09210,0.0543783725030305
test_09211,0.9948112986253391
test_09212,1.4064830453092988e-06
test_09213,0.9999924246623434
test_09214,0.9992826745054785
test_09215,0.051559572255549586
test_09216,4.2572516096901684e-05
test_09217,0.9953264335673164
test_09218,0.9999807299946821
test_09219,0.9999952883166652
test_09220,0.9992401332811457
test_09221,0.9977896749472162
test_09222,0.0025443044254322995
test_09223,0.6501665046680127
test_09224,0.9999155519276229
test_09225,0.9999857868928126
test_09226,0.9999501713052729
test_09227,1.0747305799279474e-06
test_09228,4.2499732276664796e-05
test_09229,0.034776933382460795
test_09230,0.9965953487537262
test_09231,0.998914723350646
test_09232,3.0217302194265727e-05
test_09233,3.951449844341451e-05
test_09234,0.9981969813536679
test_09235,7.740297933640134e-06
test_09236,1.8579951198649774e-06
test_09237,0.9999325872296333
test_09238,0.9999950345545722
test_09239,0.6904655990979095
test_09240,0.00019409730451679983
test_09241,0.0009561572518574999
test_09242,0.9998695316155604
test_09243,4.7445465360337054e-06
test_09244,0.0690008273916204
test_09245,0.9999985991308686
test_09246,0.9970334273274367
test_09247,5.5374560399066204e-05
test_09248,0.9996805546507983
test_09249,0.9999834103063421
test_09250,8.717717175480606e-06
test_09251,0.0007049929256262002
test_09252,1.0000000000000008e-06
test_09253,0.9999988438731374
test_09254,0.8460775454093149
test_09255,0.8503469338174532
test_09256,0.9999893333276982
test_09257,0.0008621103126120998
test_09258,0.0035147036926821006
test_09259,0.9999916125447754
test_09260,4.32589652862111e-06
test_09261,5.905459336014626e-05
test_09262,0.9997367700591927
test_09263,0.031993626439517996
test_09264,0.11209832949063411
test_09265,0.45166672300718497
test_09266,0.9999956036795713
test_09267,0.9998703192657414
test_09268,0.9998704364386242
test_09269,0.0006202604000585002
test_09270,5.617352481108699e-06
test_09271,0.9997031402625549
test_09272,0.999955265840764
test_09273,0.9999856246501942
test_09274,0.003555198858717001
test_09275,4.6714426887887695e-06
test_09276,0.0967452750645247
test_09277,0.9999764659522447
test_09278,0.0008084241302611002
test_09279,4.769423576383482e-06
test_09280,0.0006084345068821997
test_09281,0.106765893087958
test_09282,2.431982784932253e-06
test_09283,1.0000000000000008e-06
test_09284,0.9999972851808631
test_09285,0.0009846913697955
test_09286,9.814090351828344e-05
test_09287,0.9999004803435128
test_09288,0.0804224866009086
test_09289,0.99980239257559
test_09290,1.1863281536943048e-06
test_09291,0.9999860167867308
test_09292,0.9994291055008448
test_09293,0.00023743727080300015
test_09294,2.7169402797188324e-05
test_09295,2.761166295912639e-05
test_09296,5.399025280043929e-06
test_09297,0.8600264366596234
test_09298,0.0067875273370432004
test_09299,0.00012461384874199992
test_09300,1.0000000000000008e-06
test_09301,2.549802536095135e-06
test_09302,0.7471328583308278
test_09303,0.9997489494934338
test_09304,0.008504461829674705
test_09305,0.9999646016883598
test_09306,4.9393788188698e-05
test_09307,0.004311965918024802
test_09308,1.0000000000000008e-06
test_09309,0.9996876294933887
test_09310,0.9999968312392449
test_09311,0.0019705862161329994
test_09312,0.9999929585266948
test_09313,0.4734192189632252
test_09314,1.0000000000000008e-06
test_09315,0.00043685214471580016
test_09316,0.9988981714309279
test_09317,0.999999
test_09318,0.9989129970584932
test_09319,0.9900309870979496
test_09320,0.9997399361197381
test_09321,0.9642476222041654
test_09322,0.999991068352265
test_09323,0.9999984170734993
test_09324,0.9583381501159896
test_09325,0.9999973841172959
test_09326,0.36475340271226514
test_09327,5.734880044245805e-05
test_09328,0.9482285381226515
test_09329,0.0004280863344979001
test_09330,2.361173115077708e-05
test_09331,0.999999
test_09332,1.0502256477129238e-05
test_09333,0.7548699999382336
test_09334,0.9999942884005426
test_09335,0.00019383220918960003
test_09336,7.0910830852505575e-06
test_09337,0.9440599780049356
test_09338,0.12273485708727482
test_09339,0.00020489204301470004
test_09340,0.7319550050392173
test_09341,1.0986790589118134e-06
test_09342,0.891685772880714
test_09343,1.0000000000000008e-06
test_09344,0.999996984660011
test_09345,0.9985287779686677
test_09346,0.968974592720172
test_09347,1.0000000000000008e-06
test_09348,0.7590464080032344
test_09349,0.00015249700234950007
test_09350,0.999959147738571
test_09351,0.9999869417076978
test_09352,7.818891230930793e-06
test_09353,6.6305949073389715e-06
test_09354,0.9999938955573386
test_09355,0.9999941680374261
test_09356,0.9980071872183365
test_09357,0.9999864245892299
test_09358,4.2683713587418984e-05
test_09359,1.2272106427746537e-06
test_09360,0.05383723551038941
test_09361,0.0006859046825499999
test_09362,1.9369172472914796e-05
test_09363,0.9984480038718766
test_09364,1.310171358210115e-05
test_09365,5.9224902428943715e-06
test_09366,0.9997353697699158
test_09367,0.9136471432388764
test_09368,0.41149649293031937
test_09369,0.0003616897954510999
test_09370,8.412391010811495e-05
test_09371,1.3841383773724632e-05
test_09372,0.9999979589839514
test_09373,2.082092665707414e-06
test_09374,0.9999980685217378
test_09375,3.9692800719743743e-05
test_09376,9.742667370394109e-05
test_09377,0.8913594913950107
test_09378,0.9997901167413173
test_09379,0.999999
test_09380,0.0001298877603964
test_09381,0.9999735099202518
test_09382,0.9999951921557217
test_09383,0.9992616133345104
test_09384,4.426057821828713e-05
test_09385,0.9999929159230829
test_09386,0.9999844847891434
test_09387,0.9960390845857421
test_09388,0.9634891298713174
test_09389,0.9218084906114424
test_09390,0.9998858130134098
test_09391,3.5217881952113126e-05
test_09392,1.5849399025095813e-06
test_09393,0.21606995120482317
test_09394,0.9999510289652312
test_09395,0.037349050730202955
test_09396,0.9947349616236357
test_09397,2.3844325520167744e-05
test_09398,0.9991488878338846
test_09399,0.0003183049501764
test_09400,0.9276194100314531
test_09401,0.9995346993704411
test_09402,0.9999821301024605
test_09403,2.7151271995509342e-05
test_09404,0.9992332904523137
test_09405,1.1528135207961894e-05
test_09406,0.9999900487743649
test_09407,0.9993355551484826
test_09408,0.005549766490529402
test_09409,0.013076322062532099
test_09410,0.999999
test_09411,0.999999
test_09412,0.9999005180760958
test_09413,0.9997181797721618
test_09414,1.0000000000000008e-06
test_09415,0.999994578921086
test_09416,0.9999988278711062
test_09417,3.653600014037699e-06
test_09418,0.9999947812420975
test_09419,0.0025826009961140003
test_09420,0.9999244466128682
test_09421,1.0000000000000008e-06
test_09422,5.033401324391547e-05
test_09423,1.3948535205552761e-05
test_09424,0.9999717110785896
test_09425,0.00011797605165319997
test_09426,0.9401941558601478
test_09427,2.0692714519039192e-05
test_09428,0.00027517451903820016
test_09429,0.9976294115653143
test_09430,0.9999525608382163
test_09431,0.9999806304220195
test_09432,0.0010176524241986005
test_09433,0.9473652599257926
test_09434,0.9999961431171813
test_09435,0.9863538833162532
test_09436,0.00011276585127029997
test_09437,6.0472501075485906e-05
test_09438,0.9990543427695249
test_09439,0.00025825174549549984
test_09440,0.9998780209663849
test_09441,5.190043068272819e-05
test_09442,4.6726410961452305e-06
test_09443,0.9999337818097433
test_09444,0.9999717801322416
test_09445,0.182400003699576
test_09446,0.0855316030166039
test_09447,0.33736877135015353
test_09448,0.9966858258147734
test_09449,0.9998609433970851
test_09450,0.9999968768102526
test_09451,0.00010464231272379999
test_09452,0.9999919332543733
test_09453,0.9999843155028493
test_09454,0.8643257991069706
test_09455,0.999999
test_09456,0.9999950397384301
test_09457,4.3229945266214426e-05
test_09458,0.00013548892564259988
test_09459,0.9998572021385881
test_09460,0.9999983172879214
test_09461,0.9986440275352882
test_09462,0.00026721591402799994
test_09463,0.0006546576270797002
test_09464,0.0018683628782819003
test_09465,0.9997239128937291
test_09466,5.201999338218409e-06
test_09467,0.9998148461782094
test_09468,0.0190564583752323
test_09469,0.005841726980062301
test_09470,0.9999979991002695
test_09471,0.036347719313048
test_09472,0.9999851238260884
test_09473,9.133561389363717e-06
test_09474,0.0024530211094651996
test_09475,0.9999988107929902
test_09476,0.9660193377752322
test_09477,0.8429689038520285
test_09478,3.191862713992439e-05
test_09479,0.9737829156447536
test_09480,2.1886579236820672e-05
test_09481,1.3648258650402139e-05
test_09482,1.1234144772531636e-05
test_09483,0.9998602148281986
test_09484,0.013678587352300998
test_09485,0.0008400301742878001
test_09486,0.9114176532114818
test_09487,0.9999897541963885
test_09488,3.715207446896906e-05
test_09489,0.9999419917646974
test_09490,3.230547037728017e-05
test_09491,0.0003939643385301001
test_09492,0.999999
test_09493,0.0012999923482334007
test_09494,0.11930847446150261
test_09495,0.0002847909223914003
test_09496,4.519961133274234e-05
test_09497,6.510995264600956e-06
test_09498,0.9999427943417614
test_09499,0.14265285699050206
test_09500,0.9999781855357058
test_09501,0.9994009924426666
test_09502,0.0002774432440839
test_09503,0.9989696110924207
test_09504,0.05045599921188771
test_09505,0.9999987066895093
test_09506,0.740008571753669
test_09507,0.9999983151212621
test_09508,0.9999963060833024
test_09509,2.2223249199061587e-05
test_09510,0.0978559856965965
test_09511,4.4019312551259594e-06
test_09512,7.299123495986717e-05
test_09513,0.8758747857517305
test_09514,0.999999
test_09515,0.0002910476801303
test_09516,0.5142257139844908
test_09517,0.9970456569276469
test_09518,4.668157992458293e-06
test_09519,0.9999902180023229
test_09520,0.17200357106482786
test_09521,0.9999955243055385
test_09522,0.0652847467215713
test_09523,1.0000000000000008e-06
test_09524,0.9998879151341983
test_09525,0.9999953390813009
test_09526,0.999993556398803
test_09527,0.0024917243516981006
test_09528,6.1054010619654985e-06
test_09529,0.9996897966670922
test_09530,0.0003918450625239001
test_09531,6.947641087755179e-06
test_09532,0.00042840173071440003
test_09533,0.9998394699921336
test_09534,0.999812338220221
test_09535,0.0001365357797233
test_09536,4.384052018359725e-06
test_09537,0.9999874558634506
test_09538,2.5593629236267516e-05
test_09539,0.9998942988113751
test_09540,4.267801606385845e-05
test_09541,0.00029994209235600016
test_09542,8.758770414323081e-05
test_09543,0.9997818119516176
test_09544,0.999979249621386
test_09545,0.999618234292353
test_09546,1.771557794425624e-05
test_09547,1.6084552193426373e-06
test_09548,2.375710802969973e-06
test_09549,0.9999766809794138
test_09550,1.0000000000000008e-06
test_09551,0.0010039190751186997
test_09552,0.9994907056944597
test_09553,1.6082528902532244e-05
test_09554,4.116737521197552e-06
test_09555,2.244776426567106e-05
test_09556,0.07895271120375438
test_09557,0.018225481758371395
test_09558,0.0042678728364936
test_09559,0.9993772948556704
test_09560,0.09766966804378427
test_09561,0.0016045713365839998
test_09562,0.9999888124633343
test_09563,0.0009337132599406997
test_09564,0.999743262253628
test_09565,0.9999945697318875
test_09566,0.0081561369498572
test_09567,0.9999611947224515
test_09568,0.9999970977321974
test_09569,2.0684382183925492e-05
test_09570,7.689373485811803e-05
test_09571,0.004757939434494302
test_09572,0.0006101322233071999
test_09573,0.9980736353740549
test_09574,0.9999976852159157
test_09575,0.09044834342696986
test_09576,0.0007296949817175
test_09577,1.0000000000000008e-06
test_09578,1.078226340701708e-05
test_09579,0.9999541445429164
test_09580,0.0005293109823861999
test_09581,0.9996220932047001
test_09582,0.9997920673499242
test_09583,5.7735124585072716e-05
test_09584,0.9999913780903965
test_09585,0.7139264717739038
test_09586,0.991392925385633
test_09587,2.7274714512631377e-05
test_09588,0.9999958308114708
test_09589,0.9998230188053817
test_09590,0.9999476009492166
test_09591,0.9999989356897848
test_09592,0.9926161681492488
test_09593,0.00011091444153180003
test_09594,0.9999854852551325
test_09595,0.9901122933538982
test_09596,0.9999863761538781
test_09597,0.9999594368575518
test_09598,0.9490271167963372
test_09599,1.6200062603206466e-06
test_09600,1.8761197278594185e-06
test_09601,0.9975943627625449
test_09602,0.00035487571834420014
test_09603,0.00037063403353040014
test_09604,2.1739698073598932e-05
test_09605,0.9985954572177319
test_09606,0.8994288283626939
test_09607,0.0026509386886887
test_09608,0.00010611310297899995
test_09609,0.9920462994002356
test_09610,0.9999243571778961
test_09611,0.011724962468782301
test_09612,0.9999964546311562
test_09613,0.004032218044491201
test_09614,0.005563167673771302
test_09615,0.0003873207671508
test_09616,2.341064740745448e-05
test_09617,0.9999927753213412
test_09618,0.0022201435399685004
test_09619,0.008048421848020801
test_09620,0.999948070976989
test_09621,0.9999962956541592
test_09622,4.272399876423489e-06
test_09623,0.9999933433016803
test_09624,0.0002738025285453002
test_09625,0.9999830880640105
test_09626,0.9999850471189526
test_09627,0.0007116501388178
test_09628,4.079325836475812e-05
test_09629,0.9996644788944395
test_09630,0.9999932736584419
test_09631,1.395791559783438e-06
test_09632,1.0100686776602757e-05
test_09633,0.999159037662764
test_09634,0.9993405057457077
test_09635,0.9723979607975348
test_09636,9.416432332894428e-05
test_09637,0.0708837185516705
test_09638,2.8509635785539285e-05
test_09639,0.9999644671625186
test_09640,0.00013596609379259994
test_09641,4.660800806995518e-05
test_09642,0.9983147644690474
test_09643,0.9995838614147095
test_09644,8.278079634411522e-06
test_09645,0.040670483322164
test_09646,3.194506128287013e-05
test_09647,0.0011830314688500007
test_09648,0.9975314304721273
test_09649,3.982663800235354e-06
test_09650,0.0003515454181119001
test_09651,0.011918177045282604
test_09652,0.6096637355147203
test_09653,0.9998570464383103
test_09654,7.916307283683719e-05
test_09655,0.9998976771615296
test_09656,0.9999939755082567
test_09657,7.225330483845728e-05
test_09658,0.00014675438757619986
test_09659,0.9981340070330319
test_09660,0.9999676505403438
test_09661,0.9999911878774389
test_09662,0.0001473074890961
test_09663,0.9999775212261073
test_09664,0.9889189387113013
test_09665,0.007805961510718001
test_09666,0.9985889854494034
test_09667,0.00017574190579899992
test_09668,4.7208803478250515e-06
test_09669,0.9997251873844178
test_09670,1.6942747355997772e-06
test_09671,4.0229451240616e-06
test_09672,0.9994095679176506
test_09673,7.25709299220797e-05
test_09674,0.0031516506331781013
test_09675,1.2293827885295499e-05
test_09676,0.9999857766160576
test_09677,0.0005198326027652999
test_09678,0.9999521252033348
test_09679,0.024237263831080005
test_09680,0.9999359189631093
test_09681,0.9995104440014014
test_09682,0.00014400436917069996
test_09683,0.001954795097381801
test_09684,0.9660310661757026
test_09685,0.006313938337954301
test_09686,0.0012158033619191994
test_09687,1.8912931664378178e-05
test_09688,0.47253947439134003
test_09689,0.0012817592678552002
test_09690,0.9999596888277522
test_09691,0.9999376164096409
test_09692,0.9454534220143532
test_09693,0.014318937766085806
test_09694,0.9999115994565942
test_09695,5.221362495633086e-05
test_09696,9.87369425904368e-06
test_09697,0.9999440670793189
test_09698,0.9999305442497376
test_09699,0.1135290807152834
test_09700,0.9401144833301732
test_09701,0.02827882341089019
test_09702,0.999999
test_09703,0.976324598366437
test_09704,0.9991798163119925
test_09705,0.9997859115433331
test_09706,0.8969432472314909
test_09707,0.9999705091280167
test_09708,0.6434097562006568
test_09709,0.0032310827919308006
test_09710,0.0004986216704448
test_09711,3.843829544782395e-05
test_09712,0.0001641486656887
test_09713,0.9998896029484183
test_09714,0.8964858699858471
test_09715,1.2521882549611806e-05
test_09716,0.07814048761404649
test_09717,0.9995594630412673
test_09718,0.9996062231953341
test_09719,0.00035532966319330007
test_09720,0.049361670666929404
test_09721,2.7001343122978318e-05
test_09722,0.00015463810865920007
test_09723,0.996408915343602
test_09724,0.002097860001330101
test_09725,0.9997990791883175
test_09726,0.004965514099395201
test_09727,0.9998858215531327
test_09728,9.528297963613141e-06
test_09729,0.0003280817089766002
test_09730,0.9999882217916439
test_09731,0.0019886222808670004
test_09732,0.023791921873336303
test_09733,0.0167661623081757
test_09734,3.0165082105811817e-06
test_09735,0.0005306104360150001
test_09736,4.387542213391915e-05
test_09737,0.9999487253025182
test_09738,7.465283456268605e-06
test_09739,0.0010341366311139
test_09740,9.830929373292204e-06
test_09741,7.540832743077578e-05
test_09742,1.0000000000000008e-06
test_09743,0.9999225736395748
test_09744,0.9999975544396387
test_09745,0.9991397637069064
test_09746,0.9998323040512022
test_09747,0.9999964520196517
test_09748,0.0676196024242344
test_09749,0.9999951792675404
test_09750,0.999996352558245
test_09751,0.9975536334541711
test_09752,0.9876501946844098
test_09753,0.9998449211694852
test_09754,1.3652664027386313e-06
test_09755,0.1150777779108356
test_09756,0.9968156024530372
test_09757,0.9889812581278236
test_09758,0.17766939684925231
test_09759,0.9999952061348941
test_09760,5.137296769565264e-05
test_09761,0.012841090975773803
test_09762,6.804749973794415e-06
test_09763,0.9947484804246731
test_09764,7.413184899918959e-06
test_09765,1.890831197168688e-05
test_09766,0.0001539767513305
test_09767,7.299661950802817e-05
test_09768,0.9998226938618954
test_09769,3.618322863332312e-06
test_09770,0.0015735691368805
test_09771,0.46481375841167094
test_09772,0.9999574040576492
test_09773,0.9999948861532344
test_09774,0.00016335872076029997
test_09775,2.3530256487804886e-05
test_09776,0.8965984018030433
test_09777,0.9999049150426325
test_09778,5.800441477986836e-06
test_09779,0.9992871756790623
test_09780,2.664045861581994e-05
test_09781,8.037101862701342e-05
test_09782,0.9999981760678661
test_09783,0.9999337320115046
test_09784,0.0003594334080466
test_09785,0.9999951975698694
test_09786,6.598057305711536e-06
test_09787,0.6448684814887015
test_09788,0.9944021842198051
test_09789,0.9871206913877069
test_09790,4.420091099839885e-05
test_09791,0.9364667180591046
test_09792,0.11306283121725187
test_09793,0.9993437316322108
test_09794,8.748284849697315e-05
test_09795,0.002735626797340201
test_09796,3.593016600015492e-05
test_09797,0.018624240305842005
test_09798,0.9999967306608755
test_09799,0.9998360232306087
test_09800,0.8674941201820897
test_09801,0.0003091773802275002
test_09802,0.9999192463242859
test_09803,0.9998999151040113
test_09804,0.9996829308708018
test_09805,0.9976796787873544
test_09806,0.999930585346371
test_09807,0.9999880277974686
test_09808,0.9999325539063589
test_09809,3.298883035575356e-05
test_09810,0.9999901491697033
test_09811,0.0007222141878524001
test_09812,0.5817989616585977
test_09813,1.0841641243479194e-05
test_09814,0.9873830283719371
test_09815,5.768243294100957e-05
test_09816,0.006935807047957601
test_09817,0.0009285714410366
test_09818,0.9999701491877884
test_09819,0.9996218502167225
test_09820,0.9998603761140736
test_09821,3.8089965958849338e-06
test_09822,0.9999974465094592
test_09823,0.9999871824572186
test_09824,0.9999961000702987
test_09825,0.9999836672209982
test_09826,0.9999959532680412
test_09827,0.997206300818347
test_09828,0.9999778716981818
test_09829,0.5050031405255524
test_09830,0.9999724768315609
test_09831,0.9999976159289842
test_09832,0.9999298832392002
test_09833,0.9999965515153739
test_09834,0.9995957941707719
test_09835,4.8847907259293785e-06
test_09836,0.9999788341014457
test_09837,0.999993676695629
test_09838,0.9999872624984258
test_09839,0.9997768182833278
test_09840,0.09955202094342817
test_09841,0.9999312784516741
test_09842,0.0018503407007172004
test_09843,2.5958213986758893e-05
test_09844,7.56074784996457e-05
test_09845,0.9992024321866333
test_09846,0.9998992134218537
test_09847,0.00011607731531669999
test_09848,0.0009585066083468002
test_09849,0.9999875111994065
test_09850,0.9999936937643179
test_09851,0.9997580686952967
test_09852,0.9978529505210214
test_09853,0.9999040282666607
test_09854,0.8994862135406773
test_09855,8.654847777702403e-06
test_09856,7.592943826954313e-06
test_09857,0.9999644691584856
test_09858,0.44626997316898875
test_09859,7.588579475368812e-05
test_09860,0.0018053739505697003
test_09861,0.999999
test_09862,0.3981548528214788
test_09863,0.9999980194061292
test_09864,0.9999891046578145
test_09865,0.0509312334969523
test_09866,0.011702630404017596
test_09867,1.328528251759928e-06
test_09868,0.9996455928794102
test_09869,0.9999625760125072
test_09870,0.0025272884147392997
test_09871,0.00042557068668469994
test_09872,0.0023857009536954995
test_09873,0.9999979449990077
test_09874,0.0014015922587989
test_09875,0.999999
test_09876,0.9999590044909561
test_09877,0.003868031821497201
test_09878,1.4239608231376103e-05
test_09879,3.9900652312864776e-05
test_09880,7.330865613937288e-05
test_09881,0.999999
test_09882,3.3421673674821376e-05
test_09883,0.0010962939094074997
test_09884,0.9999791079455214
test_09885,0.9999688312387969
test_09886,0.9999256095878798
test_09887,0.023697393861516102
test_09888,3.105898218487529e-06
test_09889,0.9999926343162058
test_09890,0.0007399889891314
test_09891,0.0002675650350508002
test_09892,0.9999964828520036
test_09893,1.0000000000000008e-06
test_09894,0.9996950877529336
test_09895,0.0002833289623453998
test_09896,0.00015460881292019997
test_09897,0.999895993179829
test_09898,0.9999807308752451
test_09899,0.9982492299310345
test_09900,1.0000000000000008e-06
test_09901,0.00011323984356800008
test_09902,0.9991006696914926
test_09903,3.551375347713126e-05
test_09904,7.420056283254509e-06
test_09905,0.9999705093110526
test_09906,0.9777598674424808
test_09907,0.999819014784029
test_09908,3.1172765711101046e-06
test_09909,6.975708536620291e-06
test_09910,0.0007851214327876
test_09911,0.9996093071975176
test_09912,0.6789969448954892
test_09913,0.11117283123553758
test_09914,0.0013117742142131
test_09915,4.830905825969998e-06
test_09916,0.999928993824532
test_09917,0.0012597796569403996
test_09918,0.41817660644262894
test_09919,0.00036335609355349997
test_09920,5.2871250316151144e-05
test_09921,0.9989070555572503
test_09922,0.00010264939266949993
test_09923,0.1406106708713611
test_09924,0.9990316757319746
test_09925,0.999999
test_09926,0.999999
test_09927,0.0006111134642713003
test_09928,0.0004343283900031998
test_09929,0.9999302778083667
test_09930,0.999999
test_09931,0.17960942587038253
test_09932,0.9999804799612527
test_09933,0.0183594750836636
test_09934,1.962425542821084e-05
test_09935,0.0087633891222234
test_09936,0.999999
test_09937,0.9999863446352062
test_09938,0.9998433511739525
test_09939,0.0003849011489272001
test_09940,0.918085028342639
test_09941,0.999996180225939
test_09942,0.26303039600066336
test_09943,0.9999893191186103
test_09944,0.9990161162718051
test_09945,0.9999981060927552
test_09946,3.497996780033347e-05
test_09947,0.9999882988204397
test_09948,0.9988032537241858
test_09949,0.0004303420192342999
test_09950,1.1761224939767984e-05
test_09951,0.9999989086802886
test_09952,0.00022193649359199993
test_09953,0.00029841198829239985
test_09954,0.0004898839349203
test_09955,1.8986630815489694e-06
test_09956,0.9999920064385177
test_09957,2.8984626860579525e-06
test_09958,0.9819508750506222
test_09959,0.9130923948986368
test_09960,0.999999
test_09961,0.000976929831331
test_09962,0.9999739068570129
test_09963,0.9987239951213708
test_09964,0.0024696108209162995
test_09965,2.582826204222998e-06
test_09966,0.9999975811641119
test_09967,4.673236264964534e-05
test_09968,4.3845774632445304e-05
test_09969,0.7689535365349451
test_09970,1.668088892320037e-05
test_09971,1.0000000000000008e-06
test_09972,0.9997806363050231
test_09973,0.8891610627868083
test_09974,0.999999
test_09975,9.689140722178681e-06
test_09976,0.9999612133092529
test_09977,4.056749843857368e-06
test_09978,0.9664096624783332
test_09979,0.9986276197173449
test_09980,0.0014892249319032995
test_09981,0.9995464837744417
test_09982,0.9999985511797361
test_09983,0.9998276657441042
test_09984,1.37979782000628e-06
test_09985,1.0000000000000008e-06
test_09986,0.9999901064879881
test_09987,0.00017971170428120013
test_09988,0.999972192916916
test_09989,0.9980254720876355
test_09990,7.327501417262083e-05
test_09991,0.9999856636047391
test_09992,2.0678767686144353e-06
test_09993,1.7233118832979522e-06
test_09994,0.999999
test_09995,0.999999
test_09996,0.999999
test_09997,0.9995756444827562
test_09998,0.0003906337263621
test_09999,0.999999
test_10000,0.984892554198737
test_10001,0.9999956948991319
test_10002,0.9999909350628367
test_10003,0.9999711859871226
test_10004,0.999999
test_10005,4.634108966992187e-06
test_10006,0.9998061074503805
test_10007,0.9999386978583792
test_10008,0.868935469834613
test_10009,1.2344443526787251e-06
test_10010,0.9999815775206896
test_10011,0.9978766342846549
test_10012,1.0000000000000008e-06
test_10013,6.940518769472772e-05
test_10014,8.520017917185281e-06
test_10015,0.0001428154410941001
test_10016,0.5892415028212831
test_10017,0.49456662021428877
test_10018,0.9999048199929713
test_10019,7.579544822369499e-05
test_10020,1.0000000000000008e-06
test_10021,3.4744477802344594e-06
test_10022,2.188341664021843e-05
test_10023,4.317374986690513e-06
test_10024,0.999994281965433
test_10025,1.0000000000000008e-06
test_10026,0.9987257209061772
test_10027,1.3506874316993112e-05
test_10028,6.430890145475159e-06
test_10029,0.9999874174243969
test_10030,0.9990714307713844
test_10031,0.0006212116648985002
test_10032,2.481895469582396e-06
test_10033,0.00012002428685020009
test_10034,0.003372943826116299
test_10035,0.3207125491118211
test_10036,0.00022473402168620018
test_10037,0.999999
test_10038,0.9999947067843915
test_10039,0.0025692161517324
test_10040,0.9993685170264477
test_10041,0.9975678580244677
test_10042,0.00016363756672709988
test_10043,0.9997547518954455
test_10044,0.9999624471165779
test_10045,0.03979928638554991
test_10046,0.999999
test_10047,0.0651370945364117
test_10048,0.0049467596066390005
test_10049,0.9999789457721742
test_10050,0.9993969710847367
test_10051,0.9930842356043249
test_10052,0.9998819097779871
test_10053,4.612817706823246e-06
test_10054,0.9999737922827837
test_10055,8.284640169668807e-06
test_10056,0.9407544734272021
test_10057,0.999993877931249
test_10058,0.18063919922459257
test_10059,0.9999862395345462
test_10060,0.9896349513505285
test_10061,1.3542405414813549e-05
test_10062,1.0000000000000008e-06
test_10063,0.9999983392308963
test_10064,1.3210315436598944e-05
test_10065,0.00010197128689719993
test_10066,0.9999920497432836
test_10067,0.9994825065414707
test_10068,0.995194537883652
test_10069,0.0008564089322192003
test_10070,0.0004983201560670999
test_10071,0.999875477014115
test_10072,0.00022594410418329996
test_10073,0.10425057637392923
test_10074,2.019123803648532e-06
test_10075,0.9997769161157614
test_10076,2.9708839040208407e-06
test_10077,0.9985296065993249
test_10078,4.720309128349762e-05
test_10079,0.9999058582612487
test_10080,6.14825698984894e-06
test_10081,0.0006970529671091001
test_10082,0.999999
test_10083,0.999999
test_10084,0.9999063666912281
test_10085,0.009157363734428598
test_10086,0.9999601906211787
test_10087,0.9985720107619876
test_10088,0.46547689301837863
test_10089,0.00019576728043639986
test_10090,0.9988476761870083
test_10091,0.9999675030140568
test_10092,0.9976826903758935
test_10093,0.9976166826842113
test_10094,4.948836934595523e-06
test_10095,0.9991978595717801
test_10096,1.0116946140616643e-05
test_10097,0.999998810491484
test_10098,0.0007915905910659002
test_10099,5.116064238649625e-05
test_10100,0.999997064707189
test_10101,0.9999139402703076
test_10102,9.839031010806772e-06
test_10103,7.567761252621572e-05
test_10104,0.9999443484259981
test_10105,0.999999
test_10106,1.0000000000000008e-06
test_10107,0.0005504766191098998
test_10108,0.9999815399559456
test_10109,1.0000000000000008e-06
test_10110,6.260823650779889e-06
test_10111,0.0028589606896532007
test_10112,2.1975990368895554e-05
test_10113,0.9995899304191223
test_10114,0.8990396171730274
test_10115,1.6500934039123487e-06
test_10116,3.0662193025578257e-06
test_10117,0.0059666642896204014
test_10118,0.99498160465026
test_10119,0.999999
test_10120,0.0017333161129062002
test_10121,0.9999412584853088
test_10122,8.499584665427061e-05
test_10123,0.015210112246028107
test_10124,0.9983384953041272
test_10125,2.6701081398553588e-05
test_10126,1.092338941310936e-06
test_10127,2.2661486063738945e-06
test_10128,0.004311600210508201
test_10129,0.9998757974717594
test_10130,0.028615219293032998
test_10131,8.426112100291457e-06
test_10132,0.00010379415375249999
test_10133,1.0000000000000008e-06
test_10134,0.0017542832278931006
test_10135,2.6870216727500176e-05
test_10136,0.001036470919495
test_10137,2.4912592650339985e-05
test_10138,0.9999092853859576
test_10139,0.0302732929262377
test_10140,2.286512216943181e-06
test_10141,8.221161938540197e-06
test_10142,8.80477955392944e-06
test_10143,0.0002801849585844
test_10144,0.8833776350856047
test_10145,6.247396177639065e-05
test_10146,1.280951198642487e-05
test_10147,0.9999880900677282
test_10148,0.9997117744755122
test_10149,0.00019263324674289993
test_10150,0.9993805878925551
test_10151,4.968398781547285e-06
test_10152,0.0018901025565295996
test_10153,0.9999951745504164
test_10154,0.9999985951004109
test_10155,0.004682730737199602
test_10156,0.9999895049190433
test_10157,0.9576346226310143
test_10158,4.659760221797207e-06
test_10159,8.915308435057751e-05
test_10160,0.0010931106400283003
test_10161,0.8919856144582606
test_10162,0.9999984635468474
test_10163,0.999983497289971
test_10164,2.7169170737057413e-06
test_10165,0.00010193295602870004
test_10166,0.999999
test_10167,0.9999984884651542
test_10168,0.9993284969374071
test_10169,0.9999941487075464
test_10170,1.355155528758057e-05
test_10171,1.5384511354075356e-05
test_10172,3.4216133038539927e-06
test_10173,0.9999732170277678
test_10174,0.9999980770264655
test_10175,0.07728738585821596
test_10176,5.63553790971629e-05
test_10177,3.6733093938224816e-05
test_10178,0.0011686390532185
test_10179,2.1165996620549305e-06
test_10180,0.9645385537426047
test_10181,0.00013772200163710005
test_10182,0.9999856433646818
test_10183,6.7246085613641555e-06
test_10184,6.320107846608596e-05
test_10185,0.9994652226287531
test_10186,0.0005915324417722
test_10187,0.9990264473663981
test_10188,0.999999
test_10189,0.9999694020602928
test_10190,0.9999937482255346
test_10191,0.8733588264722365
test_10192,7.054483589005663e-06
test_10193,0.9097464868612767
test_10194,0.6275562753981264
test_10195,0.9957889098210727
test_10196,1.8678233368824657e-06
test_10197,0.9999925953608154
test_10198,3.0229952330899948e-06
test_10199,1.0000000000000008e-06
test_10200,0.019685251444887603
test_10201,1.6453364261911677e-06
test_10202,0.9999148997778126
test_10203,0.8836153790361269
test_10204,6.36310627636057e-05
test_10205,0.5980044634099672
test_10206,0.0008003167853102003
test_10207,2.150584712267699e-05
test_10208,0.9988279506629378
test_10209,0.999999
test_10210,0.9965776892453855
test_10211,0.0015949159266672995
test_10212,0.9999966740382458
test_10213,0.00025753058918329976
test_10214,0.9571712021153864
test_10215,0.00023736545361770017
test_10216,0.9999282300646227
test_10217,0.9999684859666824
test_10218,0.9996845774343932
test_10219,0.9952654849758227
test_10220,0.9367478654210859
test_10221,0.0012151748170922997
test_10222,0.9999987197391534
test_10223,0.684244281036314
test_10224,0.08401901190413065
test_10225,0.00016600009585099996
test_10226,2.3556401722338598e-05
test_10227,0.0004124741777224001
test_10228,5.257133201113092e-05
test_10229,0.0018689415687890005
test_10230,8.05498388196893e-05
test_10231,0.9998497684971029
test_10232,0.9999959331358848
test_10233,0.9999359142402005
test_10234,2.319166257918715e-05
test_10235,0.024323051623015093
test_10236,0.13601702057056497
test_10237,0.9976523447376818
test_10238,2.2560624022073734e-05
test_10239,0.7690076917616729
test_10240,0.9999890160183692
test_10241,0.00028636545236930013
test_10242,0.9999396951400155
test_10243,0.9998102552866505
test_10244,0.0007185855897498
test_10245,0.5808837171661185
test_10246,0.9999508014359365
test_10247,0.9317505311170906
test_10248,0.99582866315947
test_10249,0.00012875826601280003
test_10250,0.1096074815328927
test_10251,0.9999779113960122
test_10252,1.2067035902944505e-05
test_10253,0.9995467222167338
test_10254,8.692301834530764e-06
test_10255,9.83241013405866e-06
test_10256,0.9581035785050671
test_10257,0.00023736080782689998
test_10258,0.9193444299773982
test_10259,0.0004857289788878002
test_10260,0.9943435492279938
test_10261,0.9999974123763941
test_10262,0.059468589420891185
test_10263,0.999974359056733
test_10264,0.9259661116029008
test_10265,1.0914586211967958e-05
test_10266,7.767669173439332e-06
test_10267,0.999842599038092
test_10268,0.9999842253201894
test_10269,0.0017861900260103998
test_10270,1.7895911184951538e-06
test_10271,0.0018506545513555005
test_10272,6.053271050064642e-05
test_10273,0.033446955446633654
test_10274,0.9647586377717055
test_10275,0.9999971783100113
test_10276,0.999999
test_10277,0.9999411198098312
test_10278,0.999675245431024
test_10279,0.07424616390134622
test_10280,0.9395109990931427
test_10281,1.5473017617493943e-05
test_10282,0.0012122608294394997
test_10283,2.948632693645286e-05
test_10284,0.9999815297941755
test_10285,0.992994079560833
test_10286,0.0010424960403492
test_10287,0.0002565828099255001
test_10288,0.9999982719591013
test_10289,0.956149152617685
test_10290,0.999360474624793
test_10291,0.9938402759481312
test_10292,0.0004698064450722
test_10293,0.9999856466029013
test_10294,0.9917878767679698
test_10295,0.9983201671656291
test_10296,0.999958886502581
test_10297,0.0018214921068427997
test_10298,5.207797702864389e-06
test_10299,1.0742899957470145e-05
test_10300,0.0006226450982367998
test_10301,0.000191563622415
test_10302,0.999997735982071
test_10303,0.999998984023632
test_10304,0.9990022460531487
test_10305,0.9942349713671091
test_10306,2.4249356622839072e-05
test_10307,4.606006619266734e-06
test_10308,3.4895072025411955e-06
test_10309,0.998650927441604
test_10310,0.007671985366884201
test_10311,0.003773399736273598
test_10312,3.676434261596336e-05
test_10313,0.00038007310453349994
test_10314,0.9998826091931104
test_10315,2.7777267721674862e-05
test_10316,0.9999949148456636
test_10317,0.002659559118295099
test_10318,0.9992571074387464
test_10319,0.9924548931366374
test_10320,0.9997915532461488
test_10321,0.9999935410127491
test_10322,2.6143950532992252e-05
test_10323,1.6379802469247153e-06
test_10324,6.812378740521563e-05
test_10325,0.999995457241314
test_10326,0.999985313494201
test_10327,0.999999
test_10328,1.038520795707346e-06
test_10329,0.9999986253548643
test_10330,1.6995759329612302e-05
test_10331,0.9996660852342596
test_10332,0.9999969986531061
test_10333,0.999999
test_10334,3.2363401606302435e-05
test_10335,1.176209324015557e-05
test_10336,0.9935466846940179
test_10337,1.8249467203557455e-05
test_10338,0.9996776560621319
test_10339,0.999999
test_10340,0.9999973530076662
test_10341,4.2039367535520405e-05
test_10342,0.9999763773550223
test_10343,0.9458310719546291
test_10344,0.9987278863311879
test_10345,0.0003223748144666997
test_10346,0.9999950510115105
test_10347,0.9858949458114266
test_10348,0.9999899651434084
test_10349,0.0002727559928651001
test_10350,0.11383593836949522
test_10351,2.2831636245770115e-05
test_10352,0.00041587544283130007
test_10353,4.259778698799251e-06
test_10354,0.9999771845105649
test_10355,0.6053520021602724
test_10356,5.1044705244609894e-06
test_10357,5.983672208247532e-06
test_10358,0.999996886625323
test_10359,0.0004764491132779998
test_10360,1.2426697605323875e-05
test_10361,0.9999969406915621
test_10362,0.9999837878028114
test_10363,0.9492114495304628
test_10364,0.9992110292438144
test_10365,0.00023337332639009978
test_10366,0.0050979655355322985
test_10367,0.0022791196409752
test_10368,0.0021354876244734
test_10369,0.9783099729084442
test_10370,0.9588847417821452
test_10371,0.9999947299504215
test_10372,4.1248085024686356e-05
test_10373,0.9969528558522742
test_10374,1.1208012546890753e-06
test_10375,0.957056294964446
test_10376,0.9999481593621571
test_10377,5.919441365999123e-06
test_10378,0.0003574860882052999
test_10379,8.746792653564387e-05
test_10380,0.9999936361230211
test_10381,0.9010787380572459
test_10382,0.9999720543364061
test_10383,0.9999209743191053
test_10384,9.399647973982289e-06
test_10385,0.0012114835155826
test_10386,0.9997661651967742
test_10387,0.9999968305010387
test_10388,0.00013863953051959996
test_10389,1.117885453572064e-05
test_10390,6.085820847252248e-05
test_10391,0.0006550298171092
test_10392,2.017500032627506e-06
test_10393,1.0000000000000008e-06
test_10394,0.0005869285526190001
test_10395,0.9999884092517126
test_10396,1.2455139891921447e-05
test_10397,3.6815605036289622e-06
test_10398,0.9998246456384879
test_10399,1.0000000000000008e-06
test_10400,0.9999973679392442
test_10401,0.0029823492122537003
test_10402,0.00014124479954749994
test_10403,5.8419931240865146e-05
test_10404,0.007556169456171402
test_10405,0.5578914857683015
test_10406,0.9999979996118192
test_10407,0.9999251238467181
test_10408,0.9992160316512602
test_10409,8.711558497870418e-06
test_10410,1.0000000000000008e-06
test_10411,0.9978608154924234
test_10412,3.9254689633272615e-06
test_10413,0.0003094942447905
test_10414,0.00010292676181369998
test_10415,0.9982946471787874
test_10416,0.00030873801594620017
test_10417,0.9952646652586448
test_10418,0.9894381015760186
test_10419,0.9999444129520799
test_10420,0.538915827086758
test_10421,0.9995800128608684
test_10422,0.00010454902113329995
test_10423,0.999997768026638
test_10424,0.9999989891874411
test_10425,0.13956333820307157
test_10426,0.9998749168920846
test_10427,0.9999980576834441
test_10428,0.10204897591586148
test_10429,0.0004059820468812002
test_10430,5.7568079100403726e-05
test_10431,0.0025416854595283005
test_10432,2.493209827722144e-05
test_10433,0.9999976302973512
test_10434,0.9999952351832293
test_10435,1.6854806315080173e-05
test_10436,0.09258467366352618
test_10437,6.498437903029948e-05
test_10438,0.9999957494569461
test_10439,0.0029049158915762006
test_10440,1.0000000000000008e-06
test_10441,0.5972222926718526
test_10442,0.09042134753380268
test_10443,0.999992644383409
test_10444,0.997869740338402
test_10445,0.0024518643920286003
test_10446,0.999999
test_10447,0.9999989890943438
test_10448,9.471305445361322e-05
test_10449,0.9989489087316913
test_10450,0.9999910946371736
test_10451,0.9999966278336956
test_10452,0.9805207140028298
test_10453,0.9938992734513054
test_10454,0.0013786374948362994
test_10455,2.126099215085439e-05
test_10456,0.00012385838390290002
test_10457,0.9999774538917361
test_10458,0.00025393237086540014
test_10459,0.00017620178950209997
test_10460,0.9767508816421273
test_10461,0.9900243385169809
test_10462,0.0020374450208869993
test_10463,0.00025359886298250014
test_10464,0.3217044101071472
test_10465,6.681132296892741e-06
test_10466,0.999999
test_10467,0.9991456013570013
test_10468,0.9999585887666864
test_10469,0.1315328332823058
test_10470,0.9999961013041223
test_10471,0.5254338195570204
test_10472,0.999683618945265
test_10473,0.9999959455639226
test_10474,0.9999670883100179
test_10475,0.9758119819687661
test_10476,1.3667813188580291e-06
test_10477,0.9665638760202089
test_10478,4.672519690566312e-06
test_10479,0.9999963931212195
test_10480,0.9999600669893849
test_10481,0.0011669717669020997
test_10482,6.891012973553716e-05
test_10483,0.9886007865933402
test_10484,0.9421757909094225
test_10485,1.0000000000000008e-06
test_10486,2.8701256991304002e-05
test_10487,0.999998961726811
test_10488,8.180953497849534e-06
test_10489,0.008154884545714499
test_10490,0.999999
test_10491,2.6398463552320705e-05
test_10492,2.2788103326207148e-05
test_10493,0.9999792824740327
test_10494,0.004183733277262299
test_10495,0.9999986283239902
test_10496,0.004659251290376401
test_10497,3.9947859166896496e-06
test_10498,1.066436193217233e-06
test_10499,0.9912788805445392
test_10500,0.9999876891845231
test_10501,0.013393395665529802
test_10502,1.820849929716467e-05
test_10503,0.03674761478317671
test_10504,0.0407350192828262
test_10505,0.9999633495064604
test_10506,0.9999704887330011
test_10507,0.00031311722562930015
test_10508,0.9219451311311463
test_10509,0.9998230125824703
test_10510,0.9976615067519433
test_10511,5.795832692940012e-06
test_10512,1.687556695317908e-05
test_10513,0.9999949675503367
test_10514,0.9999979306966734
test_10515,3.078772431261319e-06
test_10516,0.9999366421956773
test_10517,0.9998490416177489
test_10518,0.14447076630784036
test_10519,1.725094209674534e-06
test_10520,0.9999987688701542
test_10521,0.9999741262639452
test_10522,0.8544544975299555
test_10523,0.9999948383422527
test_10524,0.9999929051168563
test_10525,0.959741800001092
test_10526,0.9997301963458273
test_10527,0.9997311917994515
test_10528,0.9999947058117865
test_10529,0.9999917064212932
test_10530,4.796494031114163e-05
test_10531,0.9999961291865623
test_10532,0.00026010361763700016
test_10533,0.9999841783577067
test_10534,4.5039510062101774e-05
test_10535,0.0004910035247153
test_10536,0.9997535572168204
test_10537,0.9999177633047032
test_10538,4.8935377719680245e-06
test_10539,0.9995920793781254
test_10540,7.526810198664204e-05
test_10541,3.5055343799378027e-06
test_10542,0.9999457509642804
test_10543,0.999999
test_10544,1.1689101044303115e-05
test_10545,0.049794057071181896
test_10546,0.9428848693714504
test_10547,0.9999928179361427
test_10548,3.69021484958439e-06
test_10549,0.002428920473490899
test_10550,0.9981555727892503
test_10551,4.678989147913108e-06
test_10552,0.9995766455714834
test_10553,3.983943550660891e-05
test_10554,0.9999986274201172
test_10555,0.9997887954349789
test_10556,0.00018223926282060008
test_10557,0.3724666132996605
test_10558,3.5308730136492995e-05
test_10559,0.9998292100463751
test_10560,0.9999972811880612
test_10561,0.9984848629712919
test_10562,0.9786419786369945
test_10563,0.9999894289989577
test_10564,0.9999940451672834
test_10565,0.9977246227581134
test_10566,0.9999953252461962
test_10567,0.0031722085104880014
test_10568,0.9999988975535822
test_10569,0.0005750573057842999
test_10570,0.0191121966460529
test_10571,0.9999675267476428
test_10572,0.999999
test_10573,0.999999
test_10574,0.8585237254860077
test_10575,0.9999979889469228
test_10576,0.9997593266944076
test_10577,0.9979022832138762
test_10578,1.0000000000000008e-06
test_10579,0.018761574524180803
test_10580,0.0044330130554461
test_10581,3.764887410344118e-05
test_10582,0.99999816916576
test_10583,1.9987215576439787e-05
test_10584,0.9995307452457968
test_10585,4.483640164984798e-06
test_10586,2.190513694764918e-06
test_10587,0.0006076157795624
test_10588,4.0046896335881085e-06
test_10589,4.627149526217482e-06
test_10590,0.009942515191730002
test_10591,3.6349472932483014e-06
test_10592,0.00017462718809220013
test_10593,0.999992032574414
test_10594,0.999947409625232
test_10595,4.122660247326054e-05
test_10596,0.9999972259546557
test_10597,1.5423836349832826e-06
test_10598,0.9997564055045266
test_10599,0.9999988754541346
test_10600,3.0534276304895536e-06
test_10601,9.94053053716822e-06
test_10602,0.9995650700588042
test_10603,0.9999752162951515
test_10604,0.9999981453223127
test_10605,0.999993910651012
test_10606,0.9999967693446856
test_10607,0.3132825094177471
test_10608,0.00013929965631110007
test_10609,0.999998379875014
test_10610,0.0017435343068961003
test_10611,0.9871448649562652
test_10612,7.952306503645745e-06
test_10613,1.2262937201570606e-05
test_10614,9.876821941794342e-06
test_10615,0.999999
test_10616,0.9999717132556712
test_10617,0.9994064995061593
test_10618,0.999999
test_10619,0.9999846162432542
test_10620,0.9999952716576105
test_10621,0.9998721915581331
test_10622,0.9981675178227236
test_10623,3.907095058657378e-06
test_10624,0.8982892298257268
test_10625,0.00010850592162419992
test_10626,1.7108225768966384e-05
test_10627,0.0804948241663574
test_10628,0.9999516971495055
test_10629,0.9648939800238074
test_10630,0.9999697082977875
test_10631,0.7171575712071803
test_10632,0.9226297744599504
test_10633,0.9999970673277635
test_10634,0.9999950641343386
test_10635,4.385558501356248e-05
test_10636,0.9999974908024436
test_10637,0.9999444369713568
test_10638,1.8753231645863063e-05
test_10639,0.9999801608960559
test_10640,3.0328659703783834e-06
test_10641,0.9999978212037909
test_10642,0.9897110492399661
test_10643,0.9999059391217705
test_10644,0.9376903071834896
test_10645,0.009067217931898401
test_10646,0.006778498857171501
test_10647,0.0036463863813482977
test_10648,0.9934627947364016
test_10649,0.9999736587558914
test_10650,0.9690049959072515
test_10651,0.9906378158805581
test_10652,0.005912407729730897
test_10653,0.9999845152157972
test_10654,0.0011383716835454002
test_10655,0.00019196696317100003
test_10656,0.9999486723914982
test_10657,0.0002660622383642001
test_10658,0.9991640729009339
test_10659,0.0026371133476797
test_10660,0.9997891000669245
test_10661,0.9990068974473807
test_10662,2.9734120856069073e-05
test_10663,0.00036673869298210006
test_10664,0.9999877723602487
test_10665,0.9985072789919258
test_10666,0.9859560688946375
test_10667,0.05662507684907861
test_10668,0.9999070562970312
test_10669,0.9926217736235889
test_10670,1.0707941440871205e-05
test_10671,0.6499715711777383
test_10672,3.981511861860286e-06
test_10673,0.07002288277771315
test_10674,0.0924239076608822
test_10675,0.0044655076541061985
test_10676,0.9999540919785932
test_10677,0.9999666029193242
test_10678,0.9990357256646402
test_10679,0.9996388596758818
test_10680,8.1673712161382e-05
test_10681,0.9999620668433995
test_10682,0.999995832709605
test_10683,0.0009106260434572997
test_10684,0.0002568579261254
test_10685,0.009684838356444299
test_10686,0.9999961940697674
test_10687,0.0005587173136921001
test_10688,0.0009730939827132004
test_10689,2.4675967371335905e-06
test_10690,0.9832700907986865
test_10691,0.011082543981345904
test_10692,0.9997092905221506
test_10693,9.86043278331159e-06
test_10694,0.9994896855517482
test_10695,0.9999095332670429
test_10696,0.8707283747127335
test_10697,1.6043782477571983e-05
test_10698,0.9989688581205172
test_10699,0.9999338461492997
test_10700,4.103939657330576e-06
test_10701,0.9998611446141558
test_10702,0.00011070982090069998
test_10703,0.0007821617352218999
test_10704,0.8801919510994435
test_10705,0.9999744663564734
test_10706,3.7194911855770817e-06
test_10707,0.9998370360681563
test_10708,0.9999982447154218
test_10709,0.9999649897452418
test_10710,0.9999108535603447
test_10711,0.9999654849174647
test_10712,0.9999915381563487
test_10713,1.401773862175358e-05
test_10714,0.999729297740737
test_10715,0.0007653086828158
test_10716,0.9964244021102538
test_10717,0.9999771895271092
test_10718,0.014152498029011903
test_10719,0.9992631301881629
test_10720,0.9999959231770469
test_10721,3.1377158575580523e-06
test_10722,0.9999112989876042
test_10723,1.0073405173330854e-05
test_10724,5.273128820597202e-06
test_10725,2.596388007490308e-05
test_10726,0.9989893631541378
test_10727,5.222529288753217e-05
test_10728,1.1761403676184142e-06
test_10729,3.2303152228770206e-06
test_10730,0.022410934122486303
test_10731,2.723224385613648e-05
test_10732,0.9675457937197243
test_10733,6.388352309957425e-06
test_10734,0.00017740025875949989
test_10735,0.9999833547176934
test_10736,2.7607149922477646e-05
test_10737,6.4047005588021906e-06
test_10738,0.9999965745314122
test_10739,0.9998852722085576
test_10740,0.999996455975583
test_10741,0.9999926269916504
test_10742,0.0025473608762957007
test_10743,0.9998636317512162
test_10744,0.00011110548673930006
test_10745,1.768224543933496e-05
test_10746,0.0006346369252407998
test_10747,0.9999952858771812
test_10748,0.9931654356704264
test_10749,0.9999912454095072
test_10750,0.9990854905222183
test_10751,2.4724075824373987e-05
test_10752,0.9992626805614692
test_10753,0.9999985741403155
test_10754,0.9999969844054544
test_10755,1.364167031196988e-06
test_10756,0.9958122305533451
test_10757,0.0005604174554126
test_10758,1.633859782651761e-05
test_10759,0.9906949408363865
test_10760,0.0005675525185917999
test_10761,1.254602034896498e-05
test_10762,0.9996443632152658
test_10763,0.9998190209756862
test_10764,0.999987280227084
test_10765,0.9488171427723133
test_10766,0.9987733871799145
test_10767,0.09548622693579173
test_10768,0.9948007929418888
test_10769,0.0006208278026161003
test_10770,7.284411818922136e-05
test_10771,0.9964371952126669
test_10772,1.6485892930113716e-06
test_10773,0.999996018938923
test_10774,0.9834728039469707
test_10775,0.0733919422145342
test_10776,0.1939846409190837
test_10777,2.0129220013489754e-05
test_10778,0.9995192841234961
test_10779,0.9997909686632273
test_10780,0.9999831111884887
test_10781,0.9999883534144002
test_10782,0.004376674841963802
test_10783,0.0007786279251093002
test_10784,2.1664664531854807e-05
test_10785,0.9998748642525168
test_10786,0.9999807907689388
test_10787,0.9999526426861999
test_10788,0.0006059050628276001
test_10789,4.238519208046125e-06
test_10790,0.0006408761248460998
test_10791,0.00035015340216219983
test_10792,0.9999309691982681
test_10793,0.9911593935853811
test_10794,0.8736177942157465
test_10795,1.928659709511959e-05
test_10796,0.9998873012295637
test_10797,0.92541261706378
test_10798,0.999999
test_10799,1.1415732571802495e-05
test_10800,0.999986182856507
test_10801,1.4871242906070744e-06
test_10802,0.00012427452107949995
test_10803,0.999990290254143
test_10804,0.996859704589307
test_10805,9.897744865006756e-06
test_10806,0.9999887304076888
test_10807,0.9999708055126127
test_10808,0.9999976566875326
test_10809,0.9999822185039166
test_10810,0.999260638365376
test_10811,0.9792315262753455
test_10812,0.0005640293588847
test_10813,2.2049475666795755e-05
test_10814,1.0550675553630208e-06
test_10815,0.9999268013716619
test_10816,0.0126530135171901
test_10817,0.9993982561326057
test_10818,0.9999979175518566
test_10819,0.9998214992909604
test_10820,6.158461197664514e-05
test_10821,0.00013347224820810003
test_10822,0.9998620294060702
test_10823,0.4278449940518183
test_10824,4.694501079219619e-06
test_10825,0.9999821975627036
test_10826,0.999999
test_10827,0.9976358495327697
test_10828,0.9999909020335012
test_10829,0.00016918526095199995
test_10830,0.999999
test_10831,0.09053241802107749
test_10832,0.14809607111101186
test_10833,0.9999799424847828
test_10834,0.9999861698996062
test_10835,0.005037979235375298
test_10836,1.0000000000000008e-06
test_10837,0.0231267753074884
test_10838,3.5819582562338526e-06
test_10839,0.0003405343182714
test_10840,0.9999962223876775
test_10841,0.09154618895785768
test_10842,0.9961505469015806
test_10843,9.664927911274765e-06
test_10844,0.0005647055699867001
test_10845,1.6758263095349826e-06
test_10846,0.9999962239600572
test_10847,0.0038468713400982004
test_10848,2.7247390846280557e-05
test_10849,5.010113691128279e-05
test_10850,1.289856567102597e-05
test_10851,1.7972707857712004e-06
test_10852,4.948456245760625e-05
test_10853,0.002599373833334
test_10854,0.9888200798811994
test_10855,5.133453158503845e-06
test_10856,0.0019881482281849006
test_10857,0.9999669656052759
test_10858,8.336292811068193e-05
test_10859,0.9998877360379661
test_10860,2.5260491043447978e-05
test_10861,0.0008869103249749002
test_10862,0.9996451115962853
test_10863,0.9999973211509301
test_10864,0.00033539999172079994
test_10865,0.9996443611867455
test_10866,0.9999505882338342
test_10867,0.9980420456212484
test_10868,1.9557210207018715e-05
test_10869,0.0009488767669593997
test_10870,0.0009088593659862997
test_10871,7.857143943503248e-06
test_10872,0.9999707879160501
test_10873,0.9999551202273104
test_10874,0.07318973500944465
test_10875,0.6975846033553867
test_10876,0.0020989429325264995
test_10877,0.9999970062491772
test_10878,0.9999972543823394
test_10879,3.034338966679073e-06
test_10880,0.008312367843897403
test_10881,9.901358293629714e-06
test_10882,0.0270720281935114
test_10883,0.961309309045719
test_10884,0.9999865550316109
test_10885,0.0013572813275639002
test_10886,0.0057003961682624985
test_10887,0.9999943008500967
test_10888,0.9999869860580822
test_10889,0.0012154409506214003
test_10890,6.435966468638234e-05
test_10891,1.0522142583627583e-05
test_10892,0.9999935366247976
test_10893,0.00012700190933579995
test_10894,1.5213021537535383e-05
test_10895,0.9999007120868854
test_10896,0.0003313112303716997
test_10897,8.972916267996322e-06
test_10898,0.9946182145707514
test_10899,0.9248323146834496
test_10900,0.08245166271422
test_10901,0.999175905666339
test_10902,0.999813116134667
test_10903,0.9996762422049658
test_10904,0.9999975652022569
test_10905,0.999983345895553
test_10906,0.9999855862703223
test_10907,5.643664575773476e-06
test_10908,0.8978212477232851
test_10909,0.9999812032498585
test_10910,1.3291955706947485e-05
test_10911,2.2747109183761733e-06
test_10912,0.9999750244342408
test_10913,3.6456707381274302e-06
test_10914,0.9999318086507323
test_10915,0.004675831462869301
test_10916,0.0008073162697269001
test_10917,0.24924176716578472
test_10918,0.00011134922859900006
test_10919,0.0002827693671055999
test_10920,0.999996593447524
test_10921,0.27860757669165226
test_10922,0.9997938304564088
test_10923,0.9999931603382766
test_10924,0.9999963020212639
test_10925,0.9998652931018862
test_10926,6.342540995535942e-05
test_10927,0.9997541516187533
test_10928,4.576857770023691e-06
test_10929,2.258228984683355e-06
test_10930,0.9986093406773662
test_10931,0.0038385393931368
test_10932,0.9999882637889823
test_10933,0.999998928220387
test_10934,5.7254649688301444e-06
test_10935,2.169547887721737e-05
test_10936,0.9998979276886537
test_10937,0.9999656681377925
test_10938,4.18248503110734e-06
test_10939,0.8562072421472524
test_10940,1.6103670504493556e-06
test_10941,8.664609883931414e-05
test_10942,0.0013279826554593005
test_10943,2.1445018174333087e-05
test_10944,0.9999510758038102
test_10945,1.0000000000000008e-06
test_10946,1.0000000000000008e-06
test_10947,0.9940977285026001
test_10948,8.907142536570491e-05
test_10949,0.00024856787282249987
test_10950,0.0019133145926740996
test_10951,0.9999674444845855
test_10952,1.5198089246776423e-06
test_10953,0.973690917830837
test_10954,0.999995161037571
test_10955,0.999992660923887
test_10956,3.6086813168349096e-05
test_10957,2.1392505178227824e-06
test_10958,2.146423418429682e-05
test_10959,0.0002430213137046999
test_10960,0.9997245320958511
test_10961,0.8215287662425946
test_10962,0.24391433296329168
test_10963,0.0001268300915336999
test_10964,1.6054531210863571e-06
test_10965,2.8685930909804897e-05
test_10966,0.00023513416716130006
test_10967,0.9141728011539968
test_10968,3.813298077518366e-06
test_10969,0.9995929867914981
test_10970,0.00019340972120509986
test_10971,0.9913030281237114
test_10972,0.9854507312697282
test_10973,8.911610614937283e-05
test_10974,0.0010512070986078996
test_10975,0.9991650286773796
test_10976,0.9999692276420653
test_10977,0.9991820530497288
test_10978,0.9999040367076304
test_10979,0.00017756764114770012
test_10980,0.9289476143614207
test_10981,0.9986911191748854
test_10982,0.9999974649239662
test_10983,0.00014636510245410013
test_10984,0.9999727845904401
test_10985,0.9997492993304571
test_10986,1.7619780336651282e-05
test_10987,0.9999985354130564
test_10988,2.6730704776992467e-06
test_10989,8.84819897603241e-06
test_10990,0.00010849558802259998
test_10991,4.249637172686286e-05
test_10992,0.999952706228973
test_10993,0.9999232120130793
test_10994,6.638314155576169e-05
test_10995,1.0746106636349041e-05
test_10996,0.999525653990275
test_10997,0.9999947803597818
test_10998,3.024076657580675e-05
test_10999,6.681078206937869e-05
test_11000,5.509697307289336e-05
test_11001,0.9966474663057627
test_11002,0.0002215514513883998
test_11003,3.9750527928016414e-06
test_11004,0.00015086110484189994
test_11005,0.9745330860365393
test_11006,1.7146412974643247e-06
test_11007,7.139253390996346e-05
test_11008,0.006895245204259504
test_11009,1.0000000000000008e-06
test_11010,0.9999945158564127
test_11011,0.9996798754687001
test_11012,0.0008723524504591002
test_11013,0.8733832344932816
test_11014,0.999625461121888
test_11015,0.08448673603599828
test_11016,0.0005228153095601999
test_11017,0.0036045986982742007
test_11018,0.9999970161786708
test_11019,2.0667154211503095e-05
test_11020,0.9937941821306665
test_11021,0.9999309820042949
test_11022,0.0027376935503559004
test_11023,8.061385787859302e-05
test_11024,0.9999989716239261
test_11025,0.9972389862165308
test_11026,0.9999879486470088
test_11027,0.9999938219846605
test_11028,0.970504978944402
test_11029,0.9997213773865088
test_11030,0.9999935013553856
test_11031,1.765809125291335e-05
test_11032,3.942711031836849e-06
test_11033,0.0004372333232435998
test_11034,0.0024844657982226004
test_11035,0.999999
test_11036,0.9999963273960086
test_11037,0.00042987631709320005
test_11038,0.9999942880275703
test_11039,0.9521811772142815
test_11040,0.9999987618426582
test_11041,0.0074265908636725
test_11042,0.0001011360535092
test_11043,0.9974467546947887
test_11044,0.9999974666030799
test_11045,0.9999977134701878
test_11046,0.9997071575213075
test_11047,0.9999880888442546
test_11048,0.9999143820890414
test_11049,0.06906775269102798
test_11050,3.731478119496481e-06
test_11051,0.9996775912273069
test_11052,0.999999
test_11053,0.9999622342059022
test_11054,0.9988997917210966
test_11055,0.0001127519314631
test_11056,0.9998458969497789
test_11057,1.0000000000000008e-06
test_11058,0.9966850662350095
test_11059,9.54824296346852e-06
test_11060,0.9996447889281315
test_11061,5.307599109410292e-06
test_11062,0.9999985303163951
test_11063,2.6910305950731856e-06
test_11064,0.9999862070779846
test_11065,0.9999968022044753
test_11066,0.9999980789884303
test_11067,1.0000000000000008e-06
test_11068,1.0000000000000008e-06
test_11069,0.9999983591144874
test_11070,0.9999973176264183
test_11071,0.999999
test_11072,4.153881769118215e-06
test_11073,3.605980304679706e-06
test_11074,1.724588650085169e-05
test_11075,0.999999
test_11076,0.9995087681540422
test_11077,8.160823516518126e-05
test_11078,0.00037222096170489984
test_11079,0.9998160588402868
test_11080,4.0980741053788406e-05
test_11081,4.1510864630284715e-05
test_11082,2.4938352553337853e-05
test_11083,5.8069303815377115e-05
test_11084,0.9999944540074998
test_11085,0.00022219429694689987
test_11086,0.005474169696745399
test_11087,0.9995178137820429
test_11088,1.5321522688557422e-05
test_11089,0.0370404463850535
test_11090,0.9998091896044384
test_11091,0.999998252794697
test_11092,2.9202835929098785e-05
test_11093,0.9998954475755458
test_11094,0.9993822585286861
test_11095,0.9999985356724244
test_11096,0.002891498094963301
test_11097,0.9653736411780375
test_11098,1.9904094814289087e-06
test_11099,0.9999980199035298
test_11100,0.9999781660703528
test_11101,1.0000000000000008e-06
test_11102,0.1039042197611532
test_11103,0.999999
test_11104,0.050703013205987586
test_11105,0.00015289066907230004
test_11106,0.9257522131766339
test_11107,0.9996173335398242
test_11108,0.9999213253122878
test_11109,0.9999920677212969
test_11110,0.998621566608537
test_11111,0.9986099568945876
test_11112,0.9998918895093123
test_11113,0.7139776020478759
test_11114,0.9999542913614272
test_11115,0.999984883426248
test_11116,0.9999747894941944
test_11117,0.6421930511255155
test_11118,0.9998933364973647
test_11119,0.9999863081762602
test_11120,0.0003818695328319
test_11121,0.9910748996163414
test_11122,0.9985340629747697
test_11123,0.998952871512065
test_11124,0.9999767793807598
test_11125,0.999999
test_11126,0.999999
test_11127,0.996502593370438
test_11128,2.655950852495232e-05
test_11129,0.11856915286030761
test_11130,0.99992754284895
test_11131,4.902288878719415e-06
test_11132,0.9993025925214465
test_11133,0.00010229930233730006
test_11134,0.0020570437774325994
test_11135,0.9961767425066674
test_11136,0.9999987212297355
test_11137,0.00039638163188039996
test_11138,0.9999129962441966
test_11139,0.1013415471540352
test_11140,0.0390372266842056
test_11141,0.9940197484781274
test_11142,4.879442182500181e-06
test_11143,0.9776949301795039
test_11144,0.9999915137917166
test_11145,2.6835467165281045e-05
test_11146,1.0000000000000008e-06
test_11147,0.9999507641817156
test_11148,9.459019006926506e-06
test_11149,0.00013537275012699993
test_11150,0.9999933411324505
test_11151,0.0002450292555578
test_11152,0.9958896777013013
test_11153,0.9999906689398468
test_11154,0.9992352697627676
test_11155,5.379025383679314e-05
test_11156,0.0002945965531205998
test_11157,0.9999652906225642
test_11158,3.2755153378603e-06
test_11159,1.0000000000000008e-06
test_11160,0.003984447508594399
test_11161,0.8772274079098544
test_11162,1.0000000000000008e-06
test_11163,4.24173451425787e-06
test_11164,0.008866405183409599
test_11165,0.9996059782817098
test_11166,0.8933833092859631
test_11167,2.869160152401443e-06
test_11168,0.006146868979351003
test_11169,0.9999890367310985
test_11170,0.8174563859509228
test_11171,6.895927276804497e-05
test_11172,0.99987574433993
test_11173,0.9998618791533314
test_11174,5.296669854172098e-06
test_11175,1.903412152663722e-05
test_11176,0.0477955183362112
test_11177,1.7577148351341067e-05
test_11178,1.1414999115116269e-05
test_11179,1.2454860657731723e-05
test_11180,0.9982438540564321
test_11181,0.9996311125336994
test_11182,0.0021793941433530003
test_11183,0.0380431616219637
test_11184,0.9980625897492978
test_11185,0.9993869153404716
test_11186,3.779858305114738e-06
test_11187,1.6696341341536583e-05
test_11188,0.9999780598735338
test_11189,0.00012991307478079993
test_11190,4.0315803739887155e-05
test_11191,0.9996632600227908
test_11192,0.0021506775604916003
test_11193,7.85578964575878e-06
test_11194,0.005398480278646999
test_11195,0.9999922149159184
test_11196,3.931218077864697e-05
test_11197,0.9992830713734902
test_11198,0.9991241590753591
test_11199,2.923845009233548e-05
test_11200,3.3340606894468785e-06
test_11201,0.0060066037546867
test_11202,0.9988690371324688
test_11203,0.9979099515333549
test_11204,0.91915973956326
test_11205,6.587062410519187e-05
test_11206,0.9988814163152399
test_11207,3.487413744434458e-06
test_11208,0.9996597200102283
test_11209,1.1225560563007266e-05
test_11210,0.9998681499135619
test_11211,6.0157859561465665e-05
test_11212,0.9942464584460703
test_11213,2.470748091125916e-06
test_11214,3.7651069381411196e-05
test_11215,2.2111137321144703e-06
test_11216,6.714973719000097e-05
test_11217,0.9971395330106252
test_11218,0.9995346409973377
test_11219,0.8964066191552958
test_11220,0.9999189236278442
test_11221,0.0008388750928036001
test_11222,0.0017231135701837005
test_11223,0.0017675924788533993
test_11224,0.9999880648209315
test_11225,1.6777137812627557e-06
test_11226,0.0006395094927593
test_11227,0.9999862581386336
test_11228,0.0031482165131953006
test_11229,0.9862198389817961
test_11230,0.012207768154482396
test_11231,0.9631984819575102
test_11232,4.477301844405901e-06
test_11233,0.9800506814434262
test_11234,0.9999839980731947
test_11235,0.9782121641948178
test_11236,0.8512544290873795
test_11237,1.9865441030708873e-06
test_11238,0.9999517062275679
test_11239,0.9996851634060617
test_11240,0.9999765808327276
test_11241,0.9983085541695462
test_11242,0.9999984725426377
test_11243,0.9983363624751175
test_11244,0.0023743104676413004
test_11245,0.0004023966721856
test_11246,0.9999205601968352
test_11247,1.2460418597618193e-05
test_11248,0.9992524525849656
test_11249,3.858063806027747e-05
test_11250,0.9999668755346511
test_11251,0.999935012333587
test_11252,1.1950983532910441e-05
test_11253,0.0006454532595546001
test_11254,0.9942335093581647
test_11255,0.1223592060294104
test_11256,0.9480385250803953
test_11257,0.9999895034339757
test_11258,0.9811013775978247
test_11259,1.081592404723258e-05
test_11260,1.3974540498356353e-05
test_11261,0.00010767548014029998
test_11262,0.9999979418875634
test_11263,0.8883500773170142
test_11264,0.9195417261480499
test_11265,0.0052508461864144975
test_11266,0.00011019616674309992
test_11267,0.0027094678147127995
test_11268,0.9266221034433354
test_11269,0.8913398867976432
test_11270,0.9998976923871822
test_11271,0.9654368802440244
test_11272,3.636266999581928e-06
test_11273,0.9389369183306332
test_11274,0.9999916026567818
test_11275,0.00018033323165620002
test_11276,7.079791978662064e-05
test_11277,0.9998341526171928
test_11278,1.0000000000000008e-06
test_11279,0.17969370397051052
test_11280,0.9992776793314295
test_11281,0.9998162984713593
test_11282,0.014702251719270698
test_11283,0.00021539683167179997
test_11284,0.0024251364173808005
test_11285,5.418299081004402e-06
test_11286,4.828503742879336e-06
test_11287,0.9995983971248201
test_11288,0.9999634197107883
test_11289,2.9570431432232293e-06
test_11290,0.9997891017579366
test_11291,0.9999951332670959
test_11292,0.9999916366600226
test_11293,3.303800753075196e-05
test_11294,0.9992780551790855
test_11295,0.9999646306997382
test_11296,1.0357480781125174e-05
test_11297,0.9999980625310315
test_11298,0.0002994746170128
test_11299,0.9986894209724442
test_11300,0.9999853957939483
test_11301,0.9999975931066871
test_11302,5.673764877106343e-06
test_11303,0.9990103768596527
test_11304,0.999993882916423
test_11305,4.248455834032807e-06
test_11306,0.999999
test_11307,0.9998553713167143
test_11308,0.9999878884558489
test_11309,1.0000000000000008e-06
test_11310,0.0011952075756127
test_11311,0.00011830928557700006
test_11312,0.99710706391607
test_11313,1.9482009491138697e-05
test_11314,0.00014427198222580003
test_11315,0.002819679669618501
test_11316,0.8448808910975352
test_11317,0.9984108568634409
test_11318,0.9956224977850404
test_11319,3.8911279070205686e-05
test_11320,0.04606003303985239
test_11321,0.00025198409980099995
test_11322,1.5871547245484237e-05
test_11323,6.118305980878444e-06
test_11324,0.010452070132855002
test_11325,0.9997629594135868
test_11326,1.0000000000000008e-06
test_11327,0.9991970844572347
test_11328,0.9999986137822703
test_11329,1.4277923233314648e-05
test_11330,0.008045195646000104
test_11331,1.6702170615059502e-05
test_11332,0.9999964102787642
test_11333,0.9949162811135202
test_11334,0.0010536394381378995
test_11335,0.9589422116972904
test_11336,0.9956899097432294
test_11337,0.9999397589109106
test_11338,0.9558149389712064
test_11339,0.47761349064719166
test_11340,5.397749950838222e-05
test_11341,0.9983799833690891
test_11342,0.0010951314442721003
test_11343,0.999997798531279
test_11344,9.57918129356844e-06
test_11345,4.382009167069629e-05
test_11346,0.0133932195924375
test_11347,0.8543337878163916
test_11348,0.007680174059756604
test_11349,1.0000000000000008e-06
test_11350,0.9159950164982313
test_11351,2.668249147897541e-06
test_11352,0.0001088575381014999
test_11353,0.9999940964862828
test_11354,3.0200533414909447e-06
test_11355,4.285989846824194e-05
test_11356,9.043834130319574e-05
test_11357,2.8657125458395973e-06
test_11358,0.00039215218886890017
test_11359,0.09140186401042875
test_11360,0.0670690332771632
test_11361,3.759142781105063e-05
test_11362,6.15049429220972e-05
test_11363,8.345829168550009e-06
test_11364,4.939282787565812e-06
test_11365,0.0053049867614623995
test_11366,0.9998143349349481
test_11367,4.678550496798108e-05
test_11368,0.00014096835134910004
test_11369,0.8249467785651172
test_11370,0.9995351331360388
test_11371,3.768849066819643e-05
test_11372,7.987366269584686e-05
test_11373,3.906894334432465e-06
test_11374,0.9996797970444128
test_11375,7.339178041017704e-05
test_11376,3.615268254138249e-05
test_11377,0.9999361237041395
test_11378,0.0721800059292132
test_11379,5.815809903403904e-06
test_11380,1.0000000000000008e-06
test_11381,3.733071497623771e-05
test_11382,0.9909784398942239
test_11383,0.00047666527205070014
test_11384,0.0054021495294084
test_11385,0.9995324725194349
test_11386,0.9999932096416942
test_11387,0.9999912569172436
test_11388,0.0007415970912530003
test_11389,8.700194717982004e-05
test_11390,0.991646400148762
test_11391,0.9991697114609533
test_11392,0.9999914403307418
test_11393,0.9964401457557831
test_11394,0.08346738983763753
test_11395,0.9551363475139073
test_11396,0.0011353318765954996
test_11397,2.6606468516329867e-06
test_11398,0.9987656339300665
test_11399,0.19874315971212198
test_11400,0.006373377602271098
test_11401,0.9999755129706398
test_11402,0.9933511658447975
test_11403,0.0881900014255643
test_11404,0.9998929616261372
test_11405,0.0368151663164102
test_11406,9.113324653012353e-06
test_11407,0.00011378495713699989
test_11408,0.1431919605394917
test_11409,3.5143167035918326e-05
test_11410,0.00018048890401259986
test_11411,0.015052688386361802
test_11412,0.9927405311635396
test_11413,0.0016549587198052991
test_11414,0.012143167428501599
test_11415,0.9998589564676591
test_11416,2.094856611290746e-05
test_11417,0.9999226569710158
test_11418,0.9906564919802139
test_11419,0.9999985322252812
test_11420,3.414450159148818e-05
test_11421,0.0004078001854954999
test_11422,0.9798320689893957
test_11423,5.4430751405461695e-05
test_11424,0.9999986492164049
test_11425,0.00033456151097289977
test_11426,8.843139291669437e-05
test_11427,0.9999205571615987
test_11428,2.469589776725325e-05
test_11429,0.9999963941574549
test_11430,0.0007931033600112003
test_11431,0.9999864951868654
test_11432,0.9998290688926068
test_11433,6.981819033186005e-06
test_11434,0.999988066508564
test_11435,0.9999879001043591
test_11436,0.9069828681264634
test_11437,0.983931926775334
test_11438,4.408861566113397e-06
test_11439,2.1701446500497096e-06
test_11440,0.0007163041095293001
test_11441,1.9483103038984513e-05
test_11442,1.5254310791690557e-05
test_11443,0.9827005894340762
test_11444,0.0013456368714109001
test_11445,0.6493963662816747
test_11446,2.1621638647698776e-06
test_11447,0.9150485038321646
test_11448,0.0006822238280300997
test_11449,0.9986757992321741
test_11450,0.999989208734176
test_11451,0.9920786999565909
test_11452,0.8736811365316166
test_11453,0.00013506895351829995
test_11454,2.2634399445207472e-06
test_11455,3.784024122012066e-06
test_11456,4.0263361662856805e-06
test_11457,0.9980504818451837
test_11458,0.0005628214272605002
test_11459,7.655307481822274e-05
test_11460,0.0330085924466349
test_11461,0.9990120624499864
test_11462,0.9999825398096313
test_11463,0.0011822410892743996
test_11464,0.9999984865267058
test_11465,0.9846048192811471
test_11466,0.9996864903834933
test_11467,1.4872496919182447e-05
test_11468,0.9968417774876237
test_11469,1.6693615346278592e-05
test_11470,0.0002658508367481999
test_11471,0.9992253515028806
test_11472,3.871833722273844e-05
test_11473,0.6383153179341576
test_11474,0.9998943155876532
test_11475,0.0010096738395414002
test_11476,1.260619109348056e-05
test_11477,0.9999663337401957
test_11478,0.0002644128411808999
test_11479,0.00013462295174630008
test_11480,0.9993935430148019
test_11481,0.0003022609936172999
test_11482,0.025815544266363503
test_11483,0.9999973955699495
test_11484,1.2261659160203611e-05
test_11485,0.9999936282956379
test_11486,0.9965402496936057
test_11487,0.0503613352362948
test_11488,9.23134892880096e-06
test_11489,0.9999892554513512
test_11490,0.9999750224140223
test_11491,6.781116490755311e-05
test_11492,0.47942176334727843
test_11493,0.9999665201689766
test_11494,0.763543750947218
test_11495,5.33364435189575e-06
test_11496,0.9997630175904296
test_11497,0.9999931526284297
test_11498,0.9741072318437878
test_11499,0.9996210908092821
test_11500,8.13083462611357e-05
test_11501,0.9849673442076848
test_11502,2.895776619522669e-06
test_11503,0.005003203457866101
test_11504,0.9999791891205224
test_11505,0.9999856660999809
test_11506,2.027490659073721e-05
test_11507,0.0006096945378012997
test_11508,2.99407809046631e-06
test_11509,0.0005929038101850001
test_11510,0.0003951613224767998
test_11511,6.068336614527111e-05
test_11512,1.2896191585732193e-05
test_11513,0.003817340063937401
test_11514,0.00010363757451499997
test_11515,8.451268255783874e-06
test_11516,0.0253136878279486
test_11517,0.00041661489325600014
test_11518,0.0312613642089925
test_11519,0.9984017336213754
test_11520,0.9874461267527026
test_11521,1.5357890419546197e-05
test_11522,1.372794091856206e-05
test_11523,0.9108524161378648
test_11524,1.0000000000000008e-06
test_11525,0.9951809673615363
test_11526,0.8470303077627467
test_11527,0.009319373356387802
test_11528,0.05444748330622921
test_11529,1.2442803446131368e-06
test_11530,0.9992530825790331
test_11531,0.9999642683442165
test_11532,0.999998641323326
test_11533,0.004026823842398599
test_11534,0.9999950809224075
test_11535,0.9174332582880493
test_11536,0.9999984185663171
test_11537,0.9999829124542085
test_11538,0.19476501741696972
test_11539,0.9999958185326382
test_11540,0.9999917200381861
test_11541,0.07350759874810252
test_11542,0.00037510589240550006
test_11543,0.9999909678116476
test_11544,3.21108877959255e-05
test_11545,0.9962164585319092
test_11546,5.168491140189055e-06
test_11547,0.9999953905230851
test_11548,0.0018883581027559998
test_11549,1.5625772540441064e-06
test_11550,0.9900602033485135
test_11551,0.003728705145310201
test_11552,0.9996728449079794
test_11553,0.999947709056981
test_11554,0.06673358136828482
test_11555,0.9999960714895595
test_11556,0.04357026289642431
test_11557,0.9997303669991237
test_11558,0.9999960531418197
test_11559,0.0014362253406658997
test_11560,2.0060529512212795e-05
test_11561,1.3391494255335042e-06
test_11562,0.9999978059473713
test_11563,0.9999970922876567
test_11564,0.00025986874878300014
test_11565,0.0353845606266375
test_11566,6.588649130874921e-06
test_11567,0.9997815342309682
test_11568,6.57312720497666e-06
test_11569,0.9943423442780877
test_11570,4.230228465329409e-06
test_11571,0.04584251932691219
test_11572,2.688429993714091e-06
test_11573,0.07217566459849144
test_11574,0.9999775619128835
test_11575,0.9999248399704985
test_11576,0.9912960169956827
test_11577,0.9999226319858999
test_11578,0.0802745336078326
test_11579,0.9991760474644396
test_11580,0.9999961944395502
test_11581,0.8177184644632395
test_11582,1.0000000000000008e-06
test_11583,0.008419608541014199
test_11584,0.9999751920431813
test_11585,6.62996331777687e-06
test_11586,0.9999968497747745
test_11587,0.999981167741507
test_11588,0.011223869873612296
test_11589,0.995428443597895
test_11590,0.9999974678245418
test_11591,0.9999627729078014
test_11592,0.9999535434697088
test_11593,0.0017980738754681002
test_11594,0.9999928423987786
test_11595,3.5208489356157535e-06
test_11596,0.9999935298617222
test_11597,0.999999
test_11598,1.2499605300046026e-05
test_11599,1.0158325397438817e-05
test_11600,0.00028640786151339976
test_11601,0.9999441067175062
test_11602,0.0017261987039420001
test_11603,0.9911102336994602
test_11604,0.999985959379425
test_11605,0.999993070297233
test_11606,7.332974964979698e-05
test_11607,0.9999964568632275
test_11608,3.0486449506377788e-05
test_11609,0.9999984862112196
test_11610,3.056522454286964e-05
test_11611,0.999999
test_11612,0.9999962634457726
test_11613,0.9999623605537965
test_11614,0.00013128605268610005
test_11615,0.9999812148725596
test_11616,0.9999515771577594
test_11617,0.999988484762201
test_11618,0.999999
test_11619,0.9741919857710173
test_11620,0.0022271438477801993
test_11621,1.6971866881120854e-06
test_11622,0.9996206637306482
test_11623,2.0199151183860445e-05
test_11624,0.9990462801126716
test_11625,0.9994140454149494
test_11626,0.999999
test_11627,0.9999935123320698
test_11628,4.613259254436018e-05
test_11629,0.9951540216597593
test_11630,9.072707684839707e-06
test_11631,5.391020884080114e-06
test_11632,0.0007600501453580997
test_11633,0.999763449892181
test_11634,0.9778474033443929
test_11635,0.9998409476570072
test_11636,0.9999887457274493
test_11637,0.999987889779446
test_11638,0.995159044763446
test_11639,0.00118265814682
test_11640,0.9999558554817506
test_11641,0.9998732548747242
test_11642,0.9999869873142365
test_11643,0.997564900004088
test_11644,0.9999835545035103
test_11645,0.0401638883570412
test_11646,1.0000000000000008e-06
test_11647,0.0033534036097015996
test_11648,0.9999947288940119
test_11649,0.0021433924712045997
test_11650,0.9999841499745254
test_11651,6.971502677918749e-05
test_11652,3.085304046268914e-05
test_11653,0.0019085344667161997
test_11654,1.4595511365054739e-05
test_11655,8.855546741738454e-06
test_11656,0.9999674528322902
test_11657,4.3015046611004506e-05
test_11658,0.00028394243832419977
test_11659,1.6176382447508708e-06
test_11660,0.9995822184919702
test_11661,2.7703805907874047e-05
test_11662,0.9999950615409796
test_11663,7.880565356661468e-05
test_11664,0.5455899511121622
test_11665,0.0008766842025279999
test_11666,0.0014598714546584994
test_11667,4.470868897202891e-06
test_11668,0.9999956980630638
test_11669,0.9999946633327365
test_11670,7.800833372479414e-05
test_11671,0.2574119424374548
test_11672,0.9999915335803653
test_11673,0.0028296472917943
test_11674,6.511152433079099e-06
test_11675,0.0003695758974214001
test_11676,0.9989208979152593
test_11677,0.8923959073355138
test_11678,1.0000000000000008e-06
test_11679,0.9999925321147259
test_11680,0.0009683359064992
test_11681,0.0009170673833754997
test_11682,0.00016261130988000006
test_11683,0.09431682274699237
test_11684,0.9994702456278423
test_11685,0.04283229711537981
test_11686,0.9998415232956235
test_11687,0.0006794080070171002
test_11688,0.006754770277455098
test_11689,0.0006525862093408001
test_11690,0.9991092807946578
test_11691,0.9986308648009511
test_11692,8.33217777630947e-05
test_11693,0.8158394337758766
test_11694,7.702759566452055e-05
test_11695,0.9999820288145874
test_11696,6.030486788484352e-06
test_11697,0.0001760539985088999
test_11698,2.6322857021020777e-05
test_11699,0.8592296931550493
test_11700,0.0743452534755931
test_11701,0.012120280119154498
test_11702,7.278178266230974e-05
test_11703,0.0006365097122264998
test_11704,0.999785351180397
test_11705,0.9866664242080891
test_11706,0.9999904905766684
test_11707,3.8579767823069744e-05
test_11708,0.9999898680086228
test_11709,0.9932194143523351
test_11710,0.9929704059342784
test_11711,0.9963611289020472
test_11712,0.1233022312565571
test_11713,0.9976935888304619
test_11714,0.999969085138296
test_11715,0.9999942271594976
test_11716,0.0011845749470710996
test_11717,4.3465156488365075e-06
test_11718,0.0011190344778220002
test_11719,9.294425439233728e-06
test_11720,0.9999865021378067
test_11721,0.9995097718169728
test_11722,0.9997879851529176
test_11723,0.9885763565362179
test_11724,1.5853728049764643e-05
test_11725,0.08820868799365109
test_11726,0.9996921818731163
test_11727,0.9999629278649349
test_11728,0.9999157990187275
test_11729,0.9967710871538716
test_11730,9.914838944015293e-05
test_11731,1.0896127500891098e-05
test_11732,0.9999464685053536
test_11733,0.9999859602016586
test_11734,4.891112923831849e-05
test_11735,0.9993082550206674
test_11736,0.0018217921327472997
test_11737,0.0756210492416919
test_11738,0.9996837081121094
test_11739,0.9993589003116994
test_11740,0.005507650941556501
test_11741,0.023342737679556903
test_11742,0.06708426669939128
test_11743,0.999985541310523
test_11744,0.9993195478691865
test_11745,9.733550094199514e-06
test_11746,0.9982183204539985
test_11747,0.0008934349318658
test_11748,1.258372453215566e-05
test_11749,0.9999859358503125
test_11750,0.0004434264388161999
test_11751,0.9994363726711855
test_11752,0.9999853699057666
test_11753,0.0019324350880667994
test_11754,0.9986440377461986
test_11755,0.31436754170412423
test_11756,0.9996187201200332
test_11757,0.004141227771149699
test_11758,0.00024121930339579995
test_11759,0.9998711808405044
test_11760,0.995261614808391
test_11761,0.9994877173971995
test_11762,0.999980168281224
test_11763,0.7253723063502198
test_11764,0.9999889925897614
test_11765,2.494104216568653e-05
test_11766,0.10866530879412571
test_11767,0.4366955509818978
test_11768,0.004845512208975799
test_11769,0.030008403833542092
test_11770,0.014497477039495806
test_11771,0.9996821626763915
test_11772,0.9999304624992101
test_11773,0.0008349653407590001
test_11774,2.8207640546536873e-05
test_11775,0.9993893668429352
test_11776,0.03292215207001424
test_11777,0.9999937862645661
test_11778,0.9999840828311682
test_11779,0.9999955220604794
test_11780,0.9999904204099066
test_11781,7.270961027566499e-05
test_11782,8.641278676596521e-06
test_11783,0.0024868291448874006
test_11784,0.999998139895722
test_11785,6.251006226670808e-06
test_11786,0.9995706769042323
test_11787,8.685483364635856e-05
test_11788,0.0002803776050652999
test_11789,4.624633202648379e-06
test_11790,0.00010162072897649997
test_11791,0.9999604697140061
test_11792,0.9997618900051699
test_11793,0.9984970189688597
test_11794,0.9999978443883871
test_11795,0.999759278316793
test_11796,1.0000000000000008e-06
test_11797,0.9998887009932766
test_11798,2.7265223280189785e-05
test_11799,0.9999590379056748
test_11800,1.420534007242269e-05
test_11801,0.0003624726092984001
test_11802,2.2379841358296435e-06
test_11803,2.321142880811942e-06
test_11804,4.074387496112418e-06
test_11805,3.283113670947649e-05
test_11806,0.012253640034894696
test_11807,0.9999783941506515
test_11808,0.9999889977238543
test_11809,0.0024749288619268007
test_11810,0.9996288675838548
test_11811,3.1584862990618e-05
test_11812,0.00014818429483169992
test_11813,1.9893757750455956e-05
test_11814,2.799067807745066e-05
test_11815,1.0822456129534995e-06
test_11816,0.9998913013527825
test_11817,0.00020228623656190015
test_11818,2.392085803010617e-06
test_11819,0.9909096210561992
test_11820,0.9784930045397804
test_11821,0.9999920740606659
test_11822,0.9997019195106241
test_11823,0.999999
test_11824,0.9999418671746175
test_11825,0.9994231569090432
test_11826,1.1371236501133297e-05
test_11827,0.9998776074727521
test_11828,1.0400791091687021e-05
test_11829,0.014896594069911406
test_11830,0.999942273921383
test_11831,1.0000000000000008e-06
test_11832,0.0123405121992203
test_11833,3.2511796043413335e-06
test_11834,0.9915178756681816
test_11835,0.0001974762109098
test_11836,0.8813827796559751
test_11837,0.9213948015120044
test_11838,0.00017349306561819988
test_11839,0.003350113191672
test_11840,1.819749047466506e-05
test_11841,0.00018658400151440012
test_11842,3.357499847008932e-06
test_11843,7.2888026590654875e-06
test_11844,6.834392407537242e-06
test_11845,0.999730240167623
test_11846,0.0003189493989955998
test_11847,0.995392807906763
test_11848,0.9990335203268911
test_11849,1.0000000000000008e-06
test_11850,0.9999981383203316
test_11851,0.00039452793020029986
test_11852,0.00025073615138100023
test_11853,0.999999
test_11854,4.1737772002703255e-06
test_11855,0.9887836799783484
test_11856,0.9996971515033001
test_11857,5.452170279366997e-05
test_11858,0.999999
test_11859,0.24281954570791606
test_11860,0.0089159279900066
test_11861,0.0023384185578662004
test_11862,2.6708246516099426e-06
test_11863,0.5251003606332337
test_11864,0.9997776605793017
test_11865,0.9997294518892548
test_11866,0.9987611152371503
test_11867,0.9999284393375174
test_11868,0.0002497197886490002
test_11869,0.9999864146069816
test_11870,0.9998283543372986
test_11871,0.999977455759742
test_11872,0.9999665757268985
test_11873,0.9994512734931579
test_11874,0.9337593800579418
test_11875,0.9998626319447774
test_11876,0.999999
test_11877,0.0009423197739174997
test_11878,0.9355460907788267
test_11879,0.0005347709165711
test_11880,0.00015577194859420004
test_11881,0.999455474887359
test_11882,0.999999
test_11883,0.00011796758562960006
test_11884,0.9998917949878421
test_11885,0.016778569385549905
test_11886,8.911550377076011e-06
test_11887,0.999999
test_11888,0.0027922498725628997
test_11889,0.0019074399798405008
test_11890,2.281072584917925e-05
test_11891,0.9718174055102212
test_11892,1.3746828264524095e-05
test_11893,0.9998868540690097
test_11894,0.9993951470223522
test_11895,0.002778962838342301
test_11896,0.9999950359352614
test_11897,5.0222926526196594e-05
test_11898,1.3264495463269386e-05
test_11899,0.9999871756068649
test_11900,0.9991489134815089
test_11901,0.9990828571138762
test_11902,0.9999985728968748
test_11903,0.9998404704299434
test_11904,0.9999679559355455
test_11905,0.9999839580112999
test_11906,6.755313911240571e-06
test_11907,0.9999549146319958
test_11908,1.9017912390655643e-05
test_11909,0.0003807450767252002
test_11910,0.999871629966493
test_11911,0.9998863645829045
test_11912,1.7077199941310232e-05
test_11913,1.61984838871058e-05
test_11914,0.00019493021318720008
test_11915,4.045063102171041e-06
test_11916,1.0707618691734013e-05
test_11917,0.7449432154632678
test_11918,0.9977039421259455
test_11919,0.08140800777328572
test_11920,0.9999101879012207
test_11921,0.0027687243889139997
test_11922,1.354646503979889e-05
test_11923,0.9980321689675007
test_11924,0.9986513698483942
test_11925,0.9999866011382368
test_11926,0.9999050661744736
test_11927,0.9999987371670436
test_11928,0.0671380354578155
test_11929,2.2229278629881727e-05
test_11930,0.9999950258955493
test_11931,0.9988741979605134
test_11932,0.004152020629543
test_11933,0.8201920694041164
test_11934,4.333953291871417e-05
test_11935,1.1666690400885358e-05
test_11936,0.9999698385262438
test_11937,1.4349913494583607e-05
test_11938,0.9999685248435182
test_11939,0.006305687336328099
test_11940,0.0018206387945568997
test_11941,1.0000000000000008e-06
test_11942,0.999949255667039
test_11943,3.7666878030095975e-06
test_11944,2.6938372365457517e-06
test_11945,0.9998905621032511
test_11946,0.8990899617855359
test_11947,0.0005694454116141002
test_11948,0.026441354490903898
test_11949,0.0507681622579133
test_11950,2.1214795053061232e-06
test_11951,0.00014421032143989996
test_11952,3.0050796565499863e-06
test_11953,0.11381042543256292
test_11954,0.0005060208430434998
test_11955,0.9999843427812349
test_11956,0.05042868891263621
test_11957,0.9894973709521432
test_11958,0.18886557647235402
test_11959,0.12517627525826802
test_11960,1.0843853618222446e-06
test_11961,7.363710976920267e-05
test_11962,2.7003870407936196e-05
test_11963,0.9999291220778858
test_11964,2.899651584652832e-05
test_11965,0.9967028893105232
test_11966,0.999829160925236
test_11967,0.0027767394097610006
test_11968,0.999995003631704
test_11969,3.3138568235140053e-06
test_11970,0.00015253648510759994
test_11971,0.007319535530782101
test_11972,0.9998627422787166
test_11973,0.00022098469094560016
test_11974,0.9999940345278633
test_11975,0.999999
test_11976,0.00012604284170960003
test_11977,0.9998164108623296
test_11978,0.9999937608104486
test_11979,0.9998775385171413
test_11980,0.9999876594982523
test_11981,0.00011412000557919994
test_11982,0.9997828618149308
test_11983,0.9956815837991262
test_11984,0.9768242177144714
test_11985,8.109270341078444e-05
test_11986,0.8832041981662907
test_11987,0.0021521041346297
test_11988,0.9968668433195332
test_11989,0.08386498860659831
test_11990,0.9999981997937044
test_11991,0.9681776464330567
test_11992,0.00010210578572539998
test_11993,0.9996953341408816
test_11994,0.3620122307116023
test_11995,0.9987852408982106
test_11996,0.00018930046217730017
test_11997,0.9999209827778609
test_11998,0.0001336922731530999
test_11999,0.0021945785558715
test_12000,0.9999812558575863
test_12001,2.395958114109424e-06
test_12002,1.0548238724526685e-05
test_12003,0.9938681948661574
test_12004,0.0002446961068233998
test_12005,6.897994861733638e-06
test_12006,0.0015926331356131002
test_12007,0.9735619399417639
test_12008,0.00033339158301109984
test_12009,0.04388140406557679
test_12010,1.033693713154837e-05
test_12011,0.9999960318180783
test_12012,0.9375304588648092
test_12013,4.1703752707624205e-06
test_12014,0.9999480792716126
test_12015,0.9999396229383058
test_12016,0.9802915913805897
test_12017,0.99999828435993
test_12018,0.9997046103413928
test_12019,0.9999943988616251
test_12020,0.0054406702973106005
test_12021,0.999953278555676
test_12022,0.9996558307677763
test_12023,0.0005217069971716
test_12024,0.0004776472533854999
test_12025,0.9977236272774912
test_12026,0.0005278251823235003
test_12027,0.9999534543955658
test_12028,0.0050493402399408
test_12029,0.06723830695940548
test_12030,0.0011915942514274006
test_12031,0.9999430235695626
test_12032,0.0017449739551644997
test_12033,0.9999945284623094
test_12034,0.999999
test_12035,0.999529492289251
test_12036,3.438172948608475e-06
test_12037,0.8527771911860325
test_12038,0.0009150653922055999
test_12039,6.659218506258857e-06
test_12040,0.9999766148889452
test_12041,0.9999947595483871
test_12042,0.0003077094646241999
test_12043,0.9997883764215422
test_12044,4.543710888143558e-06
test_12045,9.347824295419662e-06
test_12046,0.9999982952927559
test_12047,4.764580489817511e-05
test_12048,0.9999916926370632
test_12049,1.6671238642136427e-06
test_12050,0.0012995647283002994
test_12051,1.0000000000000008e-06
test_12052,0.0010571476692071999
test_12053,0.0006881974721407999
test_12054,0.9998844817199564
test_12055,0.9999904348834006
test_12056,0.9588076468684663
test_12057,0.9926724254765932
test_12058,0.9419141805254267
test_12059,0.9999908906433357
test_12060,0.9999987271698046
test_12061,3.828060499035811e-05
test_12062,1.1211191390966037e-05
test_12063,0.9999711971465352
test_12064,0.9999944360401688
test_12065,0.054646004008060994
test_12066,0.001001703712598
test_12067,0.9999938266467846
test_12068,3.526565505049564e-05
test_12069,8.117912045806661e-06
test_12070,0.0057827473838950975
test_12071,0.999717949297361
test_12072,0.9998738441491157
test_12073,9.269706868395721e-05
test_12074,0.0005207019217642002
test_12075,0.99998495462686
test_12076,0.9964102235183836
test_12077,0.00016063298492749995
test_12078,0.9999971452102528
test_12079,4.246047199791565e-05
test_12080,1.1203189778724883e-05
test_12081,0.9999336163000775
test_12082,6.798461213980279e-05
test_12083,2.511328037955615e-05
test_12084,0.9999900802814737
test_12085,0.9997418551542185
test_12086,0.9924859510282936
test_12087,0.9999893415170187
test_12088,0.0021941575283897004
test_12089,0.00013585898691139997
test_12090,0.001008039301948
test_12091,0.9999965593170892
test_12092,0.999982452897559
test_12093,0.9999964830985549
test_12094,0.9999919750252388
test_12095,0.999460450480941
test_12096,0.9998459441536275
test_12097,0.00041224304706770007
test_12098,0.9987834051821886
test_12099,1.5415755981218486e-05
test_12100,0.0784750764175424
test_12101,0.999999
test_12102,1.600885767976672e-06
test_12103,4.8548015386091284e-06
test_12104,0.020596375772939195
test_12105,0.0003338044177151999
test_12106,0.9801562854140788
test_12107,0.9999967919218851
test_12108,0.982305768007498
test_12109,3.2435524223958403e-06
test_12110,0.00010683704069350006
test_12111,0.999999
test_12112,0.9999770118948897
test_12113,0.9993767058640934
test_12114,0.9999828197285174
test_12115,2.8311479475672335e-05
test_12116,3.863637935815008e-06
test_12117,8.083347793695099e-05
test_12118,0.9999962056099813
test_12119,0.999996929476468
test_12120,0.9997489768551169
test_12121,1.2742988289771073e-05
test_12122,0.0037568502185032996
test_12123,7.81909083498912e-06
test_12124,0.9975936147899395
test_12125,0.00010589855299240004
test_12126,0.9999938688309045
test_12127,0.9998280311327491
test_12128,0.999742369076962
test_12129,0.003722852324129901
test_12130,0.9999615912568874
test_12131,0.9999743331433774
test_12132,0.00045055052333310003
test_12133,0.9999980444050894
test_12134,0.9999972701020158
test_12135,2.5565093667181037e-05
test_12136,0.9994049975303035
test_12137,0.9974757582076194
test_12138,7.524273037157069e-05
test_12139,0.9996105283032235
test_12140,0.9995734332385343
test_12141,0.00020315041843050008
test_12142,0.999616160805728
test_12143,0.9988873591770686
test_12144,0.044360184809027044
test_12145,0.0172643259102886
test_12146,0.9999931075509185
test_12147,0.00033121487791339983
test_12148,0.035819128387907594
test_12149,0.9999981650736821
test_12150,3.932170260102091e-06
test_12151,0.9998100865665549
test_12152,0.9886528702443947
test_12153,0.0024498141476570006
test_12154,0.9999982809414065
test_12155,0.9991158267591516
test_12156,1.622298721498074e-05
test_12157,0.997667528089666
test_12158,1.1146857101547511e-05
test_12159,0.9998756675841797
test_12160,0.9999937041393439
test_12161,0.9999444510037928
test_12162,0.9999948581284707
test_12163,0.8635240944794008
test_12164,0.9997963458190069
test_12165,1.901477851237443e-05
test_12166,0.999983609788977
test_12167,0.982013653312735
test_12168,9.027702743731716e-06
test_12169,0.9986340032003395
test_12170,0.0012213441719830002
test_12171,5.1815718684907e-06
test_12172,0.999644257635941
test_12173,0.9999973154451649
test_12174,0.8725190320001058
test_12175,0.9999831885340342
test_12176,0.007300606348489598
test_12177,0.0004945883089999001
test_12178,0.009640655085554905
test_12179,8.062602540740621e-05
test_12180,0.996934821479461
test_12181,0.9999982921773513
test_12182,0.9966180112632367
test_12183,0.9998741314252702
test_12184,5.0569393568588675e-06
test_12185,0.999997621978687
test_12186,0.9958939720414727
test_12187,1.0629176077815081e-05
test_12188,5.860961687771067e-06
test_12189,0.11007159593812198
test_12190,0.9996692556224998
test_12191,0.9999620054710857
test_12192,9.480809826923152e-06
test_12193,0.00017362059325719997
test_12194,4.921703477879209e-05
test_12195,2.6017620929492787e-06
test_12196,0.0006027343195734004
test_12197,0.00012513630820580005
test_12198,0.0031756075071911016
test_12199,0.016361922129413804
test_12200,0.9711415514509678
test_12201,1.6684610701168901e-06
test_12202,0.9997777978964243
test_12203,0.9999486590544233
test_12204,0.025433909543104698
test_12205,1.0185093604405404e-05
test_12206,0.00013117530505440004
test_12207,3.1650961916621844e-06
test_12208,0.9999966220274045
test_12209,0.9999755610753845
test_12210,0.00013214327087420004
test_12211,1.681341633938519e-05
test_12212,0.9999410226701706
test_12213,0.00016723951529160012
test_12214,0.9999898445731175
test_12215,0.9999943879215086
test_12216,0.38250562692586826
test_12217,0.0024767548241337004
test_12218,0.0405878440296471
test_12219,1.8418390393277278e-05
test_12220,1.84792403205453e-05
test_12221,8.016738711974169e-05
test_12222,0.00019009952408950015
test_12223,3.833646412763636e-06
test_12224,0.9556025611100385
test_12225,0.00021968662034999994
test_12226,9.374197106838024e-05
test_12227,3.763604816322176e-05
test_12228,0.9999933907536716
test_12229,2.567049545861349e-05
test_12230,0.111525681216334
test_12231,8.820130240448227e-05
test_12232,3.3853132166322106e-05
test_12233,2.1306297339851528e-05
test_12234,0.998782074078118
test_12235,0.0020411837169762
test_12236,4.514513721017754e-05
test_12237,0.9997661894022905
test_12238,0.9999713455144433
test_12239,0.999993577670921
test_12240,0.0012322223100431997
test_12241,0.0007001213100327003
test_12242,2.4493749755146118e-05
test_12243,0.9996081237790743
test_12244,0.00016432066548959992
test_12245,0.03799884091326194
test_12246,0.9999829286176525
test_12247,9.041330143942978e-06
test_12248,1.2455454060490531e-05
test_12249,2.014629720665277e-05
test_12250,0.0176637122791178
test_12251,2.8484331049306626e-06
test_12252,0.0007340173044036001
test_12253,0.9876218758108632
test_12254,0.9882293540158742
test_12255,0.003011982021001801
test_12256,0.0024479612867641005
test_12257,0.006806039826723301
test_12258,1.0000000000000008e-06
test_12259,0.9992653045886795
test_12260,0.9999904569408614
test_12261,0.9999855822766694
test_12262,0.017033806109616304
test_12263,0.0265461268166731
test_12264,0.06391386656993409
test_12265,1.3866850793801308e-05
test_12266,0.1296574214508321
test_12267,0.00012537312829789994
test_12268,9.536324288883075e-05
test_12269,0.9999984305820687
test_12270,0.0005075164835901997
test_12271,0.0003268226234057
test_12272,0.9997296808933716
test_12273,1.2523549307538514e-05
test_12274,0.9998971307970602
test_12275,9.296359711211422e-06
test_12276,0.4084921667925161
test_12277,0.9453947717300856
test_12278,1.1340223942344669e-05
test_12279,0.9967219512255318
test_12280,0.9995954871800665
test_12281,0.00017634724736630012
test_12282,0.0003159658117804
test_12283,0.9989503237946505
test_12284,8.545942956102387e-06
test_12285,0.0002798115077160998
test_12286,0.0009425731445823998
test_12287,0.9995929027722227
test_12288,0.9999890708746173
test_12289,1.3597549475348753e-06
test_12290,0.00030420523583159974
test_12291,0.9561915000962945
test_12292,0.3408666419789683
test_12293,0.973708547417333
test_12294,0.009269296557326202
test_12295,0.9999282494307244
test_12296,0.9999626009948898
test_12297,7.67834272677761e-06
test_12298,0.0014431611049310002
test_12299,0.9411418859774712
test_12300,0.0009115224092212003
test_12301,0.9989133880746943
test_12302,0.012715122892082594
test_12303,1.1546120064668405e-05
test_12304,0.9999444177467958
test_12305,1.4033504615226335e-06
test_12306,0.9941812616737785
test_12307,0.9941365852309224
test_12308,0.0343632830669867
test_12309,0.9999883985156018
test_12310,0.0003969059900893
test_12311,0.98472337093568
test_12312,0.9994512558627626
test_12313,9.175476888060011e-05
test_12314,0.9998425940391852
test_12315,6.638649651767238e-05
test_12316,0.00012720949210720005
test_12317,1.2228197249667271e-06
test_12318,1.0609446088013945e-06
test_12319,0.9918180403424764
test_12320,0.9999934814693645
test_12321,0.9999856331218723
test_12322,9.634591842365257e-05
test_12323,0.0027843950613364006
test_12324,1.2784015133869423e-05
test_12325,0.9994784378319757
test_12326,0.9999839294065758
test_12327,0.9999838107138941
test_12328,3.001520072672365e-06
test_12329,0.01814508877714119
test_12330,0.9998444819339987
test_12331,3.865624013963928e-06
test_12332,0.999201959182835
test_12333,0.0006089979665337997
test_12334,2.0743999354767617e-06
test_12335,0.998254016755329
test_12336,0.00040464227062339986
test_12337,0.054252677242867406
test_12338,2.649934058418364e-05
test_12339,0.9998309344768911
test_12340,0.9921426963196348
test_12341,0.0042703493423193
test_12342,6.895826301861528e-06
test_12343,2.7812651504037114e-05
test_12344,0.9605884282420926
test_12345,0.9998917722880972
test_12346,0.999967057999556
test_12347,0.9999681475019067
test_12348,0.002064495856906901
test_12349,0.049831736096066996
test_12350,0.00016713116132780005
test_12351,1.0033456202416943e-05
test_12352,0.9996116672517049
test_12353,0.9985622995587877
test_12354,0.1724411829974371
test_12355,5.6708020850623e-06
test_12356,0.7037186186302389
test_12357,0.9997494552263892
test_12358,0.00014164377115859998
test_12359,0.9999953307098683
test_12360,0.00024420078094919987
test_12361,0.9999928182476546
test_12362,0.9638942110670927
test_12363,0.00011097785510920005
test_12364,3.204343703497192e-05
test_12365,0.9998973556682484
test_12366,0.005142822196362999
test_12367,0.0011273485404905998
test_12368,0.999999
test_12369,0.993755385054288
test_12370,0.00031261963464240014
test_12371,0.9999089893964054
test_12372,0.9999848745829907
test_12373,0.9990658600275291
test_12374,1.0146342897763099e-05
test_12375,0.999982683949963
test_12376,0.0006098795467349997
test_12377,3.3333511833035514e-06
test_12378,0.0006452265027498002
test_12379,2.5536469957811324e-06
test_12380,2.906253248805132e-05
test_12381,0.028521087530228497
test_12382,2.2195931000214113e-05
test_12383,7.284286913004208e-06
test_12384,0.999961464171245
test_12385,3.403473114693185e-05
test_12386,0.980846326006279
test_12387,0.999999
test_12388,2.838822164941419e-05
test_12389,0.003307774694137601
test_12390,0.9851034613840182
test_12391,0.9999984667819743
test_12392,4.219092175229864e-06
test_12393,0.00023601606721590003
test_12394,0.9942756069883185
test_12395,0.9999225639414686
test_12396,0.7335784906116636
test_12397,3.5946313162998975e-06
test_12398,0.002098771629414101
test_12399,5.156840257129425e-06
test_12400,0.9999958596140422
test_12401,9.302210948928076e-06
test_12402,0.0006776533394257003
test_12403,0.9998884891973311
test_12404,1.0000000000000008e-06
test_12405,0.0006635666915738002
test_12406,0.9981746217027253
test_12407,0.999938627177915
test_12408,0.9999835653017191
test_12409,0.9370794472655403
test_12410,5.022990646110306e-06
test_12411,0.9999447073341113
test_12412,0.9999915544651814
test_12413,0.0046846666374722006
test_12414,7.431368634908763e-06
test_12415,0.9061687644742802
test_12416,0.9868890185032914
test_12417,0.9841510319662178
test_12418,0.9999963052508171
test_12419,0.918289795699522
test_12420,0.9999980008130709
test_12421,3.5689380574907875e-05
test_12422,0.9999979428915586
test_12423,0.0006653372892148996
test_12424,0.017032007348464905
test_12425,0.0109050720149561
test_12426,0.9924960746792516
test_12427,0.21867026641232631
test_12428,0.998505191011181
test_12429,0.9959821648356312
test_12430,0.9999804887204389
test_12431,0.999976967302781
test_12432,0.9998739799615278
test_12433,0.12532122554043496
test_12434,0.9999333605641416
test_12435,0.00025414022031580003
test_12436,4.325583318016089e-05
test_12437,4.116656468052602e-05
test_12438,3.434946545789107e-05
test_12439,0.0009523015588850006
test_12440,0.9055983726061032
test_12441,0.99999622984789
test_12442,0.9999946996010662
test_12443,0.0005017619791709
test_12444,0.0008905992033343
test_12445,0.9999499745385819
test_12446,0.0058766017234135
test_12447,4.3550884999538654e-05
test_12448,1.7899162594406403e-06
test_12449,0.981457944398094
test_12450,0.9998994381397996
test_12451,0.9999450495695662
test_12452,0.9960790467841134
test_12453,0.9999916872483731
test_12454,0.9902783507674703
test_12455,0.00016444140053950012
test_12456,1.2767578670274618e-05
test_12457,8.471967647461362e-06
test_12458,0.9998338733853335
test_12459,0.9591428699745242
test_12460,3.633029922053231e-05
test_12461,0.9999913254064633
test_12462,0.013766517374612805
test_12463,0.07487440092641022
test_12464,2.375336535011737e-05
test_12465,0.9999980671407447
test_12466,1.562982594480938e-05
test_12467,0.9999859875789094
test_12468,0.0006005532413007001
test_12469,0.0002935374636983001
test_12470,0.9999920171200093
test_12471,0.7033817038852914
test_12472,1.7448857060392352e-05
test_12473,0.9746963232554138
test_12474,0.002146924839100901
test_12475,0.004034120455807398
test_12476,0.9998916135260196
test_12477,2.1153618461890566e-05
test_12478,0.999999
test_12479,9.792222709069479e-05
test_12480,2.8370532484696582e-05
test_12481,3.993827292270004e-05
test_12482,0.9999816661997655
test_12483,0.00038553219973889996
test_12484,0.9999932942025105
test_12485,3.265004816617952e-05
test_12486,6.0331169882986214e-05
test_12487,0.0009399106738988002
test_12488,6.89259318676037e-05
test_12489,0.9999974412008839
test_12490,0.0006558296203281001
test_12491,6.776735614730855e-06
test_12492,0.9950340498924094
test_12493,0.9999490852828102
test_12494,0.9987268374628222
test_12495,0.00031503419459330014
test_12496,0.2708466302048205
test_12497,2.040471338847557e-05
test_12498,0.6741308741759765
test_12499,0.9977237115309927
test_12500,0.9999644925374572
test_12501,0.9999861535785074
test_12502,2.9979969728092192e-06
test_12503,0.9999840028301679
test_12504,0.9999693642810631
test_12505,0.0010732583503536997
test_12506,0.9999864979269444
test_12507,0.871078562495086
test_12508,0.9998150875067308
test_12509,9.537837703983909e-06
test_12510,0.995499358546737
test_12511,0.0025027634668056005
test_12512,0.0015172869965359005
test_12513,0.0018813220685056995
test_12514,0.9999804697227245
test_12515,0.004543600374887199
test_12516,0.9999147093797368
test_12517,3.4386033309947525e-05
test_12518,7.262201302020512e-06
test_12519,0.00014974839873150013
test_12520,9.35560784665669e-06
test_12521,0.00011319043254010007
test_12522,0.00013559959121470003
test_12523,0.0004244694074024
test_12524,0.9999902174150188
test_12525,3.198862395409134e-05
test_12526,0.9999857832540178
test_12527,5.44967499068788e-06
test_12528,1.0000000000000008e-06
test_12529,3.132390369297674e-05
test_12530,0.9998825967585013
test_12531,0.00012058832509590003
test_12532,0.00018540325536309986
test_12533,0.9985934851969592
test_12534,0.9999913272756057
test_12535,0.9996704792307919
test_12536,2.083679102033603e-05
test_12537,0.9883213995814462
test_12538,0.9999987432921879
test_12539,1.6230885029693013e-06
test_12540,0.0012891180419974998
test_12541,0.004173924646141001
test_12542,3.227755311983152e-06
test_12543,0.00017436005769009988
test_12544,0.00035926796687930007
test_12545,0.999999
test_12546,9.953879697887113e-05
test_12547,2.778319433233982e-06
test_12548,0.19207480310185387
test_12549,0.9999647953028101
test_12550,0.9974459518541618
test_12551,0.015367279169249305
test_12552,0.9999703600400731
test_12553,0.9962445007639813
test_12554,1.496675180029491e-06
test_12555,0.9999950099341596
test_12556,0.00010556937828810003
test_12557,0.0723830472269113
test_12558,8.035367990315772e-05
test_12559,0.9999531146604921
test_12560,0.999998063619396
test_12561,0.9999945921189514
test_12562,0.0018882505327705993
test_12563,0.9999934353080423
test_12564,0.008845681179622297
test_12565,0.00010775603925740003
test_12566,0.9999923657339049
test_12567,2.0938823820230243e-06
test_12568,0.0003683325951841999
test_12569,0.99922689395822
test_12570,0.9999942998910488
test_12571,3.0725581617923457e-06
test_12572,0.9996669969386612
test_12573,7.335844362894622e-06
test_12574,0.012637948556159203
test_12575,4.78011396523495e-06
test_12576,0.25986806008195806
test_12577,0.0005350836950004002
test_12578,0.0034883358432380007
test_12579,0.9999810325009337
test_12580,1.9624812880483876e-05
test_12581,0.9599932546994134
test_12582,0.00014056169025219997
test_12583,0.9999925560109723
test_12584,0.9684459157895339
test_12585,0.9999914239102164
test_12586,0.0007777132301959001
test_12587,0.10763859279629097
test_12588,1.813109652336479e-06
test_12589,2.0097971733861933e-06
test_12590,0.9144288385587664
test_12591,0.9955651203688665
test_12592,3.093751283576664e-05
test_12593,5.822857451882782e-05
test_12594,0.9922668976804964
test_12595,0.9999301983358903
test_12596,5.32198976913718e-06
test_12597,0.9611380768708926
test_12598,6.21615443952585e-06
test_12599,1.0330413623177078e-05
test_12600,0.9999403449367801
test_12601,0.9998229797073939
test_12602,0.017927530378855094
test_12603,0.9999973957183901
test_12604,6.997599245997087e-06
test_12605,0.005255264670463198
test_12606,0.9999753127077134
test_12607,8.6931359793331e-06
test_12608,0.9994727701938564
test_12609,0.9588116157918021
test_12610,1.4642849469618023e-05
test_12611,6.157863474412355e-06
test_12612,0.00013627578300620007
test_12613,0.9995499338452409
test_12614,0.999259021594505
test_12615,0.6575298862363272
test_12616,4.57418622568641e-05
test_12617,1.117960158740781e-06
test_12618,0.00026279251149330016
test_12619,0.9993548738376568
test_12620,0.999829272475041
test_12621,1.7526539101402924e-05
test_12622,3.500242991304969e-06
test_12623,0.999840713645739
test_12624,0.9999309985443716
test_12625,1.0000000000000008e-06
test_12626,2.7068813734185814e-05
test_12627,3.1538168852876337e-06
test_12628,5.0834166185090315e-05
test_12629,0.9999932452092823
test_12630,0.00011055748279330011
test_12631,0.9999886871834086
test_12632,0.05321536916146725
test_12633,0.0006206893278704996
test_12634,2.9137331401960103e-05
test_12635,2.0217380005208195e-05
test_12636,0.9998253081290582
test_12637,0.9459831794929652
test_12638,1.0000000000000008e-06
test_12639,0.9999033117773722
test_12640,0.018058666308184902
test_12641,5.003998458078212e-05
test_12642,0.06212258600747321
test_12643,0.999999
test_12644,1.6022282331828137e-05
test_12645,0.9999957401227344
test_12646,0.9999829063610989
test_12647,3.255956671108159e-05
test_12648,8.014374252914356e-06
test_12649,0.0023843564263435007
test_12650,0.9999942749845181
test_12651,0.9999957054359251
test_12652,1.0000000000000008e-06
test_12653,0.9999252842157056
test_12654,0.00022812086066239997
test_12655,0.9999981709541886
test_12656,0.9994285028036648
test_12657,0.994576008540346
test_12658,0.9999912216579412
test_12659,4.048431182047074e-06
test_12660,0.0007375664532981003
test_12661,0.9999972878561646
test_12662,0.9988092539730332
test_12663,1.5596631624971287e-05
test_12664,9.823685632787172e-06
test_12665,0.9754439212527909
test_12666,0.005611862279406998
test_12667,0.9945613989603376
test_12668,0.0007059195577152
test_12669,0.0009568512835013002
test_12670,0.999999
test_12671,0.9999722404497711
test_12672,3.3014696094882275e-06
test_12673,1.0000000000000008e-06
test_12674,0.9011888104464514
test_12675,0.039450966734862807
test_12676,0.9999800426065043
test_12677,0.999103936722871
test_12678,0.005193744524392701
test_12679,0.9997496837245379
test_12680,0.9997754219229696
test_12681,0.2182473661183333
test_12682,0.9954269019732152
test_12683,2.5522586455294167e-06
test_12684,0.9999921303454414
test_12685,0.0001632855394707001
test_12686,0.999996421523085
test_12687,0.9999814543750539
test_12688,0.9975847397692439
test_12689,0.09639931811514531
test_12690,0.005895407928615299
test_12691,0.9999643627214391
test_12692,0.9979208712508438
test_12693,0.9991043201995068
test_12694,4.194025208124044e-05
test_12695,3.85391856460183e-06
test_12696,0.2579279438670594
test_12697,1.4375795612431755e-05
test_12698,0.9984717034255688
test_12699,0.008293128293114101
test_12700,8.434092607449462e-05
test_12701,0.95345000777176
test_12702,7.261863422478908e-06
test_12703,0.00010292034564100006
test_12704,0.9999685331373687
test_12705,0.9999984386006252
test_12706,2.0507016806852207e-05
test_12707,0.9980625105228118
test_12708,0.9998792994559957
test_12709,0.9999939969612608
test_12710,0.0005743539140761999
test_12711,0.9986045699080817
test_12712,0.9999935964040505
test_12713,0.0008007246162002
test_12714,1.0664237553538936e-05
test_12715,0.024081196330665893
test_12716,1.0000000000000008e-06
test_12717,5.518635222623699e-05
test_12718,6.236709610869737e-05
test_12719,0.9982467176555672
test_12720,0.9999967891483713
test_12721,0.9999783440532088
test_12722,0.999879382727315
test_12723,1.40048075896356e-06
test_12724,6.680769761599595e-05
test_12725,0.9908350117209702
test_12726,0.9998622261954736
test_12727,0.9537010007030758
test_12728,0.9639499635113923
test_12729,0.9953820253041399
test_12730,9.017910760738145e-06
test_12731,0.9999117876482261
test_12732,0.005087929420672998
test_12733,0.9973620244063143
test_12734,0.999986643420085
test_12735,0.9999318779778243
test_12736,0.9997559693533
test_12737,0.9999837354158496
test_12738,0.00016501465598640002
test_12739,0.9999893092398119
test_12740,0.00035276689163469985
test_12741,1.393633979102375e-05
test_12742,0.0007311151368390999
test_12743,3.1941475770293537e-06
test_12744,3.4915293400064674e-05
test_12745,0.07285192806144851
test_12746,0.9990716890611234
test_12747,0.9999056827410594
test_12748,0.11984401183897782
test_12749,0.0008513549019708998
test_12750,7.989471774515762e-06
test_12751,0.00016489065190160003
test_12752,0.999187200008358
test_12753,2.3539076070970665e-05
test_12754,1.407702191534089e-06
test_12755,0.999771173276686
test_12756,0.9999828988219962
test_12757,0.9056381154569298
test_12758,3.655007435955057e-05
test_12759,2.2077349520580135e-06
test_12760,0.9897160924099561
test_12761,0.9969170897636651
test_12762,6.481003602350753e-05
test_12763,0.8822266802347568
test_12764,3.556962578497139e-06
test_12765,0.9996053025592577
test_12766,1.5043512875075815e-05
test_12767,2.534267153958998e-05
test_12768,0.9999977874217821
test_12769,0.9998676345427698
test_12770,4.6833617166129405e-06
test_12771,6.6079923766695105e-06
test_12772,0.25650994186287196
test_12773,0.9999949025376039
test_12774,7.46479111145425e-05
test_12775,0.9999983302094209
test_12776,8.93186107399842e-05
test_12777,3.2256511939022715e-06
test_12778,0.9999160134055701
test_12779,0.00024675661449280017
test_12780,0.9999962124643761
test_12781,0.9999360737972536
test_12782,4.9800683697012864e-06
test_12783,0.9999943716345279
test_12784,0.013120301418912801
test_12785,0.9998146215061651
test_12786,0.5612060059835151
test_12787,0.9999723530807962
test_12788,0.0001848802086789
test_12789,0.99937320520522
test_12790,5.90633240516335e-05
test_12791,3.770862455647086e-05
test_12792,0.00010555866270330005
test_12793,0.9999941906836403
test_12794,0.0002646576324245
test_12795,0.9993795055374737
test_12796,0.9999932187609838
test_12797,0.9999886932948825
test_12798,0.9990298245828694
test_12799,1.133295012295369e-05
test_12800,0.23706620776172826
test_12801,0.0008606777338278
test_12802,4.949706000017068e-05
test_12803,0.9999693638289414
test_12804,0.999999
test_12805,0.0003715247839932
test_12806,0.002020872245570001
test_12807,0.997332522894086
test_12808,4.845240267540007e-05
test_12809,0.9999971934902608
test_12810,0.00012406571739469993
test_12811,0.11175822292798
test_12812,0.9994412446484048
test_12813,0.9709933938685056
test_12814,0.003109654733285501
test_12815,2.7190837185437594e-05
test_12816,0.006178349372922303
test_12817,6.193775126260591e-06
test_12818,1.4757784721438782e-05
test_12819,3.067414303407715e-06
test_12820,0.9999697933816599
test_12821,0.0036194578853346016
test_12822,0.9966782382386186
test_12823,0.9999977915642764
test_12824,1.4558492981742993e-05
test_12825,0.017295405669267704
test_12826,0.1079701909226107
test_12827,0.00040958318457159996
test_12828,0.8625316951777711
test_12829,0.9914622379743633
test_12830,1.486357312665473e-05
test_12831,0.0004966335039351999
test_12832,0.999999
test_12833,1.0000000000000008e-06
test_12834,0.999987490327518
test_12835,0.9999975020451818
test_12836,0.9926423594313876
test_12837,0.9994714228334429
test_12838,0.9999895793652726
test_12839,5.775705718498121e-05
test_12840,1.0680257659595368e-05
test_12841,1.8973445115587855e-06
test_12842,0.00011839511587600011
test_12843,0.999999
test_12844,0.9992826751849845
test_12845,2.4376039606518103e-05
test_12846,0.00010800284540579997
test_12847,0.9196118332020042
test_12848,0.9994592808390391
test_12849,2.724577192667151e-06
test_12850,0.9999822292393926
test_12851,0.0188155613378406
test_12852,1.2719084295942832e-05
test_12853,0.9978013404504913
test_12854,0.04371619889833469
test_12855,8.200883487871602e-05
test_12856,0.999986711519689
test_12857,0.981252597795757
test_12858,1.0000000000000008e-06
test_12859,0.9999809433541592
test_12860,0.9999801040532948
test_12861,0.00038269133062570016
test_12862,6.638089244121668e-05
test_12863,1.6403975002696366e-05
test_12864,4.8978998137754606e-06
test_12865,0.9999960744517938
test_12866,0.1768346875224999
test_12867,0.9992346948222236
test_12868,0.9893699215151719
test_12869,1.0000000000000008e-06
test_12870,0.999911169938728
test_12871,0.519685316896191
test_12872,0.9997985713634846
test_12873,0.9528573533902781
test_12874,0.999999
test_12875,0.0001254924263167
test_12876,5.993817602124303e-06
test_12877,0.0002803908821634
test_12878,0.9982325424773087
test_12879,0.9997497882844733
test_12880,0.0011861466477013
test_12881,1.0000000000000008e-06
test_12882,0.999999
test_12883,6.90780651870716e-05
test_12884,0.00037044466273229986
test_12885,1.819485396476638e-06
test_12886,0.12731307540635822
test_12887,0.003360888151981598
test_12888,0.034927623863864304
test_12889,2.0143007903511298e-05
test_12890,0.9999808365904681
test_12891,7.314272721320384e-06
test_12892,5.47259977638542e-05
test_12893,0.9999757886227886
test_12894,1.0145522348106538e-05
test_12895,0.9993548125503277
test_12896,0.9994735856140922
test_12897,0.9999837332410869
test_12898,0.0640422697916839
test_12899,7.75353428841372e-06
test_12900,0.9998821255569124
test_12901,0.9985052195550902
test_12902,0.9999458559982971
test_12903,0.10334753446515921
test_12904,0.9911662370718478
test_12905,0.9999868538437434
test_12906,7.603337754551026e-06
test_12907,5.0098362902611553e-05
test_12908,0.9999482274005075
test_12909,0.9999943725803022
test_12910,3.022047542020184e-05
test_12911,0.9999983415809458
test_12912,0.9999971979462647
test_12913,1.1354812692709102e-05
test_12914,6.714725997987528e-06
test_12915,0.6455848955639107
test_12916,0.9999979402868715
test_12917,0.9999970869292588
test_12918,0.0002610935510669
test_12919,0.996778464560422
test_12920,0.9999956074547525
test_12921,8.582208430717007e-06
test_12922,1.2976182721717755e-05
test_12923,0.9998615749163394
test_12924,0.9999824121761749
test_12925,0.9991704381321057
test_12926,0.9999933274470201
test_12927,5.736851734426715e-06
test_12928,2.202125330446295e-05
test_12929,0.9999786758260766
test_12930,0.9999989981954509
test_12931,0.0012717262156292002
test_12932,0.00025940578014039997
test_12933,0.999995899651399
test_12934,0.9980645535450682
test_12935,7.3886551311622e-05
test_12936,0.7281119885812384
test_12937,0.976466561841771
test_12938,0.0005929399221208
test_12939,0.9998875368181722
test_12940,0.99993138285405
test_12941,0.14748550075315664
test_12942,0.0008019127623360997
test_12943,8.136433959352392e-06
test_12944,0.999998381998678
test_12945,6.417783778322305e-05
test_12946,0.999999
test_12947,0.9999843293437025
test_12948,0.00010466670366529994
test_12949,6.276144853289766e-05
test_12950,0.9974613799763046
test_12951,0.010453531723217198
test_12952,0.9569221572192643
test_12953,0.999986263994739
test_12954,1.1566252038956602e-05
test_12955,0.0010770834806329
test_12956,0.9999736604781161
test_12957,0.9116463375094624
test_12958,3.7861238336894734e-06
test_12959,0.0811519886782532
test_12960,0.9999030718587172
test_12961,9.53566388512824e-05
test_12962,0.0034358655563201993
test_12963,0.9998523270055101
test_12964,5.097608290608427e-06
test_12965,0.563275944446147
test_12966,0.9974307718932781
test_12967,2.6293870327667907e-06
test_12968,0.0003986946541275
test_12969,0.9717656290083576
test_12970,0.49081205200680045
test_12971,1.0000000000000008e-06
test_12972,0.008284548633156504
test_12973,4.997412724995842e-06
test_12974,0.0028713334572931003
test_12975,0.1313514707686947
test_12976,2.7001885380766035e-05
test_12977,1.1211933924070238e-06
test_12978,0.999499485644104
test_12979,2.713833926752465e-05
test_12980,1.0000000000000008e-06
test_12981,0.9912091834035792
test_12982,0.9999830990212966
test_12983,0.010590248521251098
test_12984,0.7732278497484364
test_12985,0.9949069333315248
test_12986,0.9998804857180632
test_12987,0.9999599376280816
test_12988,4.712785384933174e-05
test_12989,0.9279169378647504
test_12990,0.9999399212468669
test_12991,0.004084331949566601
test_12992,0.03545549365554649
test_12993,0.9999953817321108
test_12994,0.00035177087748119995
test_12995,0.9915967434142964
test_12996,0.9999447853278102
test_12997,1.9317829485318387e-06
test_12998,0.9999964869536629
test_12999,0.7929527329743623
test_13000,0.0032948411947168995
test_13001,0.999999
test_13002,2.543177386211679e-05
test_13003,0.9999954890304762
test_13004,0.00024002039419409997
test_13005,0.955773074322959
test_13006,3.589987585544692e-05
test_13007,0.00012649524559090012
test_13008,0.0009291227503125001
test_13009,0.9999874496870508
test_13010,0.0006097866228038999
test_13011,0.0313382221943995
test_13012,0.09118605587756141
test_13013,0.9999942214911065
test_13014,0.0014452712552853
test_13015,0.9999887302594074
test_13016,1.0000000000000008e-06
test_13017,0.9981709020782815
test_13018,2.4654605074909898e-06
test_13019,0.9999733188610748
test_13020,0.00013850472956700012
test_13021,0.0411453871601779
test_13022,0.0022031369994027004
test_13023,0.6254428111168457
test_13024,0.9999943997495121
test_13025,0.9999806299802605
test_13026,0.9997488846855146
test_13027,0.9994078331373887
test_13028,0.07037778956381038
test_13029,0.9996705829438638
test_13030,0.007744904175286804
test_13031,0.9242366647503665
test_13032,0.99987594377988
test_13033,6.0284911528668654e-06
test_13034,0.9997353904215055
test_13035,0.0003025374140354998
test_13036,0.17381697350184416
test_13037,0.9999971991568387
test_13038,0.997625952359645
test_13039,0.9999959563374522
test_13040,0.9951504882239551
test_13041,0.9997774039148779
test_13042,0.9990245180693933
test_13043,0.9999786021892308
test_13044,0.99997212125391
test_13045,1.0404663217696354e-05
test_13046,0.9999947916894011
test_13047,3.456479017340146e-05
test_13048,2.8005338326091166e-05
test_13049,0.9999450615201138
test_13050,1.0000000000000008e-06
test_13051,8.237957616570282e-06
test_13052,0.9998394995045516
test_13053,0.9988794878521282
test_13054,0.0002261433420579998
test_13055,0.00013131411380019997
test_13056,0.9999585744287567
test_13057,0.00030351628034870024
test_13058,8.543545792470695e-06
test_13059,0.9997168467407903
test_13060,0.9999873612455238
test_13061,0.9999889102089009
test_13062,0.9999984903607932
test_13063,8.019355453594729e-06
test_13064,3.54265018677113e-06
test_13065,0.999995841158512
test_13066,0.9825974906464072
test_13067,0.012431498047535806
test_13068,0.9898979934450348
test_13069,0.9999954839895936
test_13070,0.9875882217824511
test_13071,4.875358486122882e-05
test_13072,1.1589212391713694e-05
test_13073,0.8444977429599039
test_13074,0.9999966370749412
test_13075,0.999907943420899
test_13076,0.011510164456594496
test_13077,0.30867808044468903
test_13078,0.999909852602201
test_13079,0.9997847282631722
test_13080,0.00043662730648139997
test_13081,0.0005625987485933001
test_13082,0.9997321339535853
test_13083,0.9811261620881424
test_13084,0.9999774236500248
test_13085,0.9999223048271522
test_13086,0.9978979206577824
test_13087,4.573916241768206e-06
test_13088,0.99987006412752
test_13089,0.006477492762852497
test_13090,0.0004524081631193002
test_13091,0.0012139085235043
test_13092,0.9999980416852526
test_13093,1.3348099125692733e-06
test_13094,0.999598271929543
test_13095,0.9876279698838687
test_13096,1.0000000000000008e-06
test_13097,1.1238009344916134e-05
test_13098,3.6516553584551423e-06
test_13099,0.00020634537249679998
test_13100,0.00037582210140010006
test_13101,0.003345224631086
test_13102,0.0071564900571947
test_13103,9.91262761066153e-05
test_13104,1.7195755258232814e-06
test_13105,0.9999504783684748
test_13106,0.998996686403069
test_13107,0.9880277149453258
test_13108,0.9999449641392876
test_13109,3.624096574808965e-06
test_13110,0.9999591714968068
test_13111,0.9993851646847174
test_13112,0.9999018568268819
test_13113,0.0036082616539524987
test_13114,0.07828737049956298
test_13115,0.9361175951419538
test_13116,0.8026889148157619
test_13117,0.0076398546209923
test_13118,0.0006862947092882998
test_13119,1.6251446195674932e-05
test_13120,9.987313214651798e-05
test_13121,0.036316952653146294
test_13122,5.896584274029448e-06
test_13123,0.00011277444935829999
test_13124,0.9978371821407922
test_13125,0.9999965092723108
test_13126,0.0007942721310557997
test_13127,0.9999657574019852
test_13128,0.9914950208236841
test_13129,0.0011412849658872
test_13130,0.9999638988890511
test_13131,0.00028006075467829983
test_13132,0.9996926847567229
test_13133,3.090091228709366e-05
test_13134,3.981201077534929e-06
test_13135,1.8732324382326476e-06
test_13136,6.928918365746275e-05
test_13137,0.9999536793922963
test_13138,0.9969295667635945
test_13139,0.0006191263133673
test_13140,0.0004651112567338002
test_13141,0.9999800437545134
test_13142,4.143767333890156e-05
test_13143,0.9999795107113831
test_13144,6.676060788106427e-06
test_13145,0.0008140764772286003
test_13146,0.9999948072861544
test_13147,0.9999973027823627
test_13148,1.0000000000000008e-06
test_13149,3.4572212018442144e-05
test_13150,0.00012710211413880006
test_13151,0.9999310422405273
test_13152,0.0001142511313134999
test_13153,0.9999951243451208
test_13154,0.0115575120103742
test_13155,0.999999
test_13156,9.192851230770798e-05
test_13157,0.8715970523648329
test_13158,0.8897671559461856
test_13159,0.9999642852231573
test_13160,0.4844036437520246
test_13161,0.002118967166788
test_13162,0.9884037792588058
test_13163,0.9999961709244247
test_13164,0.00014778727066189998
test_13165,0.012382147136452302
test_13166,0.0018992892349244004
test_13167,0.015789575918417294
test_13168,0.0031888710727396
test_13169,8.765993331442807e-05
test_13170,0.00039375522823999995
test_13171,0.008279099247798202
test_13172,0.9998185000584674
test_13173,8.330286945082732e-06
test_13174,0.9999975704548846
test_13175,1.0000000000000008e-06
test_13176,0.020947596224970697
test_13177,5.6278261904899724e-05
test_13178,5.642209675299389e-06
test_13179,2.1708143512837904e-06
test_13180,0.9998216813488555
test_13181,0.00018661741301030017
test_13182,0.9997248812182516
test_13183,0.9999891310435842
test_13184,4.016199202770076e-06
test_13185,0.9999958577723606
test_13186,0.9926170316457559
test_13187,0.9999825753280738
test_13188,2.117263435730544e-05
test_13189,0.0064038804978737976
test_13190,1.843725464087527e-05
test_13191,6.697598310034062e-05
test_13192,0.999999
test_13193,0.0022788734017426
test_13194,0.9999981490457382
test_13195,7.892749447920838e-06
test_13196,0.9999939456060699
test_13197,1.0687035881112898e-05
test_13198,0.0228731215993217
test_13199,0.9995796467680338
test_13200,0.0002639786464072
test_13201,6.34270430166931e-06
test_13202,0.9304125022796742
test_13203,0.9999954203602281
test_13204,0.029655637271253896
test_13205,0.002655887092677201
test_13206,2.8587056093631194e-06
test_13207,0.9998571176649431
test_13208,8.438769556419158e-06
test_13209,0.0013090824976340002
test_13210,0.9999950025064167
test_13211,0.91483320720814
test_13212,0.9999950314846164
test_13213,3.3635231987128737e-06
test_13214,1.522491642690863e-05
test_13215,0.0010451615131146003
test_13216,0.9999581934417905
test_13217,0.9999927323757941
test_13218,0.9999984598943688
test_13219,0.0002227231760991001
test_13220,0.9999972316613365
test_13221,0.002209973307781
test_13222,0.9996872738084523
test_13223,0.0001540860715478999
test_13224,0.9999971676232663
test_13225,0.00011677887183609992
test_13226,0.9999968615110502
test_13227,0.9999953851740229
test_13228,0.0018129493152901001
test_13229,1.887673153960845e-06
test_13230,1.2227355170725002e-05
test_13231,0.9999936585463847
test_13232,0.9999496244998642
test_13233,1.042849713189419e-06
test_13234,0.9999980559361792
test_13235,1.3373087669327378e-05
test_13236,0.009140568618193897
test_13237,6.1047455848273805e-06
test_13238,0.9998814024696233
test_13239,0.9938660452771207
test_13240,3.077971725891125e-06
test_13241,8.575812102290605e-06
test_13242,1.7106962146038628e-05
test_13243,0.9999962617500517
test_13244,0.99994130259158
test_13245,0.09484479942814221
test_13246,0.999413445135026
test_13247,0.9999858132275586
test_13248,0.998659971222787
test_13249,0.00014597800385600005
test_13250,0.9999301772767615
test_13251,2.1761100720206715e-05
test_13252,0.0002327328438105998
test_13253,4.418096152676752e-05
test_13254,0.0007035057756243999
test_13255,0.9997744101006256
test_13256,1.0000000000000008e-06
test_13257,3.555554858572214e-06
test_13258,0.9947356081880272
test_13259,0.9999896493823929
test_13260,0.0001052256350298
test_13261,1.6547204065930727e-06
test_13262,2.6419161197297373e-06
test_13263,2.6522565276730902e-05
test_13264,0.455273082441199
test_13265,0.9999728550446587
test_13266,0.9997676796996857
test_13267,0.5909214377448347
test_13268,0.0010957686404117995
test_13269,1.8009575895010534e-06
test_13270,0.00019453476121160008
test_13271,2.7286545206706363e-05
test_13272,2.6441822622624805e-06
test_13273,0.9999854968344628
test_13274,7.464589165186838e-05
test_13275,0.0005014555467032001
test_13276,0.00020559018263969985
test_13277,0.0002766992296533002
test_13278,0.014659826408685095
test_13279,0.00018333696134930006
test_13280,0.0009382674682025997
test_13281,0.9986540156066126
test_13282,1.0000000000000008e-06
test_13283,0.9102382124607538
test_13284,0.9992086933606832
test_13285,9.015640434579435e-06
test_13286,0.9999141282714953
test_13287,1.930104351053278e-06
test_13288,0.9999807233653911
test_13289,3.0446923332672206e-06
test_13290,0.999991490227324
test_13291,0.9999903311501542
test_13292,0.999998907276567
test_13293,0.9999936228727496
test_13294,0.09856673848797849
test_13295,0.999999
test_13296,0.9999949070731219
test_13297,4.791942595596717e-06
test_13298,0.9999966633014493
test_13299,0.9999960827262024
test_13300,0.1465356860918163
test_13301,0.993352218180054
test_13302,0.9999415239553321
test_13303,1.685774352888389e-06
test_13304,0.9998688016515516
test_13305,0.143007783984434
test_13306,1.5548043142444494e-06
test_13307,0.0003375139232857999
test_13308,0.999798616235901
test_13309,0.9999945641147014
test_13310,0.9999985509620705
test_13311,0.9994110957357533
test_13312,3.978048107178642e-05
test_13313,0.8665260455482019
test_13314,0.9999827832712866
test_13315,0.999999
test_13316,3.210889041303852e-05
test_13317,0.9999473605317301
test_13318,8.390950053961887e-05
test_13319,0.9999457781390133
test_13320,8.045755248401384e-06
test_13321,0.687501869496142
test_13322,5.91182522150778e-05
test_13323,0.9999984255134496
test_13324,0.0006240997024111002
test_13325,1.0000000000000008e-06
test_13326,0.020234944662853603
test_13327,0.999999
test_13328,1.0000000000000008e-06
test_13329,2.5071386000299015e-06
test_13330,3.90025631555318e-06
test_13331,0.0038260218854328015
test_13332,2.855469436045723e-06
test_13333,0.999997393243532
test_13334,0.0002731543608051002
test_13335,1.0000000000000008e-06
test_13336,0.010135157720802403
test_13337,0.9996340094403678
test_13338,0.0013820663346234999
test_13339,0.990888854266662
test_13340,2.892765505251931e-05
test_13341,0.9999980423400854
test_13342,0.0006142608625977
test_13343,0.996372460030117
test_13344,0.9999933279044021
test_13345,0.9980311567191683
test_13346,0.9642533996841373
test_13347,1.536262310461431e-05
test_13348,8.974147416079854e-05
test_13349,1.554373193297977e-06
test_13350,5.128655283989133e-05
test_13351,0.9999752373490599
test_13352,2.9429335105363125e-06
test_13353,5.9760364092053465e-06
test_13354,0.9999616875247317
test_13355,0.010702844479691803
test_13356,0.9999507193167785
test_13357,3.6005900629303664e-05
test_13358,0.9999864759757611
test_13359,0.9998939603100289
test_13360,0.9999983797449885
test_13361,0.0001268521711719001
test_13362,0.9999986560248652
test_13363,1.1998742673189901e-05
test_13364,0.9999602348795373
test_13365,0.9999910161422622
test_13366,0.9999936955677168
test_13367,0.9999989328687288
test_13368,0.9998669859540493
test_13369,0.0002487282412565999
test_13370,0.9067437983438116
test_13371,0.9999986170849509
test_13372,0.9999987862189896
test_13373,0.9984645456722995
test_13374,0.9989463814476631
test_13375,0.9999883378445666
test_13376,0.999864149079493
test_13377,0.9966777602468663
test_13378,3.870845762687701e-06
test_13379,3.161504425023995e-06
test_13380,0.9949313500963567
test_13381,9.54379055994321e-05
test_13382,0.9999692189146333
test_13383,0.9999979216813633
test_13384,0.999970672989093
test_13385,0.994281096865491
test_13386,5.089643758628522e-06
test_13387,2.0295241695720527e-06
test_13388,3.048600641332823e-06
test_13389,4.371279682733477e-06
test_13390,7.630765363334069e-05
test_13391,0.9999895956453096
test_13392,0.00020055173903810012
test_13393,0.985256104668873
test_13394,0.9999558490690291
test_13395,0.9999130874777555
test_13396,0.9999832686283098
test_13397,0.7852895948173778
test_13398,0.013607689718318104
test_13399,0.9998436083306633
test_13400,0.9999762633583011
test_13401,0.00047529874294689994
test_13402,0.9999642991347581
test_13403,0.9999591952875624
test_13404,0.9993176259775777
test_13405,0.9999881366068976
test_13406,0.9995415692714099
test_13407,5.340257300275544e-06
test_13408,0.0024278457890965
test_13409,0.9855343992789986
test_13410,0.0378455756078804
test_13411,0.9998793133698982
test_13412,0.9997557110913994
test_13413,0.008292181799771902
test_13414,0.0003573804454223001
test_13415,0.9997999475425241
test_13416,0.9999974713251922
test_13417,4.779417293320339e-05
test_13418,0.00017314420620630002
test_13419,0.903374781532703
test_13420,0.9999667133876287
test_13421,1.0000000000000008e-06
test_13422,1.1868897221444585e-06
test_13423,0.0035853859046189014
test_13424,0.9999462277220674
test_13425,0.0004606188948998
test_13426,8.819186791418843e-06
test_13427,0.9999972594098538
test_13428,0.9999918015058481
test_13429,0.9997426558875213
test_13430,2.563810630735651e-06
test_13431,0.999999
test_13432,2.3887158551212283e-06
test_13433,4.2534071356057994e-05
test_13434,0.9997920896080336
test_13435,0.0356351357161578
test_13436,4.163945057859642e-06
test_13437,4.128923815343508e-05
test_13438,0.9998103135786847
test_13439,0.9999943621934568
test_13440,0.9988840356374503
test_13441,0.9998932586642805
test_13442,0.9999952271929042
test_13443,0.9763546884838368
test_13444,0.9999979900160071
test_13445,0.999999
test_13446,1.7931497387416635e-05
test_13447,0.10659127435738901
test_13448,8.312155545942677e-06
test_13449,1.8209851873873634e-06
test_13450,0.9692877929244984
test_13451,0.11509755950650856
test_13452,0.9990996054300071
test_13453,0.9985823796006222
test_13454,1.027499222359795e-05
test_13455,8.918525177389464e-05
test_13456,0.9999933144162796
test_13457,0.9644680223333149
test_13458,0.998025112431048
test_13459,0.9996118205090154
test_13460,0.0001690273000628
test_13461,2.9342804187186362e-06
test_13462,0.999345354095395
test_13463,0.00010800937634239994
test_13464,1.0295676923782673e-05
test_13465,0.0004845061411007003
test_13466,0.9999286735715015
test_13467,1.2272844037512519e-06
test_13468,0.007473957628497599
test_13469,0.9998755592824288
test_13470,0.00042988137059659986
test_13471,0.9999974254976567
test_13472,0.9999972821073533
test_13473,0.999993822495637
test_13474,0.9950110811851879
test_13475,0.9999959681165558
test_13476,0.00033671584226729987
test_13477,0.999966702701789
test_13478,0.9999854446936344
test_13479,0.9999888208121139
test_13480,0.9999946856170462
test_13481,0.9996234943965734
test_13482,0.00023279252680389996
test_13483,0.9991079779720007
test_13484,0.0018145938039697994
test_13485,0.9988178343517058
test_13486,0.03698832251720552
test_13487,0.11409697703375378
test_13488,7.917324677241366e-05
test_13489,0.9999780861578855
test_13490,1.604841885016573e-05
test_13491,0.0124287661510742
test_13492,0.9999592574376502
test_13493,0.9999638116817628
test_13494,1.0000000000000008e-06
test_13495,0.0001707128217885
test_13496,0.9999678154857867
test_13497,0.00034932615459009985
test_13498,0.9002011739944111
test_13499,0.003978446793052199
test_13500,0.9999703231990557
test_13501,1.4101882364820957e-06
test_13502,0.00022775586498389986
test_13503,3.960168771747081e-05
test_13504,1.1847850269175075e-06
test_13505,5.7470073721363345e-06
test_13506,0.010476234107325696
test_13507,3.032916221394022e-06
test_13508,0.999994367577514
test_13509,4.344904088635223e-06
test_13510,0.015291688910611702
test_13511,0.9019735443921646
test_13512,0.990812320228691
test_13513,4.2361476228555556e-05
test_13514,0.0010221827468313998
test_13515,0.00017207158336530004
test_13516,0.0004153378085921999
test_13517,0.00015020240553899997
test_13518,2.323057233999126e-05
test_13519,0.0300516407670643
test_13520,0.00043156222452610005
test_13521,0.999999
test_13522,0.0006253247268314998
test_13523,0.9999941949268039
test_13524,0.9999826632217017
test_13525,0.9992073383665931
test_13526,6.351915975333294e-06
test_13527,0.999966125123635
test_13528,0.9999853198052678
test_13529,0.9999935401174977
test_13530,0.999999
test_13531,3.4600672141936177e-06
test_13532,0.00044238799215369983
test_13533,0.9673694182875814
test_13534,0.00019577997068819986
test_13535,0.9999871150646261
test_13536,0.0015890729332154003
test_13537,1.0942686824198081e-06
test_13538,4.553340651308033e-05
test_13539,0.007460712808903104
test_13540,0.9975105734156026
test_13541,0.9998141205166513
test_13542,0.00017351910249369988
test_13543,2.1532686512561124e-05
test_13544,0.9999936952609316
test_13545,0.9685289852661579
test_13546,0.9999904211745205
test_13547,4.081680685217484e-06
test_13548,0.46861447473513457
test_13549,0.6525620731740116
test_13550,0.0001483980178638999
test_13551,0.9875531087104861
test_13552,3.687388088942105e-05
test_13553,0.9997774634062517
test_13554,0.9998443259695713
test_13555,1.1269140320396724e-05
test_13556,0.5581538840294481
test_13557,0.999999
test_13558,2.318042243230864e-06
test_13559,3.578827380923334e-05
test_13560,8.547399172453808e-05
test_13561,7.527490620929986e-06
test_13562,0.0633834751363245
test_13563,0.9999006723476735
test_13564,0.9966683342624572
test_13565,0.999999
test_13566,0.9964193622399795
test_13567,0.9999322890968468
test_13568,0.9926729935017938
test_13569,0.9999615836128714
test_13570,0.9998630302561731
test_13571,0.015873429055188397
test_13572,0.9999928378949619
test_13573,0.9999815708003479
test_13574,0.1410759834341257
test_13575,0.9999957123172011
test_13576,9.616720420671626e-05
test_13577,0.0048946279809606984
test_13578,0.9999192282113993
test_13579,0.009661455908722704
test_13580,0.00010698835764460005
test_13581,0.9999385706946297
test_13582,0.9998662631432753
test_13583,2.7997260737836513e-06
test_13584,0.999999
test_13585,0.9999979226964268
test_13586,0.9999941082570359
test_13587,0.00020658119641729997
test_13588,0.9995668818442416
test_13589,0.9999858356882114
test_13590,0.0046765061820569
test_13591,0.00010569607528489995
test_13592,0.9988190648200183
test_13593,0.999999
test_13594,0.00019471677782859984
test_13595,6.456751198491102e-06
test_13596,1.832738774839067e-06
test_13597,7.039403205154451e-06
test_13598,0.00021609494325299997
test_13599,0.9994827039380684
test_13600,0.0002601973103106999
test_13601,0.9999959783052331
test_13602,0.9999780274291339
test_13603,0.9999765029689105
test_13604,0.9998129504220352
test_13605,0.0008292955847711001
test_13606,0.999922100778269
test_13607,0.00021841592904900005
test_13608,2.481386853734941e-06
test_13609,0.9999676502176001
test_13610,0.9999680400532459
test_13611,0.9999763086759574
test_13612,0.9999266795346325
test_13613,0.9911214361630996
test_13614,0.9999958450781751
test_13615,0.9892237153499882
test_13616,0.0006426089213642999
test_13617,0.9999656606036552
test_13618,4.927372854282221e-06
test_13619,0.9998522290618556
test_13620,0.011720111223960203
test_13621,0.9955539709369695
test_13622,0.9999962301227397
test_13623,1.0000000000000008e-06
test_13624,5.861086551967244e-06
test_13625,0.994782825803843
test_13626,0.0002441761914785
test_13627,1.0000000000000008e-06
test_13628,0.779535563569553
test_13629,5.296195009525274e-06
test_13630,4.9596179930682805e-05
test_13631,0.005681261692036402
test_13632,0.999986965409732
test_13633,0.0021213862119080994
test_13634,0.9996744933761047
test_13635,0.9999546434044804
test_13636,0.9999981416110627
test_13637,0.9999246916113339
test_13638,0.9999955198610799
test_13639,0.8791435063768162
test_13640,0.07475024614713098
test_13641,0.9987952235111419
test_13642,0.024779820191628093
test_13643,1.0425133094290631e-06
test_13644,8.002988560503517e-06
test_13645,0.999999
test_13646,0.999986997200558
test_13647,0.9996865302731003
test_13648,0.042052125266457
test_13649,6.812486135762629e-06
test_13650,1.1135361525160083e-06
test_13651,0.005720815496383699
test_13652,9.549920129677766e-05
test_13653,0.7564150675479152
test_13654,3.4442938770979755e-05
test_13655,0.0004686951490716001
test_13656,0.07027775163627652
test_13657,0.0010843068405676005
test_13658,0.9179911831254544
test_13659,0.9983877186489822
test_13660,1.0522467328213057e-05
test_13661,0.002511174789409101
test_13662,0.9601099781776342
test_13663,6.674341089891516e-06
test_13664,0.9999981840627088
test_13665,3.423239549577156e-05
test_13666,0.9999709780648554
test_13667,4.418341389448574e-06
test_13668,3.7890402277631737e-06
test_13669,0.9417246693595489
test_13670,0.0007953523904730999
test_13671,5.801731994978767e-05
test_13672,3.444255747396944e-05
test_13673,9.418140893730261e-06
test_13674,0.696897029712673
test_13675,0.0047457483888845
test_13676,0.9550792897963755
test_13677,2.598062153530464e-05
test_13678,3.0716847507726403e-06
test_13679,2.7493561262324116e-06
test_13680,0.00035190420592729995
test_13681,0.9999984116753483
test_13682,0.9995347218810536
test_13683,0.9999781190750184
test_13684,6.942792183574138e-05
test_13685,0.9986304232059134
test_13686,3.792882482124299e-06
test_13687,0.9999774929413173
test_13688,0.9999413511139964
test_13689,0.9999881942026101
test_13690,0.0363426839443088
test_13691,0.9999965394612406
test_13692,0.0020236702678868004
test_13693,7.389025854445149e-05
test_13694,1.8928846682722996e-05
test_13695,0.9999881512307838
test_13696,0.9998656512295919
test_13697,0.00025373746184099993
test_13698,0.9999975042929672
test_13699,0.9999627759880729
test_13700,0.9999589641993893
test_13701,8.409577135780498e-06
test_13702,0.9999977644886937
test_13703,1.4840581940362674e-05
test_13704,2.422026825492479e-05
test_13705,0.9999891455847664
test_13706,1.7186396326010955e-05
test_13707,5.640893261868299e-06
test_13708,1.2760299763720509e-05
test_13709,0.9270087013003213
test_13710,0.0020551026297137994
test_13711,0.0010994854444630001
test_13712,0.9169039770492204
test_13713,0.9809872148927475
test_13714,0.00022213058680749993
test_13715,0.0017114660872107
test_13716,1.1472779726587607e-05
test_13717,0.9999856763303988
test_13718,0.9982124206763066
test_13719,0.034879843907526506
test_13720,0.14361209233080138
test_13721,0.999966897322001
test_13722,0.9930512637025825
test_13723,0.0001258902510954
test_13724,0.00039204260832859984
test_13725,0.9999363864742914
test_13726,1.594025610660406e-06
test_13727,0.9797988640525174
test_13728,3.6689556645630686e-05
test_13729,0.9999980090464962
test_13730,6.353998135408028e-05
test_13731,1.0000000000000008e-06
test_13732,0.9999986810690041
test_13733,0.9860273699949272
test_13734,0.0024640719760328
test_13735,0.9987869456238931
test_13736,0.9999625174433066
test_13737,1.0000000000000008e-06
test_13738,0.9994848269375612
test_13739,0.9999902264140065
test_13740,8.051719795337555e-05
test_13741,0.0003887308233332002
test_13742,8.385376296412826e-06
test_13743,2.3757071797298018e-06
test_13744,0.10886249268878831
test_13745,0.00015878649554470012
test_13746,0.04167043076139378
test_13747,7.153906868268878e-05
test_13748,4.161903587379122e-06
test_13749,0.9995923294323666
test_13750,1.9754340539721684e-05
test_13751,0.9998642288912275
test_13752,1.3498716835849665e-05
test_13753,0.9981993937107799
test_13754,0.9999880988069014
test_13755,1.7013607064877057e-05
test_13756,0.9999989154410182
test_13757,0.019506830275210798
test_13758,0.0015265135123473002
test_13759,0.9146714764295882
test_13760,1.0995489022565347e-06
test_13761,7.455100852150427e-06
test_13762,1.0000000000000008e-06
test_13763,0.999999
test_13764,0.9999867460770038
test_13765,0.9999977221492228
test_13766,3.989351188197649e-06
test_13767,0.0004284190564976
test_13768,0.9999350481657902
test_13769,0.9483119674299355
test_13770,0.00011803539335670003
test_13771,0.8754306063040375
test_13772,4.2299966446463194e-06
test_13773,0.9981330662683615
test_13774,1.5552158589518585e-05
test_13775,3.6718320317256595e-06
test_13776,0.9999916344777752
test_13777,0.9991834434671527
test_13778,0.959723543706643
test_13779,0.9992262926436106
test_13780,0.999999
test_13781,1.4546162272340123e-05
test_13782,0.9999953442351728
test_13783,0.0003337643704504999
test_13784,0.00014381961501260006
test_13785,0.9999757174134756
test_13786,0.0005834527712463999
test_13787,0.9999147519694822
test_13788,0.0027255722351927003
test_13789,0.9915969044017942
test_13790,0.00010845123616169992
test_13791,0.00023588408217279996
test_13792,0.9999953035238949
test_13793,2.741899200108825e-05
test_13794,1.0000000000000008e-06
test_13795,1.655117542722113e-05
test_13796,0.9999984442803715
test_13797,0.9999947203150714
test_13798,1.3541492228288548e-05
test_13799,0.00023234980791000015
test_13800,0.9999825168476335
test_13801,0.9080262729411949
test_13802,0.001793079220133
test_13803,1.0000000000000008e-06
test_13804,0.06112558884923379
test_13805,0.008725800311564603
test_13806,0.9995919112745325
test_13807,2.0474007267368094e-06
test_13808,0.9998877977477995
test_13809,0.0004964092545529001
test_13810,0.999999
test_13811,0.024336509093596897
test_13812,0.9973586867609158
test_13813,0.9999584786021493
test_13814,2.023443868875581e-06
test_13815,0.9741340941079536
test_13816,0.9999583481809325
test_13817,0.999889812405508
test_13818,0.033615722171324795
test_13819,0.9951705393319014
test_13820,0.9999366402042154
test_13821,0.00012621795267809998
test_13822,7.167755949499891e-06
test_13823,0.9999977130383413
test_13824,9.594780675847088e-05
test_13825,2.6662566234593132e-05
test_13826,0.9998732422822139
test_13827,0.9999849888734973
test_13828,0.9999341945208107
test_13829,0.999999
test_13830,1.139017184656223e-05
test_13831,6.0765570146321856e-05
test_13832,0.9999509794530647
test_13833,0.9999977245572247
test_13834,0.002701482115570101
test_13835,0.995349055417706
test_13836,0.9999839739714971
test_13837,0.0003198760909962999
test_13838,0.05094126547336949
test_13839,0.9999879661994492
test_13840,0.9998266225653598
test_13841,1.708493026172674e-06
test_13842,0.9999056553943937
test_13843,0.010412509090461401
test_13844,0.00010706079372719993
test_13845,0.9999380344213457
test_13846,0.9917512035934047
test_13847,2.522272018387189e-06
test_13848,0.9999757241611164
test_13849,0.00035824616135450007
test_13850,0.5434628016275048
test_13851,0.33177250155025273
test_13852,0.1319442948283091
test_13853,0.9999688124313482
test_13854,0.999006497544625
test_13855,8.342698437873785e-05
test_13856,6.455626848913097e-06
test_13857,0.9997347168226145
test_13858,0.9999967185548176
test_13859,0.999997680424065
test_13860,0.04773608876580151
test_13861,0.9999117498518137
test_13862,0.9999534317546642
test_13863,0.9999406883868881
test_13864,0.0010073175222116996
test_13865,0.9999963616955011
test_13866,1.0000000000000008e-06
test_13867,0.00016995901891780004
test_13868,4.7237560002389914e-05
test_13869,0.9981892773997949
test_13870,0.08654432383982782
test_13871,0.0004685729355664
test_13872,8.079489315549038e-05
test_13873,0.9982336216923042
test_13874,0.9999957239453339
test_13875,2.5211112255325278e-05
test_13876,0.9999932019796275
test_13877,2.06736342963571e-06
test_13878,0.999971776412017
test_13879,0.0012272906904145996
test_13880,0.9999435641549252
test_13881,0.999999
test_13882,1.9607586970920816e-05
test_13883,0.9999989502851471
test_13884,4.0679899362519565e-06
test_13885,0.0007370158874676002
test_13886,0.0018827530441513005
test_13887,0.9900610873993567
test_13888,0.8047073046766676
test_13889,0.0129637170215024
test_13890,0.00016546872922820004
test_13891,0.999993007733272
test_13892,0.9999940717518374
test_13893,0.00010721504947730002
test_13894,9.584741243259047e-06
test_13895,2.810231264276964e-05
test_13896,0.9984487050875859
test_13897,1.0000000000000008e-06
test_13898,0.9998375007490412
test_13899,0.999940497544049
test_13900,0.9999856993402174
test_13901,1.929007990221011e-05
test_13902,0.0003059934933019002
test_13903,0.9998977642484861
test_13904,0.9999871005112376
test_13905,1.2395601734386581e-05
test_13906,0.9999789744209852
test_13907,0.9997979260117418
test_13908,1.0000000000000008e-06
test_13909,0.008281088844858803
test_13910,0.999983303822995
test_13911,0.6015368093930455
test_13912,0.9997835649676922
test_13913,5.701186557967397e-06
test_13914,0.00018144232967849997
test_13915,3.9468351162295825e-05
test_13916,0.9921835743131576
test_13917,2.220420462719689e-05
test_13918,2.3314069252726557e-05
test_13919,0.999991245402129
test_13920,0.0058168957267188985
test_13921,0.9999919802356668
test_13922,0.9939944179365365
test_13923,0.9999926337639956
test_13924,0.9999878734322669
test_13925,0.9999870635100211
test_13926,0.999827183494207
test_13927,1.0000000000000008e-06
test_13928,0.9999970139134665
test_13929,0.9999815272025929
test_13930,0.9999986379254054
test_13931,0.9998481816362962
test_13932,0.9999485078969292
test_13933,0.2981246050267674
test_13934,2.1820750084600342e-05
test_13935,2.8575957329074517e-05
test_13936,0.9999561031300336
test_13937,0.9998408526693654
test_13938,0.9994013482098368
test_13939,0.9999982719105547
test_13940,0.9993907075971054
test_13941,0.0003100101547894002
test_13942,8.6312577047997e-05
test_13943,0.9977373954023891
test_13944,0.9999887696941253
test_13945,6.881277294865686e-06
test_13946,0.0008852969921553002
test_13947,0.9993987933550144
test_13948,1.4857277294554525e-06
test_13949,5.545079338562418e-05
test_13950,9.665879832259369e-06
test_13951,0.0011027069277858997
test_13952,0.9997688405037939
test_13953,0.9997594875912806
test_13954,0.9954065843370772
test_13955,0.9999751645409097
test_13956,0.9961348522737133
test_13957,0.0004130671631367001
test_13958,0.9999872506691749
test_13959,3.161027316642105e-05
test_13960,0.9993551635664466
test_13961,0.9999974597728382
test_13962,0.9990012266185904
test_13963,0.9998387656963871
test_13964,0.9750651008263256
test_13965,0.9941766790163177
test_13966,1.54905434228471e-05
test_13967,0.9999469044188461
test_13968,0.9216297962902599
test_13969,0.0002102221759866001
test_13970,2.5088025071081327e-05
test_13971,0.8312010710773879
test_13972,0.0001405184367875999
test_13973,0.9999932701463751
test_13974,0.9584918215600249
test_13975,0.9999528986497705
test_13976,0.9857934699862028
test_13977,0.9998567227351264
test_13978,0.9987273724109865
test_13979,1.3577693751731537e-05
test_13980,0.0005693300745440998
test_13981,0.0007410915864612002
test_13982,0.0013406790691613006
test_13983,0.9976980121024356
test_13984,0.991727794471748
test_13985,0.9999987653750668
test_13986,0.9109795594862306
test_13987,0.0008375764408452996
test_13988,0.9999111730971059
test_13989,0.9999961406686462
test_13990,0.999426383884723
test_13991,0.0006438890360504
test_13992,0.9998586167112433
test_13993,0.0041110641688496
test_13994,0.0005791783351461001
test_13995,0.9999391976815902
test_13996,0.9915087744595122
test_13997,1.5486689271480116e-05
test_13998,1.4051342740053662e-05
test_13999,0.9999975321062287
test_14000,4.369487524314836e-06
test_14001,7.571522464075066e-06
test_14002,3.1762457425034365e-05
test_14003,0.06129151954675071
test_14004,0.9999088941885257
test_14005,6.113912606357363e-05
test_14006,0.9998845652056819
test_14007,0.999994007955777
test_14008,0.9999329771568674
test_14009,0.9998006929062198
test_14010,1.0000000000000008e-06
test_14011,0.9955797778846786
test_14012,0.999988331262695
test_14013,0.9992465507893228
test_14014,0.015026385752337798
test_14015,0.9994231443150009
test_14016,0.9999975911742784
test_14017,1.3470788035237119e-06
test_14018,0.0007378619971198002
test_14019,0.9945657339826478
test_14020,0.6593744110242366
test_14021,0.00043284383620720014
test_14022,0.9999888878750699
test_14023,1.2923284459568378e-05
test_14024,0.00047445723066840003
test_14025,0.9998897149520377
test_14026,5.962243084584935e-05
test_14027,1.6452218757712216e-06
test_14028,0.9999133011654664
test_14029,2.0257769215778163e-05
test_14030,0.9999913801439937
test_14031,0.999391875645248
test_14032,6.820863161435938e-06
test_14033,8.160805825437414e-05
test_14034,6.272846875740137e-06
test_14035,0.0196714537988542
test_14036,5.3261867619020686e-06
test_14037,0.0027359811819929005
test_14038,1.9445381099141605e-05
test_14039,0.9692799143755969
test_14040,0.010248085148664796
test_14041,1.39545353156645e-05
test_14042,0.9999915591439238
test_14043,0.9888218058683997
test_14044,0.8521821111969275
test_14045,0.0001776346953816999
test_14046,0.0006570547091372999
test_14047,0.9997237534949307
test_14048,6.425644821131412e-06
test_14049,0.0009639704914778998
test_14050,0.0007397747300471003
test_14051,8.135562686382464e-05
test_14052,0.9984704330586998
test_14053,0.938309517224048
test_14054,0.9997544438084571
test_14055,2.3107105240956748e-05
test_14056,4.510641903490819e-05
test_14057,0.9997833003845891
test_14058,0.9994286527578126
test_14059,0.9991952440824278
test_14060,0.026440020995301895
test_14061,0.9993872038148613
test_14062,5.719183855091769e-05
test_14063,1.0000000000000008e-06
test_14064,0.9996201113740107
test_14065,0.9999753948447874
test_14066,0.0012253621829116997
test_14067,0.0274161335476145
test_14068,0.9999325201907416
test_14069,0.0002843633528498
test_14070,0.00031148172677600007
test_14071,4.5437380456965424e-05
test_14072,0.08234190176694171
test_14073,0.002156812379660001
test_14074,0.9999954252569976
test_14075,0.00018624289730109994
test_14076,3.2722113596907863e-06
test_14077,0.9999894553566705
test_14078,0.9998117572080132
test_14079,0.9998408939615989
test_14080,0.9998069110084626
test_14081,0.9617376691752592
test_14082,0.0005667584869463001
test_14083,9.87572890402427e-05
test_14084,0.9864812006796038
test_14085,0.9995638936155188
test_14086,0.024575666174180198
test_14087,0.9999972725511098
test_14088,0.9999822913117775
test_14089,0.017980409560766297
test_14090,0.00016922485226279993
test_14091,6.2379292639581094e-06
test_14092,0.0630082849634016
test_14093,0.0039430550617282996
test_14094,0.9998156558866145
test_14095,0.9991811423242555
test_14096,0.9999342277572658
test_14097,0.9993008412584257
test_14098,0.9998580892491647
test_14099,0.00022520092880020005
test_14100,0.000721743920146
test_14101,0.9996970948000394
test_14102,0.032398665404557804
test_14103,0.014714220503500804
test_14104,0.9978069616074818
test_14105,1.1775958969872652e-05
test_14106,0.9999826612643344
test_14107,0.9993192277772136
test_14108,1.2904416016515303e-05
test_14109,0.00015041261928309998
test_14110,0.0001255100024750999
test_14111,0.9999932107121882
test_14112,0.025119707860039094
test_14113,0.00021873079179300016
test_14114,2.1478915875340747e-05
test_14115,8.497988636057316e-06
test_14116,0.9999962960391998
test_14117,0.999406594603505
test_14118,0.00013057861629460008
test_14119,0.999992197564154
test_14120,5.543092764599334e-06
test_14121,1.4993633364086563e-06
test_14122,0.9721920091985664
test_14123,0.9999118272219802
test_14124,1.0469912672320383e-05
test_14125,0.9998700403755226
test_14126,0.9985527269631522
test_14127,0.9903886640039768
test_14128,1.5069470594934737e-05
test_14129,0.9669050890558449
test_14130,1.4265250948881973e-05
test_14131,0.00043052390930129993
test_14132,0.9999462397799688
test_14133,2.9695708881605084e-05
test_14134,1.633105115631106e-05
test_14135,0.8672404620508907
test_14136,0.0022672698899185
test_14137,1.1283628738141368e-05
test_14138,0.0010205788840770998
test_14139,0.0041578770036834
test_14140,0.9744921894329047
test_14141,0.9907105151111738
test_14142,4.724181213702347e-06
test_14143,0.0007560935395833002
test_14144,3.731402719802721e-05
test_14145,0.00012386888311450008
test_14146,0.9323031041140156
test_14147,0.9999989449798226
test_14148,1.1780379428646158e-06
test_14149,0.9993850221078484
test_14150,4.023005986309966e-05
test_14151,0.9979877206495607
test_14152,0.9818233492525201
test_14153,5.0933050006547085e-06
test_14154,0.5822422019970747
test_14155,0.652874156985057
test_14156,3.469044579758167e-05
test_14157,0.0003786334443666998
test_14158,0.9996015931952132
test_14159,1.9480153763828686e-05
test_14160,3.969840991178188e-05
test_14161,3.676401111501873e-05
test_14162,0.9999824078524178
test_14163,0.9999985901625158
test_14164,0.013433402163005806
test_14165,0.9999971557340731
test_14166,0.00027095437809930003
test_14167,0.9997146758864285
test_14168,2.9595620612646754e-05
test_14169,1.0000000000000008e-06
test_14170,0.999999
test_14171,0.9985131880071587
test_14172,0.0001341973184674
test_14173,3.1306444683075688e-06
test_14174,0.8979718808515621
test_14175,0.9999979044309679
test_14176,0.0006187561752535999
test_14177,2.589262704106326e-05
test_14178,0.00011486098053859995
test_14179,0.9999540018335585
test_14180,0.0002195641289977
test_14181,0.0511436836653988
test_14182,0.0003491892360085
test_14183,0.9998955594595177
test_14184,0.0099866206247045
test_14185,0.9999866865061654
test_14186,7.52816133949339e-06
test_14187,6.6497305622638285e-06
test_14188,0.012711794516667204
test_14189,7.5413312560687986e-06
test_14190,0.9998793934075642
test_14191,0.9999968093368733
test_14192,0.9999989697397028
test_14193,0.03799760193619269
test_14194,0.006583613554590803
test_14195,0.9999621597543771
test_14196,0.999999
test_14197,0.999192377078538
test_14198,0.9537257465368011
test_14199,0.00019261223001379988
test_14200,0.00022265292618189994
test_14201,4.347350978095501e-06
test_14202,6.504264199809574e-05
test_14203,0.9872481661468009
test_14204,0.0446221128549195
test_14205,0.8695245476001935
test_14206,0.9892810495577349
test_14207,0.00013540302843620001
test_14208,0.999813739324961
test_14209,1.0022390704601737e-05
test_14210,0.9999818299362262
test_14211,2.389175122380159e-06
test_14212,0.9999838780103008
test_14213,5.6776506340459713e-05
test_14214,0.9998604661306761
test_14215,0.9998676941378482
test_14216,0.024910062508008705
test_14217,4.220653418000758e-06
test_14218,0.0027582853433997
test_14219,0.9996068463400714
test_14220,1.0000000000000008e-06
test_14221,0.999999
test_14222,9.91251990435836e-06
test_14223,2.9766269673773003e-05
test_14224,0.0002713260118519
test_14225,0.9999958607400131
test_14226,0.002968286582566501
test_14227,0.999999
test_14228,0.0006015519989378998
test_14229,0.9999932646754291
test_14230,0.9999943778277937
test_14231,0.014898168523346801
test_14232,5.124693304736174e-05
test_14233,0.9999983687265454
test_14234,3.2522685833307886e-06
test_14235,1.0000000000000008e-06
test_14236,1.1279422192532032e-05
test_14237,0.9999989254292824
test_14238,0.00028732789154689987
test_14239,0.9979443938514706
test_14240,2.334457550206564e-06
test_14241,0.8939418155025641
test_14242,7.642887991041651e-05
test_14243,0.9999946599614365
test_14244,0.9951381195642267
test_14245,0.9998172776147906
test_14246,0.9999914511956038
test_14247,0.9973070329249194
test_14248,0.9999315042224596
test_14249,3.2597236327211097e-06
test_14250,0.9999970417569934
test_14251,0.999930103869969
test_14252,0.9980342597335468
test_14253,0.9999821061474035
test_14254,0.9997635776309033
test_14255,1.0979926324965697e-05
test_14256,8.916758230755731e-06
test_14257,0.9992548496875091
test_14258,0.00043531745132679983
test_14259,0.9994645553390555
test_14260,5.368942350708855e-06
test_14261,1.4567289218229596e-05
test_14262,0.999993739002896
test_14263,0.019048315648954105
test_14264,0.9983886133830523
test_14265,3.896002938909237e-06
test_14266,4.6710944106728185e-06
test_14267,0.9978523090092205
test_14268,1.7906366215024124e-05
test_14269,0.0012067527671349003
test_14270,0.00019347203048190013
test_14271,2.9922265378079574e-05
test_14272,0.9992180937159032
test_14273,1.2209557378487557e-05
test_14274,0.9999837174690797
test_14275,0.003495593274316898
test_14276,0.00026062263044220014
test_14277,3.270522538817636e-06
test_14278,0.9997762344095518
test_14279,0.9999757285017833
test_14280,0.9992811631717486
test_14281,0.999982723535287
test_14282,0.011827309688014804
test_14283,1.13644575638215e-06
test_14284,0.9999988302115674
test_14285,0.932717516002769
test_14286,0.9999362018092397
test_14287,0.041499771369287196
test_14288,0.9839191275040202
test_14289,0.9999893818610852
test_14290,0.0019030454082606997
test_14291,0.9999687638271882
test_14292,2.0951471245098024e-05
test_14293,0.9990040051611072
test_14294,1.9702618503832997e-06
test_14295,0.999998822098234
test_14296,0.9999938565805369
test_14297,0.9996323776065091
test_14298,0.9999953428794817
test_14299,0.9905679545547605
test_14300,0.004890751984442801
test_14301,6.150199392233722e-05
test_14302,1.0000000000000008e-06
test_14303,0.9999005679908332
test_14304,0.43718610571862015
test_14305,0.8244985652884547
test_14306,0.9998176732367474
test_14307,0.999999
test_14308,0.9999136120923189
test_14309,2.596130132669047e-05
test_14310,1.5674806720308619e-06
test_14311,0.9999964549844623
test_14312,0.9764852866878114
test_14313,0.999965921044211
test_14314,0.9797764592198016
test_14315,1.7229666712840063e-06
test_14316,3.3637643911209122e-06
test_14317,0.9927705776838959
test_14318,4.320762281605254e-06
test_14319,0.9999888392874644
test_14320,1.064792791968207e-05
test_14321,0.999992850145596
test_14322,0.9969892218459967
test_14323,8.804956280948341e-05
test_14324,0.9999567980738436
test_14325,0.011507252112481997
test_14326,0.00013012375331640012
test_14327,3.9139631038817535e-06
test_14328,0.9999727365104106
test_14329,0.00041803221654119994
test_14330,4.974135112116663e-06
test_14331,0.00013990810749190004
test_14332,0.9999389291376375
test_14333,0.0007283764195341
test_14334,0.999999
test_14335,0.9999742823202762
test_14336,0.9999911042068659
test_14337,1.0000000000000008e-06
test_14338,2.0062466996200755e-05
test_14339,0.9999974276331031
test_14340,0.9950044207251026
test_14341,0.9999721590899672
test_14342,2.8887089900468444e-05
test_14343,0.9987376827535186
test_14344,8.977343264678534e-05
test_14345,2.170985936835409e-06
test_14346,0.9952726125321718
test_14347,0.9999961075939231
test_14348,3.7098479071702776e-06
test_14349,0.9999550910725551
test_14350,6.363543310889452e-05
test_14351,1.0000000000000008e-06
test_14352,2.950673694878498e-06
test_14353,0.9999951292152872
test_14354,1.2770541629401875e-06
test_14355,0.987707898973598
test_14356,0.9664584552754301
test_14357,4.230127961579589e-05
test_14358,0.9995675575230959
test_14359,0.9999533622329385
test_14360,0.9997982012782451
test_14361,3.0077035464685943e-06
test_14362,0.9999969118332321
test_14363,1.897842654148617e-06
test_14364,0.9997637802639885
test_14365,0.006647568366690601
test_14366,0.9994116834212411
test_14367,0.9999718982405107
test_14368,0.9981840616867421
test_14369,0.9979471560655224
test_14370,0.9999955031628027
test_14371,0.9999491678895094
test_14372,1.7403243228030784e-05
test_14373,0.0024303999242157003
test_14374,0.0016210082319390005
test_14375,0.012686668815723605
test_14376,0.0006197567785647999
test_14377,6.7042701215724535e-06
test_14378,0.9922706239245815
test_14379,2.4096871773416795e-06
test_14380,0.999600234912325
test_14381,0.0022357911965935995
test_14382,0.0030659625024720013
test_14383,0.9999878379265407
test_14384,6.439689788707258e-06
test_14385,0.013936083357986698
test_14386,0.03996846113235211
test_14387,0.9937364282942481
test_14388,0.00018573898292330017
test_14389,6.659029946296953e-05
test_14390,0.999999
test_14391,0.9706729547121853
test_14392,0.9999960790091454
test_14393,0.012553924431989997
test_14394,0.9999986396495755
test_14395,0.8909663479192296
test_14396,0.999997854692203
test_14397,0.999999
test_14398,0.9981250218536208
test_14399,0.9999493675266726
test_14400,0.9998942213615694
test_14401,0.0005114977301510998
test_14402,4.680706077298606e-06
test_14403,0.9999917907291244
test_14404,0.0522185297876156
test_14405,0.9999962019171954
test_14406,0.9917179842830216
test_14407,0.04928136247301098
test_14408,0.062267378378908306
test_14409,0.9999913992995829
test_14410,0.6712246245925838
test_14411,1.4213084750908568e-06
test_14412,0.9999921362868879
test_14413,0.9997942194265087
test_14414,3.400424155360251e-05
test_14415,0.9711088240316094
test_14416,0.9999988033979023
test_14417,3.810198162755415e-05
test_14418,3.3286523249354475e-05
test_14419,1.0000000000000008e-06
test_14420,1.634024167087753e-05
test_14421,0.9996733353091585
test_14422,0.010083320240886004
test_14423,0.026560538741466397
test_14424,9.065792263232202e-06
test_14425,0.018994876899742205
test_14426,0.00020435240409130012
test_14427,0.999928620249404
test_14428,1.732562383735215e-06
test_14429,0.999993058677861
test_14430,9.4493781226695e-06
test_14431,0.9997074912377663
test_14432,5.113005535418251e-06
test_14433,0.9999856774761248
test_14434,0.999995156449782
test_14435,0.00047342278838700014
test_14436,0.1013089279639399
test_14437,0.9994680423177522
test_14438,0.9999473317365182
test_14439,0.0044016733878784
test_14440,0.028456520280002208
test_14441,0.9999949617609573
test_14442,0.00019005437271760005
test_14443,0.9999560165853164
test_14444,0.9979325258425795
test_14445,3.589425736188683e-06
test_14446,0.002050432446942101
test_14447,0.9999973955538907
test_14448,0.0012813987145324998
test_14449,6.404912662102467e-05
test_14450,0.9004911015998783
test_14451,0.9989057407455938
test_14452,6.1018659346844105e-06
test_14453,0.1631732733153769
test_14454,1.8026396403698545e-06
test_14455,0.9992118263300245
test_14456,0.999292782323206
test_14457,0.007530721664538396
test_14458,0.9952529560325053
test_14459,1.8230429170982257e-05
test_14460,0.00013178676983219991
test_14461,0.00022936817612779985
test_14462,0.99922681630212
test_14463,0.09406214833119479
test_14464,0.9999971970146436
test_14465,0.999999
test_14466,0.9364825795926415
test_14467,0.691147990568134
test_14468,0.11721392575001773
test_14469,0.0011600625542725
test_14470,0.9995383179776287
test_14471,2.2843527191380325e-05
test_14472,7.455666219958971e-06
test_14473,0.028968639856648697
test_14474,0.9784344049128941
test_14475,0.6663836834350096
test_14476,0.9999177746637683
test_14477,0.9999708362464764
test_14478,0.999999
test_14479,0.1382547030132295
test_14480,0.9999905295133726
test_14481,0.1213397330607718
test_14482,0.6908685716064726
test_14483,0.0327742307989421
test_14484,0.9999987744165618
test_14485,0.005911168602416101
test_14486,1.624420635304168e-06
test_14487,0.9988168614404225
test_14488,0.9986858937697263
test_14489,4.966687401932055e-06
test_14490,0.014063749505159496
test_14491,0.9999978553054173
test_14492,0.0145194132931289
test_14493,0.00012509478438329995
test_14494,0.008618302028571
test_14495,1.5059033544744455e-06
test_14496,4.6816746534151175e-05
test_14497,0.9999961127433783
test_14498,0.9999935003064876
test_14499,1.3600874485383915e-05
test_14500,5.652445097526869e-06
test_14501,1.143576627144299e-06
test_14502,0.9998383109138722
test_14503,0.9959997203225152
test_14504,0.029213665453131792
test_14505,1.0000000000000008e-06
test_14506,1.7919865794779526e-06
test_14507,0.9998492378182682
test_14508,0.0005467165607384001
test_14509,0.0023099390267953997
test_14510,0.9819328042938168
test_14511,0.999959177468472
test_14512,0.9999951659020454
test_14513,7.29743848165991e-05
test_14514,8.935789516472629e-06
test_14515,1.635210092150737e-05
test_14516,0.9999806179470805
test_14517,1.777756936046272e-05
test_14518,0.9994991582922351
test_14519,0.9999024147081621
test_14520,0.00027733879246409984
test_14521,0.9999644283315615
test_14522,8.973672101206228e-06
test_14523,0.9999989394889692
test_14524,0.9976082889565852
test_14525,0.997747403246355
test_14526,2.157277893357022e-06
test_14527,0.9661839206382448
test_14528,0.9999986978419865
test_14529,4.939250252576405e-05
test_14530,0.9999404617099948
test_14531,0.8437273672015916
test_14532,7.752894486763045e-06
test_14533,0.000212326610298
test_14534,0.9999805936541543
test_14535,1.26534115673881e-05
test_14536,0.9999942248716177
test_14537,4.009341197621144e-05
test_14538,0.0001176441740469
test_14539,9.307578262024814e-06
test_14540,0.9895577504363036
test_14541,1.8119311706549584e-06
test_14542,0.9999972532937418
test_14543,1.0000000000000008e-06
test_14544,8.492457338626493e-05
test_14545,0.9940689133166674
test_14546,0.9974518838346063
test_14547,0.9996791159645245
test_14548,0.026370396446661996
test_14549,0.0247050180972851
test_14550,0.9999795967698981
test_14551,0.9975991228357616
test_14552,0.2237600754981823
test_14553,0.999998110187887
test_14554,1.21362153546793e-06
test_14555,0.0022241219207678
test_14556,0.9994008299101266
test_14557,0.9999914955618966
test_14558,0.0008506554359992996
test_14559,1.2950363127682005e-05
test_14560,8.790752218414582e-06
test_14561,0.9999986148733538
test_14562,0.9999964526252101
test_14563,0.9999910446917428
test_14564,5.289662933688605e-06
test_14565,0.9999646617526251
test_14566,0.269064642303906
test_14567,0.9987815721018315
test_14568,0.999999
test_14569,0.012736570361778297
test_14570,0.9999923428991092
test_14571,3.4258627199532755e-06
test_14572,0.040389307844886806
test_14573,0.9999938547078584
test_14574,0.9998837822111757
test_14575,1.9273398192625482e-05
test_14576,0.4026299945523809
test_14577,0.9999948319132497
test_14578,1.0000000000000008e-06
test_14579,1.535059425213824e-05
test_14580,0.9632252014402627
test_14581,0.9999892293677967
test_14582,0.9999936659968794
test_14583,0.9999986440684554
test_14584,0.9999248672823159
test_14585,0.9998719731401936
test_14586,0.09478947452657698
test_14587,0.06333659904116432
test_14588,0.99740421273763
test_14589,0.0005689625174141002
test_14590,0.9999718113496807
test_14591,0.9999987959939932
test_14592,0.9999817198868901
test_14593,0.9999842539229372
test_14594,0.9999960728371479
test_14595,0.9990383528928134
test_14596,1.6717069606337992e-06
test_14597,0.016985467460333203
test_14598,2.1374693959117428e-06
test_14599,0.9999930714929515
test_14600,0.999999
test_14601,0.999999
test_14602,0.7356770908829211
test_14603,0.07272233270571969
test_14604,0.9738971103900174
test_14605,0.0002702038036565999
test_14606,0.8334877546841066
test_14607,1.5181387570717172e-05
test_14608,0.9999989187507006
test_14609,0.9020307534899614
test_14610,7.70135178535065e-05
test_14611,0.0004939572544093
test_14612,4.3231007839014546e-05
test_14613,0.9999735222382155
test_14614,0.999999
test_14615,0.8627457801888984
test_14616,0.0317196441920553
test_14617,0.9999989129737227
test_14618,0.9999820938731903
test_14619,0.9439943014209432
test_14620,0.999788455217757
test_14621,0.999999
test_14622,0.9999830581308434
test_14623,0.999995511787511
test_14624,0.9999415350748269
test_14625,0.9999513377055282
test_14626,0.9999927317706299
test_14627,0.9996488632663691
test_14628,0.0021123168309005996
test_14629,0.9999936238960655
test_14630,1.0000000000000008e-06
test_14631,0.016805347152665802
test_14632,3.5494468601842254e-06
test_14633,0.9999911268226368
test_14634,0.0202843846577907
test_14635,0.9983029784299492
test_14636,0.0023277431994586997
test_14637,0.0009418868403539996
test_14638,0.9999456039408795
test_14639,1.0006793873320383e-06
test_14640,5.240103321772779e-05
test_14641,1.0000000000000008e-06
test_14642,1.0000000000000008e-06
test_14643,0.9960544125555423
test_14644,1.0367768022768551e-06
test_14645,0.0008293552014797003
test_14646,0.0954537592828445
test_14647,0.00017513537588509986
test_14648,2.619980139861579e-06
test_14649,0.9982049960404279
test_14650,0.9999840477677937
test_14651,0.9998900873469345
test_14652,2.5615483078162783e-05
test_14653,0.9999954601755406
test_14654,5.558537348864127e-06
test_14655,0.005009673063082998
test_14656,7.040521841209679e-06
test_14657,0.9999919298865623
test_14658,2.0736971440046912e-06
test_14659,0.9917755075879362
test_14660,1.554872841602219e-05
test_14661,7.510495861586658e-05
test_14662,0.9999944411727116
test_14663,0.9976945236862625
test_14664,0.9999923996428614
test_14665,1.539312525002413e-06
test_14666,0.9999989453350541
test_14667,0.9374625904511449
test_14668,0.9997068048134496
test_14669,0.0031460138666517994
test_14670,0.9999956975496729
test_14671,5.8302723069279864e-05
test_14672,0.9999517278765071
test_14673,0.9611108447545805
test_14674,0.9999951360648571
test_14675,0.9999801470357457
test_14676,0.9999818732046069
test_14677,1.0000000000000008e-06
test_14678,0.9999416914512063
test_14679,0.9999334754506867
test_14680,5.199144699401724e-06
test_14681,0.9941637698013052
test_14682,0.9999911302024198
test_14683,1.2296945227030536e-05
test_14684,0.999977966512475
test_14685,0.9999122555512929
test_14686,0.03849287036058191
test_14687,0.00026891433816779984
test_14688,0.9999311261133366
test_14689,2.4679428701458366e-06
test_14690,0.9676926751876859
test_14691,0.9989189235000896
test_14692,2.2372310346748776e-05
test_14693,0.9999676588221814
test_14694,0.4344784538768949
test_14695,0.997873749410307
test_14696,0.999999
test_14697,0.00040678187284000014
test_14698,0.9977383404833412
test_14699,0.9999967759885883
test_14700,0.9999906255183684
test_14701,0.0033756931173262988
test_14702,0.999999
test_14703,2.6560304075365724e-05
test_14704,0.9999952990221074
test_14705,0.12256774651344772
test_14706,0.9119207835959658
test_14707,1.8028011404433248e-06
test_14708,3.257620863677391e-05
test_14709,0.9999932764111026
test_14710,0.999999
test_14711,5.8136231733258376e-05
test_14712,2.1213432718537118e-05
test_14713,0.9999974711651533
test_14714,0.999993364060911
test_14715,0.8299579926755363
test_14716,0.999999
test_14717,0.9908530693044162
test_14718,2.15462364001763e-05
test_14719,0.0017400858515475006
test_14720,0.9999926936773721
test_14721,0.9999899771248081
test_14722,0.9999710439086373
test_14723,0.999992540231259
test_14724,0.9949153901891137
test_14725,0.999881099869167
test_14726,0.9999765195701295
test_14727,0.9987779277566113
test_14728,2.8802717327328697e-05
test_14729,0.046169535896745904
test_14730,0.9998406640071713
test_14731,0.9999977121846578
test_14732,0.9993701373751441
test_14733,0.9998603196145953
test_14734,2.571504331538427e-05
test_14735,0.9999845526520619
test_14736,0.9974149707437522
test_14737,0.9979102602471935
test_14738,1.7441229923490276e-05
test_14739,0.9745195965037566
test_14740,0.9999912370410009
test_14741,1.0000000000000008e-06
test_14742,1.82603897318173e-05
test_14743,0.9999943524210324
test_14744,0.9999961791689911
test_14745,0.9999939932748079
test_14746,0.9999531650913734
test_14747,0.9957197695971758
test_14748,4.546249965732297e-06
test_14749,0.9880697045443422
test_14750,0.00028656495512260005
test_14751,0.0002247021697489
test_14752,1.7450913171607723e-06
test_14753,0.00030016630696149977
test_14754,0.9999977700538452
test_14755,0.0004221600633782002
test_14756,0.9995768028913524
test_14757,0.9999961992170787
test_14758,0.999994668415283
test_14759,0.0005146848626895001
test_14760,0.899319646020173
test_14761,0.9423395894237608
test_14762,1.4378270109375315e-05
test_14763,0.5397118112762925
test_14764,0.9999904763178508
test_14765,2.5223789463755717e-06
test_14766,0.9999729704532468
test_14767,0.999999
test_14768,0.9999886336308073
test_14769,0.9998473200929581
test_14770,0.99993434147796
test_14771,0.9999337043700679
test_14772,0.00038853984308439985
test_14773,0.00018862072017820003
test_14774,0.9996242462340507
test_14775,8.823164194285142e-05
test_14776,0.7471693973277092
test_14777,0.9996794293674753
test_14778,0.9986598876893268
test_14779,0.0002368907117814999
test_14780,0.999991735703172
test_14781,0.00021922392914609998
test_14782,0.9694196128335344
test_14783,2.114292008106168e-05
test_14784,0.5567679533788914
test_14785,0.999997280856073
test_14786,0.0003611542508468
test_14787,0.00020790628722050004
test_14788,0.9992584853070575
test_14789,0.0006005166584014999
test_14790,0.0021864127445990005
test_14791,0.9999547510724613
test_14792,0.989197019680528
test_14793,0.9998351544415717
test_14794,1.240605125738781e-06
test_14795,0.9986658313915948
test_14796,0.9995324986017683
test_14797,0.9999941267260675
test_14798,0.9999866414819283
test_14799,0.0038080412240701998
test_14800,0.00040784292345779987
test_14801,6.58200337820307e-06
test_14802,3.856010046644479e-05
test_14803,0.0515453614704357
test_14804,1.1489241837833472e-06
test_14805,5.537204382028235e-05
test_14806,5.24588003886326e-06
test_14807,0.0008150673421113001
test_14808,0.5436992349137674
test_14809,0.9999975725415413
test_14810,0.00013409323082610002
test_14811,0.7075831079175542
test_14812,0.9999666222557548
test_14813,0.9998048465147107
test_14814,0.9992422087120819
test_14815,0.9555372685953684
test_14816,2.5981744720511805e-05
test_14817,0.3084935795472725
test_14818,0.03997749005583659
test_14819,0.9999980302167646
test_14820,0.0004595102184919001
test_14821,0.0001593711663681
test_14822,0.9991118786966187
test_14823,0.0017036876057004002
test_14824,0.8880453758781202
test_14825,0.0016642453113412004
test_14826,0.9466765623049831
test_14827,0.9999494563138197
test_14828,1.9253487779527815e-05
test_14829,0.9999587212960798
test_14830,0.022065584324812898
test_14831,0.999819478334964
test_14832,0.00012613050951379998
test_14833,6.82404733878385e-05
test_14834,0.9987714081096846
test_14835,2.652058125274153e-06
test_14836,0.9864515469386541
test_14837,2.7253002606777195e-05
test_14838,7.3857197230405466e-06
test_14839,0.7163206490596737
test_14840,6.517256555459624e-05
test_14841,0.9999454372910536
test_14842,0.9999791872148953
test_14843,2.5587187129535404e-06
test_14844,0.932006399451265
test_14845,0.9999477706214603
test_14846,0.9999900312546656
test_14847,0.9999337760486541
test_14848,0.9999580041444115
test_14849,0.999999
test_14850,0.00019651729440829985
test_14851,0.9999851980764974
test_14852,0.00010177274808669997
test_14853,1.9908380800361557e-05
test_14854,0.0005458335833205997
test_14855,0.999750345466907
test_14856,0.0013660367659754996
test_14857,0.9999802245209134
test_14858,0.9975211121780067
test_14859,0.997958296203545
test_14860,0.9996840736921713
test_14861,0.9516841272161856
test_14862,0.9999946067900994
test_14863,0.0003644942966526
test_14864,1.9330511811915037e-05
test_14865,0.9999610314698908
test_14866,0.00013181771550880005
test_14867,2.9933053595090277e-06
test_14868,0.0026605731821176992
test_14869,0.9999980144756168
test_14870,1.913956305013816e-05
test_14871,0.9999929897226948
test_14872,0.9989101616081879
test_14873,0.0004354653532525999
test_14874,0.027491846864980497
test_14875,0.9991981626165334
test_14876,6.385305371962123e-05
test_14877,9.30132743069623e-06
test_14878,0.9999952481964482
test_14879,0.9906192308574396
test_14880,0.9998842526869726
test_14881,0.0062305192632692
test_14882,4.19090366823076e-05
test_14883,0.9999473648224446
test_14884,0.012498778368465696
test_14885,0.9959788501057412
test_14886,0.3099290785350935
test_14887,0.03294461896339979
test_14888,0.9996528752311629
test_14889,5.210895584566743e-06
test_14890,0.00035919063052420013
test_14891,0.999775833813808
test_14892,0.0020134614407339
test_14893,0.00027078036151280025
test_14894,0.9856691438179004
test_14895,0.9935134658694824
test_14896,1.2402998981314352e-06
test_14897,0.0008890089958797999
test_14898,0.9999820941898456
test_14899,0.0001360649387700999
test_14900,0.0012722001270340996
test_14901,0.0007078847918256999
test_14902,6.441295514869257e-05
test_14903,0.9998560348201695
test_14904,0.9968854658958377
test_14905,0.9999910899630736
test_14906,0.999999
test_14907,0.00010744422789069997
test_14908,0.00013907578281129997
test_14909,3.2634855105129017e-06
test_14910,0.0002725603858526002
test_14911,0.999996152826162
test_14912,0.999910292623393
test_14913,0.999903444816183
test_14914,0.9996831791044622
test_14915,0.0010000488449359995
test_14916,0.9999924169201877
test_14917,0.9975419129990095
test_14918,0.0006747911327507997
test_14919,4.770897851381764e-06
test_14920,0.00011575796276549993
test_14921,0.0010655382849897998
test_14922,4.587121311472065e-06
test_14923,3.091811643997117e-06
test_14924,0.9999786392627822
test_14925,0.9999933202684187
test_14926,9.172387435085184e-05
test_14927,0.00012095984422339992
test_14928,0.999997788136632
test_14929,6.409246234823765e-06
test_14930,0.018523220541649
test_14931,0.9999800771667147
test_14932,0.0019697368283514995
test_14933,8.35156289422436e-05
test_14934,6.314392156695278e-05
test_14935,6.084827892570776e-06
test_14936,0.903574507018708
test_14937,0.9989588917678072
test_14938,0.005079671818658999
test_14939,4.038967353791618e-06
test_14940,0.007952237909284099
test_14941,0.9999905512071057
test_14942,0.9998245316705449
test_14943,0.00018954902807080017
test_14944,0.9473092763818344
test_14945,0.00019081966786899996
test_14946,2.202152945624527e-05
test_14947,0.9997930354089737
test_14948,0.9999380753218876
test_14949,0.8062528002090039
test_14950,0.9999407974278064
test_14951,0.0019539017249944994
test_14952,0.00022139849323019997
test_14953,0.999999
test_14954,1.4957884082060747e-06
test_14955,1.3116142280427182e-05
test_14956,9.018843688491381e-05
test_14957,0.7973645125915089
test_14958,1.0000000000000008e-06
test_14959,1.8937848810838672e-05
test_14960,0.9977322052942673
test_14961,0.9994975653818963
test_14962,0.9973671117003748
test_14963,0.9700945991381386
test_14964,5.0517564745552024e-05
test_14965,0.9999945478621532
test_14966,0.9999965943971793
test_14967,0.0002979725796156999
test_14968,1.2185205360778053e-06
test_14969,9.936683327029974e-05
test_14970,5.588416470511984e-06
test_14971,1.9036418944937048e-06
test_14972,0.9964131154398616
test_14973,0.0023277825468136005
test_14974,0.9999954416042408
test_14975,0.9999835441635264
test_14976,0.0001088509450669
test_14977,1.0000000000000008e-06
test_14978,0.0093389497356256
test_14979,4.144515162452643e-06
test_14980,0.9999985107954077
test_14981,0.6066697526296801
test_14982,0.9563559160427185
test_14983,0.9999945907126173
test_14984,1.3254849894088627e-05
test_14985,0.09592744946193742
test_14986,0.9993303824476827
test_14987,3.847253387651865e-06
test_14988,6.459753557988889e-05
test_14989,0.999992228610849
test_14990,3.5568325432743866e-05
test_14991,0.9999934397096467
test_14992,0.9988460138781987
test_14993,0.9999901171318648
test_14994,0.989711336841725
test_14995,0.023058886488573405
test_14996,0.9999739739355893
test_14997,4.451235054642367e-06
test_14998,0.9999977717782348
test_14999,0.9665841725613518
test_15000,0.9999807355901988
test_15001,0.9999520701226213
test_15002,1.5176294358810506e-05
test_15003,2.3920524835599045e-06
test_15004,0.005638261873176399
test_15005,7.21144036037162e-05
test_15006,5.89984690527937e-05
test_15007,0.008818523108107901
test_15008,0.9999862500448662
test_15009,0.0001306310267020999
test_15010,0.00010040286860649991
test_15011,5.0181204367529084e-05
test_15012,5.55340614724757e-06
test_15013,0.999979507696925
test_15014,0.9933970156873153
test_15015,0.9950651146459514
test_15016,2.3797082414850514e-05
test_15017,0.006780978709560199
test_15018,0.9999945833449544
test_15019,0.0364348051157036
test_15020,0.9999952712448019
test_15021,0.0007424410004724002
test_15022,1.407923707057455e-06
test_15023,0.9997953810469625
test_15024,0.9997726008769098
test_15025,0.0001466538308786
test_15026,0.00021545289413160004
test_15027,3.5463745721993464e-06
test_15028,0.00011874647686040008
test_15029,0.999986645431028
test_15030,0.0008479202434694003
test_15031,5.628817663783651e-06
test_15032,1.1999221581577935e-05
test_15033,1.4842948199822744e-05
test_15034,0.9999841085894089
test_15035,0.9963486820295028
test_15036,0.0001865229535484999
test_15037,0.00015932489984149992
test_15038,0.9999120214921132
test_15039,0.00011188917876519993
test_15040,0.9922597543933225
test_15041,0.0001874314139539001
test_15042,0.9999902074358298
test_15043,1.009636158884744e-05
test_15044,0.9769710700553578
test_15045,8.936499105556032e-05
test_15046,2.1752214681610988e-06
test_15047,0.9999684465254394
test_15048,0.9999987549227388
test_15049,0.9999971056004318
test_15050,0.9999978724702767
test_15051,0.999998203012312
test_15052,0.9711023002563332
test_15053,1.363590679023214e-06
test_15054,7.074255228510676e-06
test_15055,1.0000000000000008e-06
test_15056,0.9999629092516071
test_15057,0.9975697002778496
test_15058,0.940957126418791
test_15059,0.9999900385974066
test_15060,0.025579390266147993
test_15061,0.9999814128231636
test_15062,0.9997596321129357
test_15063,0.9999417669269272
test_15064,0.012071281936455399
test_15065,0.9992597371295634
test_15066,0.0002981088694789999
test_15067,0.8575449606578496
test_15068,0.5326303806888353
test_15069,0.0001512744364727999
test_15070,0.9996872481096448
test_15071,0.0014275955445187001
test_15072,0.999524431969582
test_15073,7.041817175164954e-05
test_15074,6.046385265857506e-06
test_15075,1.159044558014929e-05
test_15076,0.9992901755290776
test_15077,0.9971812924427496
test_15078,0.0027086770972280993
test_15079,0.0161891497867299
test_15080,0.0002892568616875999
test_15081,0.9911000031807797
test_15082,0.9999699123429021
test_15083,0.9999950064457489
test_15084,0.9997991140144618
test_15085,0.9999864089963241
test_15086,0.0007677138525129002
test_15087,0.9993642421171779
test_15088,0.9882168149419358
test_15089,1.7249888038290785e-06
test_15090,0.0002851400400735002
test_15091,0.9999790322773802
test_15092,0.9999831031028091
test_15093,0.0217380477757206
test_15094,0.99926266927532
test_15095,4.428924307335621e-05
test_15096,7.126019944170678e-05
test_15097,0.9999985535377635
test_15098,0.00011996804509340002
test_15099,0.9999863857550668
test_15100,0.9981516578231551
test_15101,1.2959808000295597e-05
test_15102,0.9999937260848817
test_15103,0.0030501728530269996
test_15104,0.9998112144009565
test_15105,0.9981895530448209
test_15106,0.9997215893383965
test_15107,0.0004660506749764999
test_15108,7.96178180640251e-06
test_15109,0.8410305791864193
test_15110,0.9999843828963408
test_15111,0.9999202739015354
test_15112,0.9999956980275256
test_15113,0.9054742491968296
test_15114,0.9999416074339506
test_15115,0.999990052651566
test_15116,0.9999975542313139
test_15117,0.9661651464139742
test_15118,0.6100151184429566
test_15119,2.8065027624184023e-06
test_15120,0.0009078850531415
test_15121,1.3299076780469105e-06
test_15122,0.03344070791695014
test_15123,0.0885845043566468
test_15124,7.207874955245704e-06
test_15125,0.05866210075010655
test_15126,0.0007570390793252003
test_15127,0.9976501031754333
test_15128,0.0015607626734497997
test_15129,1.1317942375972479e-05
test_15130,1.0691236423376946e-05
test_15131,0.2977137709743029
test_15132,0.08229019939475729
test_15133,0.9999881213128825
test_15134,0.9999903198359826
test_15135,0.9999553787220623
test_15136,0.9999553352231855
test_15137,0.5165191666745675
test_15138,0.999995416505002
test_15139,0.00019733241541740006
test_15140,3.497387806272119e-05
test_15141,0.9999373143934165
test_15142,0.9999919304102467
test_15143,0.005906915878940799
test_15144,6.4320021438006285e-06
test_15145,0.9999915302728739
test_15146,0.9999782213134496
test_15147,0.00021117605083219982
test_15148,0.006133999189116301
test_15149,0.015783999966489503
test_15150,0.816155705596291
test_15151,0.9999487162963224
test_15152,7.916956897177231e-05
test_15153,3.568452294642771e-05
test_15154,0.9999855944672708
test_15155,0.0012709152945897
test_15156,0.006208910046074498
test_15157,0.9990077980225086
test_15158,2.3122152184260805e-05
test_15159,2.0184180635189808e-05
test_15160,0.9997120988679141
test_15161,0.9998901057444852
test_15162,0.9991588287635992
test_15163,7.688033417394437e-05
test_15164,0.9999846586073873
test_15165,1.7616310516407663e-05
test_15166,1.260872289406912e-05
test_15167,0.7158545111704996
test_15168,0.0006626568569499001
test_15169,0.00010042514146130002
test_15170,0.07003697229356401
test_15171,0.9997750946116954
test_15172,1.0583516402201828e-05
test_15173,1.7793987986591963e-05
test_15174,0.0012945025252670995
test_15175,0.9999688806298295
test_15176,0.999916571710617
test_15177,0.0013087966713270004
test_15178,3.122444531459654e-05
test_15179,0.0046383030205032
test_15180,0.999990825054051
test_15181,1.5768428864631334e-05
test_15182,0.9488270091620812
test_15183,0.00012857352161120002
test_15184,0.9998578849558777
test_15185,0.9999742531254814
test_15186,0.99836246077408
test_15187,0.0389636422723658
test_15188,0.9999902757622772
test_15189,0.9987743736620841
test_15190,4.509807006232366e-06
test_15191,1.9716393777835587e-05
test_15192,0.0005901726844273002
test_15193,0.0036339828644009996
test_15194,0.00015713431973630014
test_15195,1.3694295542195966e-05
test_15196,0.00045492639115979995
test_15197,0.9999718633530996
test_15198,4.417099080077775e-06
test_15199,0.00013843123482040005
test_15200,1.9781824371824853e-06
test_15201,0.9913928511762503
test_15202,0.999994853650398
test_15203,3.869251632458452e-06
test_15204,0.998370759533476
test_15205,0.9996772973275077
test_15206,0.9999304933473093
test_15207,0.9994871218838955
test_15208,2.125515318658681e-05
test_15209,1.6913995342033138e-05
test_15210,0.0006208053666483003
test_15211,0.010566791530275404
test_15212,4.3399593212491625e-06
test_15213,0.999989784522855
test_15214,0.9998605825984519
test_15215,0.9999679788886189
test_15216,0.9977132165249417
test_15217,0.07309333206753989
test_15218,0.9999961540528094
test_15219,0.9999716479686743
test_15220,0.002034135229272099
test_15221,8.8493016124192e-06
test_15222,0.9999740078475994
test_15223,0.08578246947196386
test_15224,8.657739065887078e-05
test_15225,0.0002697321218107002
test_15226,0.6827136845800765
test_15227,1.0560212318028963e-05
test_15228,0.9999901079174808
test_15229,1.472178083511694e-05
test_15230,0.9996763550618765
test_15231,0.9999987535924134
test_15232,0.0011555582969425995
test_15233,0.012472191476730798
test_15234,0.5909267846206239
test_15235,5.792507791753464e-06
test_15236,0.9990828508351535
test_15237,0.00013878488127450008
test_15238,0.9999142657818155
test_15239,0.0006159394497119
test_15240,0.9999966765611955
test_15241,0.4361427253859038
test_15242,2.679287867278851e-05
test_15243,0.0006874805144281003
test_15244,1.7676752277344962e-05
test_15245,0.999996997908676
test_15246,0.00030217362115759995
test_15247,0.9999912957590826
test_15248,0.9400696851457766
test_15249,0.48730938208989405
test_15250,0.9989152487539114
test_15251,0.999993774168839
test_15252,0.9997813029849753
test_15253,0.9998375161659824
test_15254,1.7150359318495356e-06
test_15255,4.147104835133628e-06
test_15256,1.1799517373922992e-05
test_15257,0.9910877657539205
test_15258,7.01020298163914e-06
test_15259,0.009087680287801696
test_15260,0.9998599617086655
test_15261,0.9795098423134838
test_15262,0.9907537969067418
test_15263,0.9999950894174788
test_15264,2.1138881035989647e-05
test_15265,0.007089752372712198
test_15266,0.9999745431211575
test_15267,0.0003945098880351999
test_15268,1.4223057808633762e-05
test_15269,0.9998491571658487
test_15270,0.999816889686708
test_15271,0.0020828961182098
test_15272,0.9998358944010218
test_15273,0.9736421311605692
test_15274,0.0007746572594052
test_15275,2.3890987749931638e-05
test_15276,0.0921331885830269
test_15277,0.0006320346784039
test_15278,0.999999
test_15279,0.9999532326822906
test_15280,0.999868119328412
test_15281,2.218925531614325e-05
test_15282,0.9999955385615249
test_15283,0.9999895753827408
test_15284,0.4588193499462852
test_15285,0.004735747481399301
test_15286,0.8444566876922731
test_15287,0.9413594650353921
test_15288,4.346144985202074e-06
test_15289,0.0002052769137387999
test_15290,0.9651886919239114
test_15291,0.0007577027476945996
test_15292,0.0014991352733657007
test_15293,8.919061688690508e-05
test_15294,0.9998009871209678
test_15295,0.9264583546346018
test_15296,0.9996878726997559
test_15297,0.999993484153205
test_15298,1.1572173193013406e-06
test_15299,0.0027495471634054005
test_15300,1.7503707956328378e-06
test_15301,2.7785378884771556e-06
test_15302,6.066886669509715e-06
test_15303,0.8842707207962843
test_15304,0.997525545914916
test_15305,0.9997555791421568
test_15306,0.999951611000837
test_15307,0.9996635196330423
test_15308,0.0013749076100701
test_15309,0.9999964832925602
test_15310,0.0587087755137652
test_15311,1.359857101979607e-05
test_15312,1.3379253412468878e-05
test_15313,4.710795097236374e-05
test_15314,0.0259262686849577
test_15315,0.9953747558757357
test_15316,0.9936004591084447
test_15317,0.0011153912805755995
test_15318,1.190307453123972e-05
test_15319,0.0014453245866106004
test_15320,0.00041989215987490015
test_15321,0.9999611482341665
test_15322,0.0370104866544144
test_15323,0.9998324215143366
test_15324,0.9969724326918354
test_15325,0.999999
test_15326,0.996557139245176
test_15327,0.830861510626085
test_15328,0.0014651265263129997
test_15329,0.9996321924573244
test_15330,0.007990220236546396
test_15331,0.9999988643127239
test_15332,0.9998076233457904
test_15333,1.7887688299758296e-06
test_15334,0.9288011186279765
test_15335,0.0014325326693444007
test_15336,0.9998254868983244
test_15337,0.9999961629564068
test_15338,0.00017573449810329996
test_15339,0.1495507003324598
test_15340,0.9986085917215693
test_15341,0.999906262968506
test_15342,3.554383415198859e-05
test_15343,1.257758110392415e-06
test_15344,0.9999938088823841
test_15345,0.9999214639774446
test_15346,0.0004636979348505002
test_15347,0.9993419706354641
test_15348,9.08145229879172e-06
test_15349,0.9999756253707069
test_15350,6.491322872124548e-05
test_15351,9.637203560659274e-05
test_15352,7.725323267957094e-05
test_15353,0.9941065713126646
test_15354,0.9972361732840959
test_15355,0.9943002927371666
test_15356,3.545458761596423e-05
test_15357,6.519835927712978e-06
test_15358,0.017032126707906894
test_15359,0.9999913969176268
test_15360,0.9999975015839304
test_15361,0.9996335093930362
test_15362,0.0002824760663630999
test_15363,0.08577511662331341
test_15364,0.9998669630440291
test_15365,0.00036800491195130013
test_15366,0.021657843159129803
test_15367,0.9999870303128418
test_15368,0.9997386326529647
test_15369,0.9999528720790308
test_15370,0.0025243406652332005
test_15371,0.009602193727837003
test_15372,4.910187839594411e-06
test_15373,0.0161492372500128
test_15374,0.9971074736483208
test_15375,0.0005436054886922999
test_15376,0.9999724165025426
test_15377,0.9999893423515833
test_15378,0.9993278880609572
test_15379,0.9999843787956094
test_15380,0.9999517491974792
test_15381,0.9999861170071519
test_15382,4.0021938503022335e-05
test_15383,1.220344772904311e-05
test_15384,0.00011870493331020002
test_15385,0.009479724055186104
test_15386,0.999037470274204
test_15387,0.9999980435596513
test_15388,0.9999863241693444
test_15389,0.998950188169647
test_15390,8.47244400944672e-06
test_15391,0.9999521455545616
test_15392,0.030050818098217903
test_15393,0.9937870134303707
test_15394,0.0013647572104601995
test_15395,0.9999987201978374
test_15396,0.00011244082778990008
test_15397,0.9999917802519356
test_15398,0.9999957790425863
test_15399,0.012502407474872695
test_15400,0.9980909210877212
test_15401,0.12113684097936628
test_15402,0.9684122162980753
test_15403,0.006033361526969699
test_15404,0.011478378950306498
test_15405,0.9999797722421542
test_15406,0.12492108699092819
test_15407,0.9999960752150073
test_15408,0.7638390430625435
test_15409,0.9993748168874732
test_15410,0.9507855399492506
test_15411,0.993329593554353
test_15412,0.9999813727221485
test_15413,0.9999959274363066
test_15414,0.9999951869890643
test_15415,0.9817332378734487
test_15416,7.132650306702861e-05
test_15417,0.991933172234049
test_15418,0.9999909609794768
test_15419,0.9995434498586845
test_15420,0.9999302507307981
test_15421,0.9993976687679595
test_15422,0.0022649890546543004
test_15423,0.0005416426084031
test_15424,0.9999904608528901
test_15425,0.9999937297410065
test_15426,0.9975992180007793
test_15427,0.9999820876735025
test_15428,0.9999945163095325
test_15429,0.8496569249603096
test_15430,0.9999771983432584
test_15431,0.999999
test_15432,9.179484916262583e-06
test_15433,4.4570042397235084e-05
test_15434,0.9998880732323248
test_15435,0.9999424392489497
test_15436,7.4208565922141e-06
test_15437,0.9999368004884451
test_15438,0.0012707751356595
test_15439,0.9999831843768728
test_15440,3.3303550534142304e-05
test_15441,0.9878099727355801
test_15442,4.877545494315248e-05
test_15443,0.0008402330717688001
test_15444,4.260930609484071e-06
test_15445,0.9999631239359663
test_15446,0.9999810259540604
test_15447,0.00026897463668929997
test_15448,0.9982497622097458
test_15449,0.00027947250596859993
test_15450,0.9997326501645161
test_15451,1.8640720185379722e-06
test_15452,0.9997068874277655
test_15453,0.9994891866861768
test_15454,0.0024902974914954006
test_15455,0.999999
test_15456,0.9984894289204876
test_15457,0.0020332520984168005
test_15458,0.0013860675612818996
test_15459,0.0021500269527479996
test_15460,0.9908341463837013
test_15461,0.9961175674100227
test_15462,0.9952282048109138
test_15463,2.2124232918826063e-06
test_15464,5.619078503573072e-06
test_15465,0.9999944160994465
test_15466,0.9999798019791906
test_15467,0.917560632062319
test_15468,0.9996291492492568
test_15469,0.0017683489058581004
test_15470,0.9873363503045312
test_15471,0.003210329346517598
test_15472,4.677237817039805e-06
test_15473,0.0100534251843061
test_15474,1.3325264568683688e-05
test_15475,0.05498749614048029
test_15476,0.0005427125803882999
test_15477,0.9998690351539465
test_15478,0.999999
test_15479,0.9999575193803789
test_15480,0.12764968408307034
test_15481,0.999999
test_15482,0.1309244400767934
test_15483,0.999908477764461
test_15484,0.0021832607271569
test_15485,0.9984398109728551
test_15486,0.06358246849491413
test_15487,7.68673124246469e-06
test_15488,0.00037237835864720024
test_15489,4.5625831055762985e-06
test_15490,9.739339608972801e-05
test_15491,5.419392439347814e-06
test_15492,0.9999981241381336
test_15493,3.102146464029482e-05
test_15494,0.9998935913603061
test_15495,0.0023224172846271003
test_15496,7.994372216559743e-05
test_15497,0.9981843157932142
test_15498,0.9999109620935492
test_15499,0.9999247468271005
test_15500,1.7764552432604277e-06
test_15501,0.999960506883137
test_15502,0.9999974149502316
test_15503,0.9999987530722908
test_15504,0.9999932553760273
test_15505,0.9999784391960679
test_15506,0.9996093849366158
test_15507,6.600343191745426e-05
test_15508,0.9999342628449028
test_15509,6.32239239923309e-05
test_15510,0.0003961468841804001
test_15511,0.9999952235550226
test_15512,3.761639089768468e-05
test_15513,0.9765874879639134
test_15514,0.9999664748160101
test_15515,0.9999862080592357
test_15516,0.9998114471641019
test_15517,0.0006969824218385001
test_15518,8.708524052780353e-06
test_15519,0.9999979657065085
test_15520,1.5974734713503388e-05
test_15521,0.9998667759170743
test_15522,0.9996998074342127
test_15523,3.801874160670404e-06
test_15524,4.860928323387696e-05
test_15525,7.821990263681243e-06
test_15526,0.9999870115099843
test_15527,0.9999944375728633
test_15528,0.0009750326504332001
test_15529,7.760269950932982e-05
test_15530,0.9992099826506308
test_15531,0.0006388517621632
test_15532,0.0003245920834148
test_15533,7.08239838118334e-05
test_15534,8.118400467448363e-06
test_15535,1.0000000000000008e-06
test_15536,0.00013167685706789995
test_15537,0.9999321224245576
test_15538,0.906167486838659
test_15539,3.8431221605471426e-05
test_15540,3.107978353370873e-06
test_15541,0.99999620986524
test_15542,0.00022544696699489998
test_15543,0.0504329397315859
test_15544,0.9967799533601666
test_15545,0.8684702629047911
test_15546,7.164960668784532e-05
test_15547,1.3942569413266675e-06
test_15548,2.926369438314157e-06
test_15549,0.00012466369154909998
test_15550,0.9990966595077464
test_15551,2.4349775623594313e-06
test_15552,1.7101580174008226e-05
test_15553,0.9999796139069336
test_15554,0.0008683792702641002
test_15555,0.9997412672011501
test_15556,0.9967504380028777
test_15557,1.0000000000000008e-06
test_15558,7.541156155021968e-05
test_15559,0.047825709507409185
test_15560,0.9996830630399993
test_15561,0.9527084395594597
test_15562,0.9998418549741457
test_15563,0.9999924267049343
test_15564,0.0001796439251373999
test_15565,7.05943935243407e-05
test_15566,0.9999868088336755
test_15567,9.942003424845349e-06
test_15568,0.9999474763770385
test_15569,7.562052119928217e-06
test_15570,0.9999885638509641
test_15571,0.5310520360778449
test_15572,3.624170410042138e-05
test_15573,0.9991866842458221
test_15574,0.9999003084211395
test_15575,7.329199473178087e-06
test_15576,0.9999905970498854
test_15577,0.9988239002983447
test_15578,0.9999821974384578
test_15579,0.994838210077117
test_15580,0.9999987591169287
test_15581,3.81743272593178e-06
test_15582,0.9991730333742046
test_15583,6.289914158217403e-06
test_15584,0.0021960509720973
test_15585,0.9999954222039977
test_15586,0.9999792083916494
test_15587,0.005984205567732998
test_15588,0.8947779155551286
test_15589,0.9999271418207967
test_15590,1.1525659837728739e-06
test_15591,9.018936281464238e-06
test_15592,0.999788101763281
test_15593,0.9999954356578669
test_15594,0.9918030399179949
test_15595,0.0007638109254362999
test_15596,0.9999796772609105
test_15597,0.9997354616050269
test_15598,0.38653304180251735
test_15599,1.3836637695908809e-05
test_15600,0.0009435417415358003
test_15601,0.999998458588257
test_15602,2.2019666648917305e-06
test_15603,0.0019065794827477
test_15604,0.013217148280785506
test_15605,0.0006098878506535
test_15606,0.6983829537644788
test_15607,0.9989204632574138
test_15608,0.001055288424576
test_15609,0.9999926488338596
test_15610,0.9435332888135458
test_15611,0.9868675826735206
test_15612,0.999989531628851
test_15613,0.9999140460101836
test_15614,0.07946292264844332
test_15615,0.00022881641731529987
test_15616,1.1525329818098751e-05
test_15617,0.9984139103240004
test_15618,2.532214142520039e-05
test_15619,0.9999890918041153
test_15620,5.0502491046231473e-05
test_15621,0.9999889319483946
test_15622,3.759752714669476e-06
test_15623,0.0022017318641681
test_15624,2.9039182067780998e-05
test_15625,0.0010633152645706002
test_15626,0.9999277947128281
test_15627,0.9999983522521719
test_15628,9.136408291808413e-05
test_15629,5.5137027833747205e-06
test_15630,9.300076748983244e-06
test_15631,0.9996807874991998
test_15632,0.922532898870894
test_15633,0.9994819539559736
test_15634,1.0000000000000008e-06
test_15635,4.849856652826002e-06
test_15636,0.9998835301057984
test_15637,0.9999969613444817
test_15638,0.9999935055696864
test_15639,0.001987283775671899
test_15640,0.9992271431284636
test_15641,0.9990758951992409
test_15642,0.9962962905391928
test_15643,0.999675154251224
test_15644,0.00013964295174309998
test_15645,0.9999824474149888
test_15646,0.9999967398365318
test_15647,1.8754533801605426e-06
test_15648,0.15246048588799005
test_15649,0.003336103707954601
test_15650,0.9999892214026519
test_15651,1.1107941641071985e-05
test_15652,0.9999855295742563
test_15653,5.852646355219503e-06
test_15654,0.9999980341972127
test_15655,0.4399638828992451
test_15656,0.9999366279159396
test_15657,0.06907986153409647
test_15658,0.9999849522466765
test_15659,0.00018579053158960005
test_15660,0.0025051162596919003
test_15661,9.227805400902898e-06
test_15662,0.00024122055567289986
test_15663,0.999980543930954
test_15664,1.0000000000000008e-06
test_15665,0.9999635207752959
test_15666,0.999999
test_15667,6.3455424900413405e-06
test_15668,0.9999981432630642
test_15669,0.9998905767172137
test_15670,0.012576562114134
test_15671,0.99711796037928
test_15672,0.9999987575526763
test_15673,0.00010667204440300005
test_15674,0.10338248482821251
test_15675,0.99987964855377
test_15676,1.5218058676647953e-05
test_15677,5.8703311210934405e-06
test_15678,0.9999539563239533
test_15679,0.9999788568802378
test_15680,0.9999366296919856
test_15681,0.013023001280544502
test_15682,0.0007490225289713999
test_15683,0.0056450790086312016
test_15684,0.9999421303678906
test_15685,1.4301626942540968e-06
test_15686,0.999464201162756
test_15687,0.9998484765867913
test_15688,0.9993304362491144
test_15689,0.0035640310234169004
test_15690,0.0005353390287942
test_15691,1.0000000000000008e-06
test_15692,1.8979531152629092e-06
test_15693,0.9999021212452645
test_15694,0.0005274806276149998
test_15695,5.69249638612538e-05
test_15696,0.9999658249622373
test_15697,0.999518831296983
test_15698,2.378905885254309e-06
test_15699,0.9999936382838764
test_15700,1.0000000000000008e-06
test_15701,0.9992528147153088
test_15702,0.9996562803191349
test_15703,0.995113864503629
test_15704,9.117295509042516e-06
test_15705,0.00017705190199139987
test_15706,0.9999949527361731
test_15707,0.9999986283228802
test_15708,0.015681290087489405
test_15709,0.9999963720989922
test_15710,0.9999980905742042
test_15711,0.9999822476205067
test_15712,6.830578825785906e-06
test_15713,0.9960187827077719
test_15714,0.002850921176010899
test_15715,0.9999536295673371
test_15716,0.0238369731192622
test_15717,0.014778566401875696
test_15718,0.9999424993528835
test_15719,0.00017453103836629998
test_15720,0.9992956028581422
test_15721,0.99997956904296
test_15722,0.999995781990339
test_15723,0.9999783397469566
test_15724,0.9999816010721607
test_15725,0.9764588649011302
test_15726,0.9995472474553462
test_15727,0.0015570731174440002
test_15728,0.00038722632449010005
test_15729,4.387397847667766e-05
test_15730,0.001967026046121999
test_15731,8.237998192969557e-05
test_15732,0.9994594949088591
test_15733,0.9994501118132547
test_15734,1.5603787562742764e-06
test_15735,0.015969818044052304
test_15736,8.347548636393736e-06
test_15737,0.9999835922241156
test_15738,8.2515360885115e-05
test_15739,0.9914115849709382
test_15740,3.337864734883321e-06
test_15741,0.9999789012237718
test_15742,0.9999604154058879
test_15743,0.999997839374057
test_15744,0.0243529001148982
test_15745,0.9979885163011206
test_15746,0.9999986021498344
test_15747,0.9999962260697108
test_15748,0.00016551404668140005
test_15749,0.999874564620883
test_15750,0.9870776378551391
test_15751,0.9999835043356213
test_15752,0.8938284778761854
test_15753,0.9996554027861423
test_15754,3.6233420862203904e-06
test_15755,0.9999966249567768
test_15756,2.546551758049477e-05
test_15757,0.999999
test_15758,0.7365135857985982
test_15759,0.0004734648332291
test_15760,0.9997456218396893
test_15761,0.9922681880277462
test_15762,0.8116291284985344
test_15763,0.006984552103138765
test_15764,0.9997783743925106
test_15765,0.999498181464351
test_15766,0.0008238685110865003
test_15767,0.9999871662343726
test_15768,0.0020861736490267995
test_15769,2.8990250300658443e-05
test_15770,0.9999819128539187
test_15771,7.358469989003623e-05
test_15772,0.9785282342492343
test_15773,0.00024285395042650005
test_15774,0.999878041138277
test_15775,0.9999980673104606
test_15776,1.0000000000000008e-06
test_15777,1.5449034286521238e-05
test_15778,2.0929948318175827e-05
test_15779,7.79266179807446e-06
test_15780,0.00012629492235639996
test_15781,0.0023613363789675994
test_15782,0.9840128329156574
test_15783,0.9999866494698105
test_15784,0.0076836806561951
test_15785,0.02929378415374541
test_15786,0.9999058213867034
test_15787,0.0007885248145260003
test_15788,0.00025264956524389984
test_15789,2.1898385909754794e-05
test_15790,0.9993702684693746
test_15791,0.1461552889666316
test_15792,0.9999812787574588
test_15793,0.9297324315338595
test_15794,0.9999542884893834
test_15795,0.0001576510591343
test_15796,0.0004650046327479002
test_15797,0.0002858861304194002
test_15798,0.00017114720261600003
test_15799,9.03095346655735e-05
test_15800,0.9797923976802123
test_15801,0.9998645680937237
test_15802,0.009399426000382701
test_15803,0.0002457001168452999
test_15804,1.3961055922854997e-06
test_15805,0.9997288886038483
test_15806,1.0441545212574598e-05
test_15807,0.999995332958103
test_15808,0.9978293357604383
test_15809,0.9888183601441158
test_15810,2.6522152252887535e-05
test_15811,0.9992804826859452
test_15812,0.00023181750225149985
test_15813,0.9984903452791054
test_15814,0.08088408556174187
test_15815,1.1079994556506422e-05
test_15816,0.9997804101592336
test_15817,8.80517483081321e-05
test_15818,0.028949038762269202
test_15819,0.9999743695989392
test_15820,5.33226690711069e-06
test_15821,0.9999933780544565
test_15822,0.9890124843711777
test_15823,9.683102941850569e-06
test_15824,0.7147134702016978
test_15825,0.00025392937701730004
test_15826,1.3328498459378753e-05
test_15827,0.999894113022125
test_15828,0.9993230155345291
test_15829,0.9993622268473398
test_15830,2.7072776481162758e-05
test_15831,6.899618659964792e-06
test_15832,0.999999
test_15833,0.9942792124520498
test_15834,0.009974171243312303
test_15835,0.00011021139908160002
test_15836,0.9999981697032088
test_15837,0.9998834927068608
test_15838,1.0197592364227408e-05
test_15839,0.9999899169218519
test_15840,0.9999289014551119
test_15841,4.5706705728886025e-06
test_15842,0.9999921407120044
test_15843,0.03273223120486769
test_15844,0.012660045045689695
test_15845,0.9997014689234499
test_15846,0.12161188154065905
test_15847,2.3867815263997532e-06
test_15848,0.005868486513633401
test_15849,0.9935668787035277
test_15850,6.0118084038442725e-05
test_15851,0.9423622982199302
test_15852,1.6118037171110649e-06
test_15853,0.999935099517594
test_15854,0.9999385626194299
test_15855,0.9995446625187736
test_15856,0.9828821385956129
test_15857,3.563371173769753e-06
test_15858,0.9904433428109853
test_15859,0.9999884802379803
test_15860,1.0000000000000008e-06
test_15861,0.9999014428182366
test_15862,0.00017470842223970005
test_15863,0.9996757423630399
test_15864,0.9999691713931084
test_15865,0.999998471097686
test_15866,0.9999907938634938
test_15867,0.9999985537013684
test_15868,0.9993136277347986
test_15869,0.0002567212226833999
test_15870,0.00012376602078760003
test_15871,0.991506457254569
test_15872,8.306470941035636e-05
test_15873,0.00019495840351119986
test_15874,0.0008474757436382003
test_15875,3.0481168805255454e-05
test_15876,0.0029402113562122
test_15877,2.2193564569584055e-05
test_15878,0.9994364192885259
test_15879,0.14479820953864014
test_15880,0.017099647572036403
test_15881,8.57331273297745e-06
test_15882,0.9919020541629666
test_15883,0.00027080713555280024
test_15884,0.9999961278202423
test_15885,0.9999852914098033
test_15886,0.0002954844145672002
test_15887,0.9999562504882873
test_15888,0.8906711350837891
test_15889,0.6650491381716627
test_15890,0.8226342541206463
test_15891,0.717610955850596
test_15892,0.9999344016958345
test_15893,2.100786372408733e-05
test_15894,1.0000000000000008e-06
test_15895,0.9999492943874231
test_15896,0.9993379048825815
test_15897,0.9934314713715855
test_15898,0.9949782206459691
test_15899,0.0002061742367745001
test_15900,0.9999775218364007
test_15901,0.9992002450996744
test_15902,0.0007064771505715998
test_15903,0.8001791955362757
test_15904,4.842236545635589e-06
test_15905,0.9996577519086854
test_15906,5.086992967379186e-06
test_15907,0.9999605750260642
test_15908,1.0160659204191602e-05
test_15909,0.9999791635922519
test_15910,0.9993593424551532
test_15911,0.00035593171144680005
test_15912,0.9965938801316443
test_15913,0.999936989333585
test_15914,0.9999818481750006
test_15915,1.8813366167107212e-05
test_15916,0.00021813561324690004
test_15917,0.0003880733321586001
test_15918,3.977954727649397e-05
test_15919,0.9999613746086938
test_15920,0.9996011190090812
test_15921,0.999909580936776
test_15922,0.0034475767525303015
test_15923,0.9999903044684181
test_15924,0.0003834683634908
test_15925,0.5670752298999839
test_15926,0.9999460951901581
test_15927,0.9999980093461532
test_15928,0.9864827807901255
test_15929,0.9999939923584902
test_15930,0.0012945171539929996
test_15931,0.0003154413746043001
test_15932,0.9997986902367652
test_15933,0.9999738227430122
test_15934,0.00024824894087540017
test_15935,0.9999975913031915
test_15936,0.10818573216556371
test_15937,0.9986614113267013
test_15938,0.9999731013912648
test_15939,0.9927681097545159
test_15940,0.9949946795671294
test_15941,0.9999820935434888
test_15942,1.5870203529728882e-06
test_15943,0.9999803005739375
test_15944,0.00016557692839559983
test_15945,0.999809227304317
test_15946,0.021479545789624903
test_15947,0.00010985518912979991
test_15948,0.9999490636936174
test_15949,0.9999930391819122
test_15950,9.195347989884719e-05
test_15951,9.547321478424097e-06
test_15952,0.9953910505644238
test_15953,0.019023041884399402
test_15954,0.9996796414205784
test_15955,4.7559233380364584e-05
test_15956,0.0021722963542868
test_15957,0.0005980943240118002
test_15958,0.9978876868717974
test_15959,0.9999283279126147
test_15960,0.14312273878779708
test_15961,0.9990054677276402
test_15962,0.9999716634948891
test_15963,0.0313247225924362
test_15964,0.9998511063365081
test_15965,0.0002119784361616999
test_15966,0.9999098259793292
test_15967,0.0002453742601653002
test_15968,0.0008647183847812
test_15969,0.003199982910069299
test_15970,0.9902177868520113
test_15971,3.960946985905541e-06
test_15972,0.00016571614171659993
test_15973,0.0006901606082317001
test_15974,0.0523866126610302
test_15975,0.0118418919237945
test_15976,0.28898953397433336
test_15977,0.873583361521336
test_15978,0.917783923671528
test_15979,0.8915137343453508
test_15980,0.0031502167000319993
test_15981,0.9999965404405936
test_15982,1.6234413735103884e-06
test_15983,0.9999966488374261
test_15984,0.9995845518364614
test_15985,1.0000000000000008e-06
test_15986,7.161409428392336e-05
test_15987,6.9687954021101746e-06
test_15988,0.9997740069767128
test_15989,0.00010119585477429995
test_15990,0.9997790947142298
test_15991,0.9997225531573478
test_15992,1.5590279742277745e-05
test_15993,0.9981180509139588
test_15994,1.0878921679728045e-06
test_15995,0.8815917450913755
test_15996,0.05304576175667
test_15997,5.612896048323113e-05
test_15998,7.069840927170167e-05
test_15999,0.9926203401948708
test_16000,5.3909150333995574e-06
test_16001,0.07090658176936558
test_16002,2.0078608510118846e-06
test_16003,0.9809012878165086
test_16004,1.0759792658052597e-05
test_16005,5.6839086264293705e-05
test_16006,0.1170822745049955
test_16007,0.9381443294519307
test_16008,0.02779681571692419
test_16009,7.399210296688265e-06
test_16010,0.993421731021058
test_16011,0.0004051849101595
test_16012,1.6524362674917964e-06
test_16013,0.9999975700397358
test_16014,3.710273963895506e-05
test_16015,0.00014274336364660014
test_16016,0.09427287460245791
test_16017,0.0008300864673962997
test_16018,0.9999854286624515
test_16019,8.911677161867952e-06
test_16020,0.9999942196814512
test_16021,0.999999
test_16022,0.9999572990731443
test_16023,0.0001284859146306999
test_16024,1.9352666950018366e-05
test_16025,0.010860453858555002
test_16026,0.9998426592648602
test_16027,0.9999883057912378
test_16028,4.5397500298345015e-05
test_16029,8.172110530011437e-06
test_16030,0.0006919302201030003
test_16031,0.05520554312124629
test_16032,0.9998669237749586
test_16033,1.0000000000000008e-06
test_16034,0.999999
test_16035,9.230795327595925e-05
test_16036,1.0000000000000008e-06
test_16037,4.1784980048800684e-05
test_16038,0.0001700155561490001
test_16039,0.04632875328647291
test_16040,1.1760305750123545e-06
test_16041,0.999995396037973
test_16042,0.99985233133677
test_16043,0.9999869147074784
test_16044,0.9999730352229734
test_16045,0.9999912196565252
test_16046,3.851462237807316e-05
test_16047,0.010958372585507498
test_16048,0.9999814672559891
test_16049,0.0021273744406062993
test_16050,0.9603638261156019
test_16051,0.9862388602749564
test_16052,1.0000000000000008e-06
test_16053,0.9995285187269467
test_16054,3.371502740747931e-06
test_16055,3.128362225805526e-06
test_16056,0.9747894222124369
test_16057,0.9960826888274263
test_16058,0.005385873357675098
test_16059,0.9998238833049709
test_16060,0.9995400545296701
test_16061,0.9999007179253355
test_16062,1.3322147217372575e-05
test_16063,0.9808864375863425
test_16064,0.9998731262547288
test_16065,0.9999952267162623
test_16066,0.9970261670798156
test_16067,0.9993874610368634
test_16068,0.0005772487140186003
test_16069,0.003507724095737401
test_16070,0.2057867666372252
test_16071,0.9999937326908358
test_16072,0.999694933540773
test_16073,4.2104814568968286e-06
test_16074,0.00019066108437959997
test_16075,0.9998259969120978
test_16076,0.9129352999241476
test_16077,0.9999916882690483
test_16078,0.5982078511714796
test_16079,0.9962557237035481
test_16080,0.9999970620286943
test_16081,0.9994342660583379
test_16082,0.999190892479591
test_16083,0.008447207016978396
test_16084,2.6064281302675404e-06
test_16085,4.237685661841396e-05
test_16086,0.9999980779286108
test_16087,0.9998399830079227
test_16088,0.999987450198715
test_16089,2.2679078597093627e-05
test_16090,0.00013791535727999995
test_16091,0.9996947402959996
test_16092,0.016809601390796607
test_16093,0.15169371189955036
test_16094,0.9999937220732958
test_16095,0.9989141468444666
test_16096,0.9999840700389011
test_16097,0.00013902248279910005
test_16098,0.9942938187735193
test_16099,0.9998450577860752
test_16100,5.5198686814391413e-05
test_16101,1.5399694102445448e-05
test_16102,0.9999965903563462
test_16103,4.311169370206562e-05
test_16104,0.0194597322135848
test_16105,0.9281871677018725
test_16106,0.999728798797385
test_16107,0.9999626484419387
test_16108,0.0015575857528355003
test_16109,0.9999948356402054
test_16110,0.0008657489923947
test_16111,0.9997487370347597
test_16112,0.9999984173363431
test_16113,0.999719590749705
test_16114,0.7440116765189314
test_16115,4.631275621725546e-05
test_16116,0.0005492644285082999
test_16117,0.9999981749577224
test_16118,0.9999122782367428
test_16119,0.9735182642854951
test_16120,4.720601462261235e-06
test_16121,0.9999685871431016
test_16122,2.023450162717154e-05
test_16123,0.9999016551933142
test_16124,0.999771013301714
test_16125,0.9998985623549179
test_16126,0.0008572981172067996
test_16127,0.9999867349372021
test_16128,0.0007102453297943998
test_16129,0.006448119130533399
test_16130,0.999997076548376
test_16131,0.0008494506017376997
test_16132,0.9999942918574114
test_16133,0.0001478859204335001
test_16134,0.9994744916500832
test_16135,0.9999981230170548
test_16136,0.9999640856285381
test_16137,0.9999982543455304
test_16138,0.9408603026252651
test_16139,0.9999763510774816
test_16140,0.0021080253569435996
test_16141,2.4644430375237457e-06
test_16142,0.011248909939386403
test_16143,0.9752794723178102
test_16144,0.998078744361776
test_16145,0.04780778051366689
test_16146,1.0000000000000008e-06
test_16147,0.0008984028651649
test_16148,0.00027842617129569987
test_16149,0.0012004650198925004
test_16150,0.9225625340317366
test_16151,0.9998086250690491
test_16152,4.953876010263008e-06
test_16153,0.9999920021590791
test_16154,0.0018278699850587993
test_16155,0.9999986166883084
test_16156,0.999960023423678
test_16157,0.0011001697067200002
test_16158,1.0000000000000008e-06
test_16159,0.017838455073473303
test_16160,0.0960598381082531
test_16161,0.9928070817603238
test_16162,0.9996298290788195
test_16163,1.2650905900399738e-05
test_16164,0.0870179431807259
test_16165,0.0001445471848040001
test_16166,6.601260078461738e-06
test_16167,0.004597409942673998
test_16168,1.0000000000000008e-06
test_16169,0.9999797868633598
test_16170,0.9998823670316914
test_16171,8.969908087574399e-05
test_16172,4.243139312083393e-05
test_16173,0.996005962736425
test_16174,7.32512935128389e-06
test_16175,0.9979444792658106
test_16176,0.00024879601975360014
test_16177,2.0364548735938294e-05
test_16178,1.2161490940658765e-05
test_16179,1.0000000000000008e-06
test_16180,0.0013486880502302007
test_16181,0.999992790913802
test_16182,6.991234867456996e-05
test_16183,1.8296773319267852e-06
test_16184,0.9996164444345531
test_16185,0.9999877659564267
test_16186,0.00030835517058290014
test_16187,5.025680971200766e-06
test_16188,4.1718215723300615e-05
test_16189,0.9999830915510733
test_16190,0.5951684898512426
test_16191,0.007335760341649198
test_16192,0.9996041480984793
test_16193,0.9999983600853483
test_16194,5.600648111910062e-05
test_16195,0.999999
test_16196,0.00023003149679840011
test_16197,0.9999792506589831
test_16198,1.8597185669014122e-06
test_16199,0.9975140844137209
test_16200,0.07408499349059082
test_16201,1.22359851260767e-06
test_16202,0.9999892070660094
test_16203,0.9999859866785178
test_16204,0.9999966320447442
test_16205,0.9991930191673262
test_16206,0.999998438684169
test_16207,0.9999612953041954
test_16208,0.0160488736713273
test_16209,0.09037774988202682
test_16210,0.999999
test_16211,0.9999987950051993
test_16212,0.9999804735379062
test_16213,0.9996306357075003
test_16214,1.0000000000000008e-06
test_16215,0.9817694968826777
test_16216,0.9999836508577429
test_16217,2.3011257521131732e-05
test_16218,0.999998578018605
test_16219,0.9989223496251077
test_16220,0.999983362318215
test_16221,0.9990249425869974
test_16222,0.9998519756886118
test_16223,0.9893622120412175
test_16224,0.999999
test_16225,0.9392462261860255
test_16226,0.9999644763720543
test_16227,1.5066469041030492e-05
test_16228,0.0002716615868139
test_16229,0.9997078883688255
test_16230,0.9999910085914899
test_16231,0.9998722638366874
test_16232,5.0516562423831346e-05
test_16233,1.8495776087512171e-06
test_16234,0.990558079947021
test_16235,0.9969593416665317
test_16236,3.0423559250242764e-05
test_16237,0.9999882209135343
test_16238,0.0014667883930486005
test_16239,0.00043190516655350016
test_16240,0.9972256451681097
test_16241,3.950129736613164e-06
test_16242,0.0375232476117509
test_16243,0.9999961877851373
test_16244,0.05004040583861339
test_16245,0.9999399293874799
test_16246,0.9963992646062113
test_16247,1.0000000000000008e-06
test_16248,0.9999859479795834
test_16249,1.0000000000000008e-06
test_16250,0.9996917374016993
test_16251,0.9750072811635494
test_16252,1.8167958434802986e-05
test_16253,0.9999292563287303
test_16254,0.9994934061864376
test_16255,0.00016565658326340006
test_16256,0.002236004778860599
test_16257,0.14648180021829488
test_16258,1.3996457015440158e-05
test_16259,0.9999977537585246
test_16260,0.8200749229651888
test_16261,0.9997265931286764
test_16262,0.999999
test_16263,0.9907213281390135
test_16264,0.00011291394348800006
test_16265,0.9999941813323072
test_16266,0.9999954551857342
test_16267,1.455273566222635e-05
test_16268,0.999999
test_16269,2.3838539373105975e-06
test_16270,0.9983690133736641
test_16271,0.9999946903378646
test_16272,0.9999985621434906
test_16273,0.9999989098820166
test_16274,0.9998403206101837
test_16275,1.2124220757167738e-06
test_16276,1.932409324167352e-05
test_16277,0.9999962165581967
test_16278,1.3814406785623109e-06
test_16279,2.1990793933861263e-06
test_16280,0.9996912695219982
test_16281,0.9999651876462842
test_16282,0.9999458900070077
test_16283,3.4375046987704896e-06
test_16284,0.09951631278052477
test_16285,0.8813977630863162
test_16286,0.0145424707482494
test_16287,0.999994370579886
test_16288,1.5405112784918682e-06
test_16289,0.9999472383383173
test_16290,0.0009740826572242999
test_16291,0.9999200172779289
test_16292,0.9755262858606522
test_16293,0.9999953529931587
test_16294,3.6329524780798853e-06
test_16295,0.9991537566141362
test_16296,8.886797206750052e-05
test_16297,0.9999660207298912
test_16298,0.9839945027136503
test_16299,0.8981781823504328
test_16300,2.4635376550792443e-06
test_16301,1.8006364177160315e-06
test_16302,1.0000000000000008e-06
test_16303,0.9999964761995319
test_16304,0.0005598007270275997
test_16305,0.9999984137120018
test_16306,0.9958915036083005
test_16307,0.9999945464290364
test_16308,0.9999581663506696
test_16309,0.9999901712613936
test_16310,4.476707320115711e-06
test_16311,0.9996424931142522
test_16312,9.567861333937985e-06
test_16313,8.116846363332593e-06
test_16314,0.9999969310699638
test_16315,0.007768373028353504
test_16316,0.8674226152067229
test_16317,0.9999587879798387
test_16318,0.9999877710386172
test_16319,1.955516380887999e-05
test_16320,0.9999982498322344
test_16321,0.9992070902961074
test_16322,0.0031996148080232
test_16323,2.3867055993320898e-05
test_16324,0.9999798371446832
test_16325,0.9754415124301369
test_16326,0.9999929044827686
test_16327,9.393883785162606e-05
test_16328,0.008251867701295
test_16329,1.737663500948143e-05
test_16330,0.9999546843659171
test_16331,3.52334639250766e-06
test_16332,0.9328926722861571
test_16333,0.0275468281562023
test_16334,0.9999858398112613
test_16335,0.9999982986203534
test_16336,2.2820838988370566e-05
test_16337,0.7335601045845115
test_16338,0.9999041247865188
test_16339,0.9968116770335652
test_16340,0.9999826972896275
test_16341,0.9999983026773102
test_16342,0.999888822757363
test_16343,0.999717027815038
test_16344,0.9902997136356615
test_16345,0.00011341253631990002
test_16346,0.9987519148408932
test_16347,9.073974348863056e-06
test_16348,0.9999940370460773
test_16349,0.999999
test_16350,0.46354559048033633
test_16351,0.9557127071388503
test_16352,4.518196839374652e-06
test_16353,0.9999221236736486
test_16354,0.0006255301992608999
test_16355,0.9999714994412424
test_16356,0.011672934681508802
test_16357,0.1000055392872093
test_16358,0.00011716801852369991
test_16359,0.999126977554372
test_16360,9.575504862543595e-06
test_16361,1.1383792576159001e-06
test_16362,0.9999181207632614
test_16363,0.9130623619132386
test_16364,0.0002006897368367
test_16365,0.9996976162284631
test_16366,0.0386901586230893
test_16367,0.9999897132523612
test_16368,0.00022324430301689979
test_16369,3.183289452677735e-05
test_16370,6.154584067041563e-05
test_16371,0.9912702343328891
test_16372,0.999999
test_16373,0.9911613067852532
test_16374,1.3503093812242015e-05
test_16375,0.9985486201265651
test_16376,0.9997596092871018
test_16377,0.9999838502340272
test_16378,0.7585927732120732
test_16379,1.6372094736979803e-06
test_16380,3.5267285662640004e-06
test_16381,0.0360431090815221
test_16382,1.8187513178974085e-05
test_16383,0.8851885355969903
test_16384,0.9999815797825201
test_16385,6.272894969288235e-05
test_16386,0.9706702982401549
test_16387,0.9999648487613221
test_16388,0.953168666440407
test_16389,0.9999939693146052
test_16390,0.9999902758197592
test_16391,0.0594145291201252
test_16392,0.9999982858686755
test_16393,0.00014254591100289996
test_16394,0.999672582767529
test_16395,0.0004918340713314002
test_16396,0.999994779488976
test_16397,1.0414816892326812e-05
test_16398,0.999981000828451
test_16399,0.00023139253446790003
test_16400,1.2516903819531814e-06
test_16401,0.9999659099933456
test_16402,0.9998251492211755
test_16403,0.9987182243292186
test_16404,0.99998954094936
test_16405,4.67887583966812e-06
test_16406,1.3515954374098276e-05
test_16407,0.999306720239013
test_16408,0.915380672810156
test_16409,3.063386026826565e-06
test_16410,4.43740632316865e-05
test_16411,0.00019504070346380005
test_16412,3.75764366550126e-05
test_16413,1.58441743779117e-06
test_16414,0.999839189239574
test_16415,0.999999
test_16416,0.00010073929938979999
test_16417,0.00018574388413070017
test_16418,1.7470346869694589e-06
test_16419,3.926387896892383e-05
test_16420,5.820323913283051e-06
test_16421,0.9999446863999595
test_16422,0.9999907470654278
test_16423,0.9999694449257662
test_16424,0.013878444364068295
test_16425,1.3132080390326878e-05
test_16426,0.026469848235749497
test_16427,0.9807684960555166
test_16428,5.271748504767723e-06
test_16429,0.9999665607347638
test_16430,0.999998105167541
test_16431,0.9999442270229713
test_16432,0.050520974288081055
test_16433,1.2149139017447761e-05
test_16434,0.1212130753941484
test_16435,0.00027260012751319994
test_16436,7.395833385778384e-05
test_16437,0.9591004979123146
test_16438,0.9997272584583553
test_16439,0.999999
test_16440,0.9999974524156617
test_16441,1.0294976183220546e-05
test_16442,0.9992986143704212
test_16443,1.3922005307628705e-06
test_16444,0.9999926672055168
test_16445,0.9620405914484684
test_16446,1.0000000000000008e-06
test_16447,0.998185724475887
test_16448,0.0004447343755484001
test_16449,0.9999615822527599
test_16450,0.0007589386668650004
test_16451,0.00021992291881789983
test_16452,1.2440481760194863e-06
test_16453,0.9991216313175074
test_16454,1.427835648785794e-06
test_16455,0.999921801926584
test_16456,0.0615660502477149
test_16457,0.0042811307828304005
test_16458,2.392415037536958e-05
test_16459,0.00041992547283840003
test_16460,1.7113893130497216e-05
test_16461,0.9999913232143588
test_16462,0.08171882435926481
test_16463,0.9999913995879599
test_16464,0.9995284811370116
test_16465,0.9982239205384092
test_16466,0.956657115665991
test_16467,0.9991969080577887
test_16468,0.9955951415367885
test_16469,0.9997501413452646
test_16470,0.999999
test_16471,9.949554506910936e-06
test_16472,1.0505209949049272e-05
test_16473,0.06245002783224949
test_16474,0.7475679214180967
test_16475,0.0002881288851781002
test_16476,1.2761951356792541e-05
test_16477,6.811640181402005e-05
test_16478,0.9999896314935807
test_16479,0.0536041045178893
test_16480,0.9999913678489701
test_16481,2.3962538636848747e-06
test_16482,0.999937890777609
test_16483,3.9910258476600084e-05
test_16484,0.999462649108443
test_16485,4.21392278713735e-05
test_16486,0.9999042573557546
test_16487,0.0687877091157554
test_16488,4.885852224017445e-05
test_16489,3.491418563382899e-05
test_16490,0.9953186907144158
test_16491,0.0055322456432988
test_16492,1.0844518304991779e-05
test_16493,0.0002676318959767002
test_16494,0.0008140081314979998
test_16495,0.0016623748149273004
test_16496,0.9978303269784128
test_16497,6.361978405639745e-06
test_16498,7.142722243880974e-06
test_16499,0.0007977009283976
test_16500,0.00023979272549789989
test_16501,0.999049851917853
test_16502,1.2377168171350638e-05
test_16503,4.211344363906626e-05
test_16504,1.0000000000000008e-06
test_16505,0.9999925907556374
test_16506,2.019945764757214e-06
test_16507,0.9999652641345634
test_16508,0.9999944292468229
test_16509,9.714488537634867e-06
test_16510,0.0008356797425717003
test_16511,0.9999856132494251
test_16512,2.149252970051261e-05
test_16513,0.00028220413295520027
test_16514,7.543957735680091e-06
test_16515,0.9978515091451876
test_16516,0.9999982309726201
test_16517,0.0002946212042695
test_16518,0.999977987635138
test_16519,0.999999
test_16520,0.966102634988293
test_16521,0.0023315996576702995
test_16522,0.996230070503581
test_16523,0.9999718978682288
test_16524,0.06728160893952602
test_16525,7.359031052433719e-05
test_16526,0.9999776364798224
test_16527,2.5404983912731303e-06
test_16528,8.94757994437846e-06
test_16529,0.9998908432503929
test_16530,1.1938027718020851e-05
test_16531,0.002348420926413701
test_16532,0.9999530994810563
test_16533,0.0001275286686726
test_16534,0.9999498583693998
test_16535,0.995043694243098
test_16536,8.816273612482394e-06
test_16537,0.9974668386647955
test_16538,0.9999875714362687
test_16539,0.9999944494068215
test_16540,2.9078904748439798e-05
test_16541,1.0000000000000008e-06
test_16542,0.9125497229645784
test_16543,0.9978757161596932
test_16544,0.00046054340825830005
test_16545,1.7606569512004874e-05
test_16546,0.9999971458135979
test_16547,0.9981742314773971
test_16548,0.012989626377199904
test_16549,0.0004845341758490002
test_16550,0.9999903237410563
test_16551,0.9999947711289305
test_16552,0.9999687558745985
test_16553,0.0009716437000094999
test_16554,1.1431520356783996e-05
test_16555,0.16057125893563431
test_16556,0.9990023336619446
test_16557,0.9999985979075153
test_16558,0.9999929617747118
test_16559,0.9999889083537892
test_16560,0.00011296066188890006
test_16561,0.999945824457373
test_16562,0.6115671946574476
test_16563,8.507114060116102e-06
test_16564,0.9989777775162438
test_16565,0.9971840526099535
test_16566,3.3981983321088177e-06
test_16567,0.9999954146147951
test_16568,0.9996826345386448
test_16569,0.00011364880932279995
test_16570,0.6563143701482004
test_16571,0.9960560119066453
test_16572,0.7797018534525044
test_16573,3.3657067330642474e-06
test_16574,0.004276871903410601
test_16575,0.00023915343961199994
test_16576,3.28098006723753e-06
test_16577,2.0408113429451967e-06
test_16578,0.9999922519583053
test_16579,0.0003814201760548
test_16580,4.239788648360908e-06
test_16581,4.733269074177558e-06
test_16582,0.9969003370139995
test_16583,0.9999984330910802
test_16584,0.9960821352981151
test_16585,1.0000000000000008e-06
test_16586,0.2862570572445236
test_16587,0.9956280423616775
test_16588,4.018373085729401e-06
test_16589,0.9999345722616892
test_16590,0.0009852704427125
test_16591,0.9999882117820413
test_16592,6.6125011137164085e-06
test_16593,0.0009012673280326003
test_16594,0.00014217843548810006
test_16595,0.005348067961113502
test_16596,3.4532830796027955e-05
test_16597,0.9403015891923314
test_16598,0.9996907803379486
test_16599,0.06872532648593067
test_16600,0.996566653815396
test_16601,3.1572789237443386e-05
test_16602,0.9999775816242269
test_16603,0.9557077755860508
test_16604,0.9999987068723284
test_16605,1.2035638058093869e-06
test_16606,0.0001387973577213999
test_16607,0.0196687843276214
test_16608,0.999999
test_16609,0.9999975609411706
test_16610,2.7266153828257953e-06
test_16611,0.7375030594229715
test_16612,3.0947282451893885e-05
test_16613,0.99999773013475
test_16614,0.9987586156094204
test_16615,0.0035183186786166
test_16616,0.010011116502135297
test_16617,0.0012727645124975995
test_16618,1.7353268799680042e-05
test_16619,6.527650742639319e-06
test_16620,0.9999969782369112
test_16621,0.999970933400693
test_16622,0.9999787025100026
test_16623,0.0341816859951997
test_16624,0.9994531836651731
test_16625,4.788075924410375e-06
test_16626,0.0008710805047443001
test_16627,1.0000000000000008e-06
test_16628,1.0000000000000008e-06
test_16629,0.0004035001437226999
test_16630,2.6116680755304635e-06
test_16631,4.247234643683261e-06
test_16632,0.9999904297953742
test_16633,2.513680784960831e-05
test_16634,0.07050760100950101
test_16635,8.7906225742292e-06
test_16636,0.9990973125395093
test_16637,0.00010722663263700008
test_16638,0.9999978258142357
test_16639,0.9999959325423389
test_16640,0.9954269447212117
test_16641,0.8698558948657367
test_16642,0.999918143364456
test_16643,0.9999890961865641
test_16644,0.9999981194243336
test_16645,0.9999968489135858
test_16646,0.9999956441383503
test_16647,0.9995674932715434
test_16648,0.09051693100277483
test_16649,0.9995269265534393
test_16650,0.001941082531754699
test_16651,1.288562470078995e-05
test_16652,0.00025685232641810025
test_16653,0.9999919513354139
test_16654,0.9999748740163447
test_16655,6.743286240086468e-06
test_16656,0.9695170312009872
test_16657,0.999999
test_16658,0.9998499844302785
test_16659,0.8500217540375913
test_16660,0.999988047408902
test_16661,1.209907730758992e-06
test_16662,0.9991461874172531
test_16663,0.00013921865758819996
test_16664,0.9999891167599376
test_16665,0.0002246607341968
test_16666,0.9999841816770246
test_16667,6.326359346391848e-05
test_16668,0.9999839368962345
test_16669,3.6122786196652374e-05
test_16670,9.429040744544746e-05
test_16671,0.027479342894450396
test_16672,0.999999
test_16673,9.395595823155135e-05
test_16674,0.0023449509624903007
test_16675,0.00024643522684980005
test_16676,0.024291397688316896
test_16677,0.9920310619154686
test_16678,0.8577175193299178
test_16679,0.00024858738595939984
test_16680,0.013610235047890997
test_16681,9.191377549131998e-05
test_16682,0.9999935477007678
test_16683,0.00041798617806079996
test_16684,2.9610131671863265e-05
test_16685,3.6584873275648224e-06
test_16686,0.0020013558610704994
test_16687,0.9996693824953279
test_16688,0.9746552189753646
test_16689,0.9909095974962807
test_16690,0.9999985204797593
test_16691,0.114449020700513
test_16692,0.9994978926740878
test_16693,0.0003482457310928998
test_16694,0.9999853697542549
test_16695,5.85142290989491e-06
test_16696,0.0002918580062552
test_16697,1.3357338379780162e-06
test_16698,0.8992134644521558
test_16699,2.6265121528883273e-06
test_16700,0.05722675297487371
test_16701,8.262654648033878e-06
test_16702,9.083572858268266e-05
test_16703,0.9999961436965675
test_16704,0.005821570046068801
test_16705,0.9954549419670622
test_16706,0.9905444087410298
test_16707,0.21872235673024665
test_16708,0.9999928873458646
test_16709,0.9999935689381395
test_16710,0.0001282869914082001
test_16711,0.996578921052164
test_16712,0.0004475213123245001
test_16713,0.009430123776666598
test_16714,1.5696170513399475e-06
test_16715,3.7260667295036575e-05
test_16716,0.0003568561030904001
test_16717,0.1386105718302348
test_16718,6.400683297239421e-05
test_16719,0.09338267860124241
test_16720,2.073798363013131e-05
test_16721,0.99734261160988
test_16722,0.999966464509626
test_16723,0.9998738122619957
test_16724,0.00023647226507419984
test_16725,0.0001346154210729999
test_16726,7.048049017567979e-06
test_16727,0.999926403062658
test_16728,2.160793244747205e-05
test_16729,0.006352723056324498
test_16730,0.9995678954144784
test_16731,0.00012342931254200003
test_16732,0.0177988968336809
test_16733,2.7724172416038867e-06
test_16734,0.9987977027185805
test_16735,2.651722976539058e-06
test_16736,0.9996336937667651
test_16737,0.9999846148314204
test_16738,0.9998912833060104
test_16739,0.9999793944949539
test_16740,0.999994528178662
test_16741,1.0000000000000008e-06
test_16742,3.0922008522153123e-06
test_16743,7.5720164082005985e-06
test_16744,0.9999275880384192
test_16745,5.1841404182699205e-06
test_16746,0.0003101441478974999
test_16747,0.5520326650730011
test_16748,0.9999603041334928
test_16749,0.9998129219524364
test_16750,0.0006855315157755
test_16751,0.9999910952104992
test_16752,0.0006375896185139001
test_16753,0.999999
test_16754,0.0017757916296598992
test_16755,8.32640543984296e-06
test_16756,0.9999650404890954
test_16757,1.6566019371548367e-06
test_16758,0.99994794121547
test_16759,0.9491104289637136
test_16760,0.9966439580840208
test_16761,0.999999
test_16762,0.979884231243758
test_16763,0.9975432046973589
test_16764,1.4793590905464261e-05
test_16765,0.9999805164451185
test_16766,0.9999965229802683
test_16767,0.0011181542812556998
test_16768,2.0258983924040924e-05
test_16769,0.9972470071206634
test_16770,0.9851496475593083
test_16771,0.9874157696217309
test_16772,3.1750187827660054e-05
test_16773,0.9995976503934928
test_16774,0.9995372219645916
test_16775,7.98361519426913e-05
test_16776,3.4507399479443455e-05
test_16777,0.999773418056549
test_16778,0.00040845649495379986
test_16779,4.6525467569941294e-05
test_16780,0.9999376910738758
test_16781,8.204363266615288e-06
test_16782,0.9999965375234255
test_16783,0.918283842467674
test_16784,0.9997818798910548
test_16785,0.9999163511197179
test_16786,5.774574849251514e-06
test_16787,0.043963791557285296
test_16788,0.9499960879531945
test_16789,0.9999967844553359
test_16790,0.007343315924667703
test_16791,5.258301450704427e-05
test_16792,0.9999777097211686
test_16793,5.277248960109413e-06
test_16794,0.9996855769476223
test_16795,2.056229950296606e-05
test_16796,0.9911734117511899
test_16797,0.0005032708577797001
test_16798,0.8278027318272223
test_16799,0.999967527442099
test_16800,0.9977492902019125
test_16801,0.9999916042870914
test_16802,0.9999628534651991
test_16803,2.811461455974604e-06
test_16804,0.999995628208809
test_16805,0.999793969141592
test_16806,0.9999918150228662
test_16807,0.9999728427352311
test_16808,5.262880755352641e-06
test_16809,5.933962594950503e-05
test_16810,2.172770662224587e-06
test_16811,0.9999530897318374
test_16812,0.00033081856631189986
test_16813,8.911752024344138e-05
test_16814,0.007235528993931202
test_16815,0.9999618057337154
test_16816,1.6312373825292842e-06
test_16817,0.9999777110138739
test_16818,1.3905211848827631e-05
test_16819,0.9999695341262351
test_16820,5.8367465719146745e-05
test_16821,0.9967071965049078
test_16822,0.999974784728041
test_16823,0.9999311590749692
test_16824,0.999995181959964
test_16825,0.43129319548994705
test_16826,0.9995465459931406
test_16827,0.0039449866117877005
test_16828,7.095280124216407e-06
test_16829,0.0006030529273901999
test_16830,6.563240596982798e-05
test_16831,0.9999883401076634
test_16832,0.9998792484538366
test_16833,0.0385282149568665
test_16834,0.9976077732851596
test_16835,0.9997186018546549
test_16836,5.8617424779349205e-05
test_16837,0.9999599308728321
test_16838,0.06886745579361261
test_16839,0.9963115704185999
test_16840,0.9999308341705849
test_16841,0.999837820884141
test_16842,0.9976214671572096
test_16843,9.55449132062688e-06
test_16844,0.9999984047772826
test_16845,7.099834704334198e-06
test_16846,1.1819973465467329e-05
test_16847,0.16654065000592286
test_16848,0.9999939044555812
test_16849,0.9999914927938653
test_16850,0.00031129167650050026
test_16851,3.950240447488076e-05
test_16852,0.013168403578156998
test_16853,0.09612404049671329
test_16854,1.95431732847174e-05
test_16855,0.0001385023831456
test_16856,0.993747905971626
test_16857,0.9999405614942789
test_16858,0.9989723619863252
test_16859,0.0012651921745762996
test_16860,0.9987457595966999
test_16861,0.003960888736020399
test_16862,9.221728022991934e-06
test_16863,0.9999979722198834
test_16864,0.8972611438136314
test_16865,0.0002839733396837001
test_16866,9.747915928173359e-05
test_16867,0.9978523892427699
test_16868,0.9928775755395506
test_16869,0.997209895433266
test_16870,0.9999765323545896
test_16871,0.9999956285022036
test_16872,0.9999848329704536
test_16873,2.9489764343730834e-05
test_16874,0.0018321679001759004
test_16875,0.00014646540657550013
test_16876,0.9998970935610826
test_16877,7.184336495130322e-05
test_16878,4.109336660636591e-05
test_16879,0.9627278354026613
test_16880,0.9998619268771864
test_16881,6.740655387001673e-05
test_16882,0.00010866362460289996
test_16883,0.9999988497137302
test_16884,0.9999973162639437
test_16885,0.05170458356895673
test_16886,0.9990802885698381
test_16887,0.9998819705540608
test_16888,0.9999444678392517
test_16889,0.9999588681967257
test_16890,0.9999282756246446
test_16891,0.005133198134284801
test_16892,0.9999987871124518
test_16893,0.9993510607656355
test_16894,0.9999617241252126
test_16895,0.0005729524896368003
test_16896,0.9999549974347103
test_16897,0.00017674780310259999
test_16898,2.7779661152480968e-05
test_16899,0.11040849522923243
test_16900,0.00023976104798749994
test_16901,9.404645959597261e-05
test_16902,0.0001581248017556001
test_16903,0.9999943326461541
test_16904,0.9999697189163785
test_16905,1.2176639563772043e-05
test_16906,0.010747788794481797
test_16907,0.9999099359238246
test_16908,3.83545838574e-06
test_16909,0.9994694056687897
test_16910,0.0014057298083172002
test_16911,0.007214184045229302
test_16912,0.99996393934976
test_16913,0.021534137889174493
test_16914,8.918526591271129e-06
test_16915,0.9985774148510933
test_16916,0.9997768168273613
test_16917,3.303008397775367e-06
test_16918,0.9949680179607792
test_16919,0.026100354883287595
test_16920,0.9996517815983227
test_16921,0.9999802271766315
test_16922,0.9847826145951253
test_16923,3.9797933185614596e-05
test_16924,0.9710043395222777
test_16925,0.0032407862795739003
test_16926,9.911312356839138e-05
test_16927,0.003409077190765399
test_16928,0.0015811073595635003
test_16929,0.0014301692374568001
test_16930,0.005512503655150299
test_16931,0.9999588915634965
test_16932,9.00684842567006e-06
test_16933,0.9999681654252173
test_16934,0.9999777454026476
test_16935,0.92664518691165
test_16936,0.9984186357995173
test_16937,0.997230732667719
test_16938,0.0005899215932343998
test_16939,0.9894136712934074
test_16940,0.9998515032898914
test_16941,0.9999325976746047
test_16942,0.22017814296361268
test_16943,0.9858767559451634
test_16944,2.4769319281204895e-05
test_16945,4.6846328449264424e-06
test_16946,0.9963095957312003
test_16947,9.139490734797816e-06
test_16948,0.0003353134347962001
test_16949,0.9999944595279524
test_16950,0.997701533612865
test_16951,0.9998636366153145
test_16952,0.9998499669293687
test_16953,0.9999850838621
test_16954,0.00010824955148470007
test_16955,0.97254331830119
test_16956,4.257712592434594e-06
test_16957,0.0268762692067417
test_16958,0.9999965696023838
test_16959,0.0032193393816562004
test_16960,0.999999
test_16961,9.339648826384282e-05
test_16962,0.00020329526585059993
test_16963,0.9996882968389618
test_16964,3.994270304145676e-05
test_16965,0.9997573189596303
test_16966,0.00010123810043650005
test_16967,0.049988123153702206
test_16968,1.3479826279615324e-05
test_16969,0.9932117797853696
test_16970,3.0277482570583718e-05
test_16971,0.9999068219012596
test_16972,0.20197487281114454
test_16973,0.9999703931941758
test_16974,0.8485086387543087
test_16975,0.00010171838812740002
test_16976,9.228697662869213e-05
test_16977,0.08431147181068989
test_16978,0.9962468662054728
test_16979,0.11801068016207743
test_16980,0.9999607267674514
test_16981,0.9999809305688899
test_16982,7.271593817168115e-06
test_16983,0.9999975919978976
test_16984,2.467305180138088e-05
test_16985,1.696186803023105e-05
test_16986,0.0019790507438638997
test_16987,1.3500672666613055e-05
test_16988,0.0059591542757445
test_16989,0.0006310992471414002
test_16990,0.00011295989619449993
test_16991,0.0003997353973238
test_16992,0.9999311751562009
test_16993,0.020375173008149096
test_16994,0.00010549497202859993
test_16995,0.882892225926794
test_16996,0.910193996448918
test_16997,0.9908554031062202
test_16998,7.136245643526591e-05
test_16999,0.9999626132317281
test_17000,0.954401487633756
test_17001,0.8073492833328956
test_17002,0.9998753194227347
test_17003,5.776467669548341e-06
test_17004,0.9999833002255241
test_17005,0.3332464035164483
test_17006,0.9995338952415396
test_17007,0.9282423230503716
test_17008,0.998974870334199
test_17009,2.984327609325969e-06
test_17010,4.7435511186024375e-06
test_17011,0.21135064341995155
test_17012,0.8994806522442551
test_17013,0.8724274346686025
test_17014,1.0000000000000008e-06
test_17015,0.014153768634952097
test_17016,0.927682417100988
test_17017,0.9767758514650395
test_17018,0.00011436853427029992
test_17019,2.691476381446775e-06
test_17020,0.9999865254481307
test_17021,0.9999697373758193
test_17022,9.035933527758135e-06
test_17023,3.892482170503667e-05
test_17024,0.999921298647934
test_17025,2.1460915539726484e-05
test_17026,0.00021013422841299986
test_17027,0.999997650809245
test_17028,0.9994799025900956
test_17029,0.0020553326285099992
test_17030,0.9999977778632193
test_17031,0.0014712846117527004
test_17032,0.9997779444706204
test_17033,0.9899407328671127
test_17034,3.085904659026544e-05
test_17035,0.6897288872677808
test_17036,0.9999981488613078
test_17037,2.5920467264114783e-05
test_17038,0.0535764449913968
test_17039,3.2445272966663684e-06
test_17040,0.002090088302692301
test_17041,0.11486368780861485
test_17042,0.00019033383224660016
test_17043,0.00014360565487429988
test_17044,0.0325601863783279
test_17045,1.0713838637987858e-05
test_17046,0.9999864220860322
test_17047,0.9996431450623423
test_17048,0.885592768587604
test_17049,0.999951863070645
test_17050,0.0663229892968473
test_17051,0.9701570517780528
test_17052,1.3905158849679836e-06
test_17053,0.9792776892521543
test_17054,0.9999900637080325
test_17055,7.116965572471543e-05
test_17056,0.9999969908833719
test_17057,0.9999844912345986
test_17058,1.7611637356801787e-05
test_17059,1.8247834491364448e-06
test_17060,0.5237840750876552
test_17061,0.0006903540817107003
test_17062,0.9999891990577219
test_17063,0.9991962593679933
test_17064,4.620071095471063e-06
test_17065,0.9939697556349447
test_17066,0.09840165753087302
test_17067,0.9998677178169335
test_17068,1.811931257826488e-05
test_17069,0.9998360437037398
test_17070,4.403275064417948e-06
test_17071,0.989565474611559
test_17072,0.9919253516217154
test_17073,0.019695262332082904
test_17074,0.999884910071672
test_17075,0.9957495942419936
test_17076,8.569550948479227e-06
test_17077,0.9994653476221586
test_17078,0.013816938218362903
test_17079,0.9999702244723977
test_17080,0.9999261307331819
test_17081,3.5121062515934517e-06
test_17082,0.9999738914135796
test_17083,0.6636288672643713
test_17084,0.19813141912944607
test_17085,3.405219628181192e-05
test_17086,0.999669143079192
test_17087,0.9432627469633872
test_17088,0.999997685503328
test_17089,0.0599420034371994
test_17090,0.05067166222516349
test_17091,7.068441355663212e-06
test_17092,6.16293933910471e-06
test_17093,0.765440410825005
test_17094,3.461036454525076e-06
test_17095,0.9999873507027149
test_17096,0.002194159062821501
test_17097,0.9999800509615837
test_17098,0.34447954363067446
test_17099,0.9999852334682832
test_17100,1.0000000000000008e-06
test_17101,0.057070078087736904
test_17102,0.9999918522458804
test_17103,1.0000000000000008e-06
test_17104,0.9695182512097366
test_17105,0.999999
test_17106,0.9999892478719177
test_17107,1.555887457130055e-05
test_17108,0.00013581438555449995
test_17109,0.9999745162605195
test_17110,0.9999818227151549
test_17111,0.9613029873570184
test_17112,0.9999375620583246
test_17113,0.9991779465313286
test_17114,0.9997697364329412
test_17115,0.15082374790706338
test_17116,0.9992300873026542
test_17117,1.3892591096266287e-05
test_17118,0.9989720104930612
test_17119,0.9999377837051556
test_17120,0.3978220548558331
test_17121,0.9944158590002969
test_17122,0.9999943519343767
test_17123,0.0003995406952187999
test_17124,0.0003374883964087001
test_17125,0.9993763372183438
test_17126,0.9988970581829001
test_17127,2.5906037722198867e-06
test_17128,0.002122670173452901
test_17129,0.9999894769641988
test_17130,0.9998410233013763
test_17131,0.0002808240553181999
test_17132,0.9940789479269811
test_17133,4.138164433316135e-06
test_17134,1.9401352368806828e-05
test_17135,0.00026272703391510015
test_17136,0.9999542410132322
test_17137,0.08218238367962417
test_17138,0.9991787888463578
test_17139,0.00010971282826260004
test_17140,8.288832547703642e-05
test_17141,0.9590423131375915
test_17142,0.9999933095675617
test_17143,0.9997106322501992
test_17144,0.00032888988552130013
test_17145,2.865886971972825e-05
test_17146,0.9999962857810657
test_17147,0.9999949517255746
test_17148,3.8323325937963426e-05
test_17149,0.5668322006462624
test_17150,9.446018690131551e-05
test_17151,0.9999790274395994
test_17152,0.0001458974796574001
test_17153,1.0000000000000008e-06
test_17154,1.3512711189054773e-06
test_17155,5.817621869921735e-06
test_17156,8.055865818714018e-06
test_17157,0.9995996759460768
test_17158,0.2376216178805169
test_17159,2.022723870380773e-06
test_17160,0.9999911719468129
test_17161,0.9972878594895515
test_17162,1.0000000000000008e-06
test_17163,0.9993216199231999
test_17164,0.9999173599645911
test_17165,0.9999866994195952
test_17166,1.0000000000000008e-06
test_17167,0.0061094044392723
test_17168,0.9999480843728094
test_17169,0.9999863337556165
test_17170,0.0007127350433485001
test_17171,6.752846244405753e-05
test_17172,0.9651864519660855
test_17173,0.9992714863198714
test_17174,0.999865574766519
test_17175,0.020717538003088197
test_17176,0.0011240601225969002
test_17177,0.9999866655722338
test_17178,0.9811906021478827
test_17179,0.9958137771422215
test_17180,0.9991370757329225
test_17181,0.9999966702077945
test_17182,0.00030607265336119984
test_17183,0.999190119166762
test_17184,0.00018989684130510013
test_17185,0.9999899873294958
test_17186,0.9696333265607476
test_17187,0.9953413754603493
test_17188,1.0260222485288702e-05
test_17189,0.0003021049034075998
test_17190,1.4663850452847842e-05
test_17191,0.040216660873553696
test_17192,0.0002619746529096002
test_17193,9.504405856605477e-06
test_17194,0.9999577456413485
test_17195,1.8158503661134167e-06
test_17196,8.778008356065222e-05
test_17197,0.00010366201855479995
test_17198,6.31467952160064e-05
test_17199,8.401001374608612e-06
test_17200,0.9993160528707026
test_17201,3.5961790948142014e-05
test_17202,0.00021973861548710015
test_17203,0.999999
test_17204,0.9873801718757754
test_17205,0.0005478008767642998
test_17206,0.999985232176226
test_17207,7.878586633564481e-05
test_17208,0.999999
test_17209,0.006258438117814701
test_17210,0.0019678291525706
test_17211,4.5975236872896466e-05
test_17212,0.9999753069274149
test_17213,0.0864668103154015
test_17214,0.9999918978576801
test_17215,0.9999988545126298
test_17216,3.807846935179047e-05
test_17217,0.0005468000756876
test_17218,1.2017841631744531e-06
test_17219,1.0000000000000008e-06
test_17220,8.132793422090523e-06
test_17221,0.0043050634113308
test_17222,0.999999
test_17223,4.830512166409879e-06
test_17224,1.0000000000000008e-06
test_17225,0.0008072519849317003
test_17226,0.0005255752590665999
test_17227,0.999555295155449
test_17228,0.999973601919035
test_17229,0.9999967760032257
test_17230,0.9999926297080546
test_17231,0.9998779998273205
test_17232,1.0000000000000008e-06
test_17233,1.8068491609145218e-05
test_17234,0.0363598564340917
test_17235,0.9999925596343804
test_17236,1.580454599178158e-05
test_17237,0.9999364214745479
test_17238,0.00020380218223329995
test_17239,0.999623732774447
test_17240,5.82660969987113e-06
test_17241,0.0004361228762894998
test_17242,0.9999922057681128
test_17243,4.799255730634049e-06
test_17244,0.9998957147303452
test_17245,2.4797419857852447e-05
test_17246,0.009136210935287
test_17247,8.34545183500458e-06
test_17248,0.0013140329485718998
test_17249,0.9990820632972587
test_17250,1.2282361767850892e-05
test_17251,0.9999970620719024
test_17252,0.9991883884924079
test_17253,0.9363156032280106
test_17254,9.760763298818589e-05
test_17255,0.9999989805299868
test_17256,3.973262788920084e-05
test_17257,0.0003327897332997002
test_17258,0.9747241556222788
test_17259,0.9999804606468564
test_17260,6.709977654813673e-06
test_17261,0.9999545406199545
test_17262,0.0256595858218688
test_17263,0.9977682157141815
test_17264,0.999999
test_17265,0.999999
test_17266,1.3031244239334968e-06
test_17267,0.00028147559601830003
test_17268,0.10228101875649959
test_17269,3.447102436022723e-05
test_17270,0.9998118931730045
test_17271,1.8957053328470306e-06
test_17272,0.9997700095620957
test_17273,0.9999824002533996
test_17274,0.9005807680198283
test_17275,0.0008571981917200999
test_17276,0.9999259304029077
test_17277,0.999936224184673
test_17278,6.653540126771121e-06
test_17279,3.5495533876079196e-06
test_17280,0.9283690064114991
test_17281,3.1437286245706564e-06
test_17282,0.9972977695820298
test_17283,1.9165949560093224e-06
test_17284,0.9996890741304418
test_17285,0.999999
test_17286,0.9999962915534045
test_17287,1.8891923860772676e-06
test_17288,0.9999654680420297
test_17289,0.057827845162825714
test_17290,2.8803444388226855e-05
test_17291,0.9956093032794755
test_17292,0.9999987712261433
test_17293,0.0001493793113909001
test_17294,0.9990248978783879
test_17295,0.0009459768742006002
test_17296,0.9978308799744209
test_17297,0.999305314628911
test_17298,0.0002463128804943
test_17299,0.9988564488493675
test_17300,1.5195312935841266e-06
test_17301,0.999336007897517
test_17302,0.00034456742520890004
test_17303,1.7867346339036238e-06
test_17304,0.0015965631412039002
test_17305,0.9942126929394662
test_17306,0.9992818663946488
test_17307,0.9999621325139548
test_17308,0.9954369220083183
test_17309,9.793451818532716e-06
test_17310,0.9998543692299138
test_17311,5.354645899168653e-06
test_17312,0.9994290969609225
test_17313,0.9948195744055992
test_17314,0.9999568330187092
test_17315,0.8333488164089852
test_17316,1.3973669384411814e-06
test_17317,0.998075944983251
test_17318,0.9997705733091441
test_17319,0.9999973218915923
test_17320,0.9999871346530803
test_17321,0.9999765641402101
test_17322,0.0010894555669285998
test_17323,0.9999918847421252
test_17324,6.151456142548855e-06
test_17325,4.236256717466911e-05
test_17326,0.9999916737971198
test_17327,2.091083277099351e-05
test_17328,0.8555852335715806
test_17329,1.0155804726024148e-05
test_17330,5.852798671792665e-06
test_17331,0.49393075530038677
test_17332,0.9999601483841504
test_17333,0.9768650221218342
test_17334,4.472378185619892e-06
test_17335,0.9999569530503625
test_17336,0.0642304258847573
test_17337,0.00030508899232200003
test_17338,0.9999963014993635
test_17339,0.00019815035022800008
test_17340,0.0001657533117944001
test_17341,1.7377090749658664e-06
test_17342,0.00012460196375479993
test_17343,1.9210671877467644e-05
test_17344,0.9998632354820056
test_17345,0.999903988452073
test_17346,0.9996899866861593
test_17347,3.724922128923802e-06
test_17348,0.9999593364456854
test_17349,3.410757489997351e-06
test_17350,0.0004892530936668999
test_17351,0.9977550865470997
test_17352,0.9999933563312392
test_17353,0.999997899010795
test_17354,0.9997069306848941
test_17355,1.5265651983055113e-05
test_17356,0.0622601534565914
test_17357,0.9996766057889638
test_17358,1.2768832171481337e-05
test_17359,0.9992036152442868
test_17360,0.9999775255894133
test_17361,0.9998147612807305
test_17362,0.0002981141099818999
test_17363,0.002933147939187999
test_17364,0.0004316607990752001
test_17365,7.506738764978668e-06
test_17366,4.4837193145772994e-05
test_17367,0.999829284334214
test_17368,1.3420287249587159e-05
test_17369,0.9990776380211678
test_17370,0.9957083161380897
test_17371,0.9999903638313599
test_17372,0.874300308858425
test_17373,0.0021209529637887994
test_17374,0.9894884064197103
test_17375,0.0008641906098181998
test_17376,0.9998391563548277
test_17377,2.254073621702605e-06
test_17378,0.00013178244480160003
test_17379,0.9997447003245215
test_17380,0.9999839857857585
test_17381,5.483051143142306e-06
test_17382,0.9980508575160449
test_17383,0.9990956747062231
test_17384,0.10141138911273981
test_17385,8.691964977583447e-05
test_17386,1.2852080111503902e-06
test_17387,0.9998947176283193
test_17388,1.0000000000000008e-06
test_17389,2.370010055120207e-06
test_17390,0.0017773071295363995
test_17391,0.0018315602798106997
test_17392,0.0029731471118286004
test_17393,0.1362029880395
test_17394,2.2654984622572305e-05
test_17395,0.004116155346614899
test_17396,0.999905307753897
test_17397,4.058009772728837e-05
test_17398,0.9999846457033801
test_17399,0.8833968120177966
test_17400,1.9760714892369696e-06
test_17401,0.9999967755156861
test_17402,0.9999925790832851
test_17403,0.9989795743834645
test_17404,0.9998831675790749
test_17405,0.9993059338866062
test_17406,0.00023173042101749984
test_17407,0.9986423730569185
test_17408,5.766021612060416e-05
test_17409,0.9996806964302112
test_17410,0.9975016514500378
test_17411,0.9999979866185177
test_17412,0.0007775083564412998
test_17413,0.9996816296694514
test_17414,0.00020883550214369982
test_17415,0.00010905801072450004
test_17416,0.9998657752094413
test_17417,0.9999805318087632
test_17418,0.0003931319955270001
test_17419,7.129653379214658e-06
test_17420,0.9996251998223565
test_17421,0.9990909156422774
test_17422,0.9835320597587202
test_17423,0.9997949366712121
test_17424,0.7620470954846315
test_17425,0.896985768243627
test_17426,0.9999156365872317
test_17427,0.999998291252206
test_17428,0.00022622942166359992
test_17429,0.0005241030208412
test_17430,0.9998436386659258
test_17431,5.672216112960065e-06
test_17432,0.007541165262475696
test_17433,9.742103998705117e-05
test_17434,0.7677808728676685
test_17435,0.9780532113020298
test_17436,1.0601339735464963e-06
test_17437,0.9480145686346496
test_17438,0.9999958060255378
test_17439,1.564691089813325e-06
test_17440,9.411723160485608e-06
test_17441,0.9999549409937144
test_17442,1.0000000000000008e-06
test_17443,0.9999814257118035
test_17444,2.2250981635068182e-05
test_17445,4.130541957817288e-06
test_17446,0.9997232623093025
test_17447,0.0004072122922045999
test_17448,0.99899246967499
test_17449,0.9999734794283983
test_17450,0.9999898327550558
test_17451,0.0031940213350242007
test_17452,3.832386100547231e-05
test_17453,0.9999983406583873
test_17454,0.9999627505494094
test_17455,5.4771342081081575e-05
test_17456,0.007988864161193297
test_17457,0.9993744525830472
test_17458,0.0002605684689266999
test_17459,0.0361325092303639
test_17460,6.0554643065502835e-05
test_17461,0.9997383951832802
test_17462,0.0016305918409851002
test_17463,7.678727827767782e-05
test_17464,3.6312128553202236e-05
test_17465,1.0000000000000008e-06
test_17466,0.0209155207719257
test_17467,0.999994153199824
test_17468,0.999999
test_17469,0.00019766382032460002
test_17470,0.0753007835790316
test_17471,0.9838894925849782
test_17472,0.9983354946114725
test_17473,0.9999980078798569
test_17474,0.999999
test_17475,0.0006250007202644002
test_17476,0.999713001050508
test_17477,0.00019961844927630018
test_17478,0.0006206961015011999
test_17479,1.1831212150962055e-05
test_17480,0.9999955802478512
test_17481,0.9285289788278516
test_17482,0.9999913389747968
test_17483,7.645071214731668e-06
test_17484,2.756834710189522e-06
test_17485,0.9997671486352386
test_17486,8.933989771045139e-05
test_17487,0.09209602815976
test_17488,0.00027881562334269985
test_17489,0.9999845351512323
test_17490,0.0004348108181999001
test_17491,0.9263162518166753
test_17492,1.635724006223299e-06
test_17493,0.9999901060375169
test_17494,0.1279270657006998
test_17495,0.006367720434155198
test_17496,0.0008052819249781003
test_17497,0.0003263981012670999
test_17498,0.0017942258516325997
test_17499,0.9999726905111272
test_17500,1.7372757199816824e-06
test_17501,0.8382484390193746
test_17502,1.003419090264499e-06
test_17503,0.9999953005966394
test_17504,6.804939413456683e-05
test_17505,0.0016715740341682998
test_17506,3.3281987574835057e-06
test_17507,0.9999965056747299
test_17508,0.999999
test_17509,0.999999
test_17510,1.6351387991990458e-05
test_17511,0.9994837792749687
test_17512,0.0798752594802574
test_17513,0.9996445597361675
test_17514,0.9999233687055953
test_17515,0.9999865846020328
test_17516,1.0000000000000008e-06
test_17517,0.9217368663637232
test_17518,0.0004147550984932
test_17519,5.121510878045776e-06
test_17520,0.013070389372525104
test_17521,0.999999
test_17522,0.9945245386098127
test_17523,1.2411594500665282e-05
test_17524,0.99908540570567
test_17525,0.8795546435542427
test_17526,0.999999
test_17527,0.00017961412482239998
test_17528,0.9999269501715854
test_17529,0.010316098746696105
test_17530,0.9999690065634568
test_17531,0.00035045157772920003
test_17532,0.0026047554924510993
test_17533,0.999999
test_17534,0.9990584305579353
test_17535,0.9999893721709417
test_17536,0.9997590352525806
test_17537,0.3996773856150455
test_17538,0.9999289175336319
test_17539,0.0030506164828104005
test_17540,0.0006406628226262
test_17541,0.9999984704927075
test_17542,0.9999672284412555
test_17543,0.9984294596949099
test_17544,4.879064665935499e-05
test_17545,0.9995137110329182
test_17546,0.9999862729260985
test_17547,5.5483530951490955e-05
test_17548,0.9922173021295707
test_17549,2.471827324878276e-06
test_17550,0.9989690201555791
test_17551,2.588530454015097e-06
test_17552,0.999998530961306
test_17553,0.0014071493486902996
test_17554,0.9881367382181244
test_17555,2.2861358148098818e-05
test_17556,1.0000000000000008e-06
test_17557,0.9999815256301418
test_17558,0.999906108615702
test_17559,0.999999
test_17560,0.00047559437478869994
test_17561,0.0014838382989294007
test_17562,2.076259005667221e-06
test_17563,0.20652990148207556
test_17564,0.00030222892284200017
test_17565,3.4973232313452553e-06
test_17566,1.867763564752753e-05
test_17567,0.9997025889661192
test_17568,0.9880760534456143
test_17569,0.001081379395979
test_17570,0.7016473801108174
test_17571,0.00012686992268620004
test_17572,0.9999114486049258
test_17573,0.9995213151809976
test_17574,3.2177917540392793e-06
test_17575,9.887292490587789e-05
test_17576,0.9992405470320763
test_17577,0.9999953131626719
test_17578,2.9462725960645725e-06
test_17579,0.008456390302123305
test_17580,0.0005131441016058999
test_17581,9.082760565650534e-05
test_17582,0.9999976965296524
test_17583,0.27253076427822476
test_17584,0.9985098155722099
test_17585,0.9999124133023254
test_17586,2.383366422751723e-06
test_17587,8.811497311528866e-06
test_17588,0.0213603302758367
test_17589,0.9999829773565747
test_17590,0.00013396507884830014
test_17591,0.9824029414739153
test_17592,0.005332086338895002
test_17593,0.9999971170106029
test_17594,3.404849499841962e-06
test_17595,0.9998845914571822
test_17596,0.9999831822605543
test_17597,0.9993461706723069
test_17598,0.11778556677372179
test_17599,0.9995332037806083
test_17600,0.026955093918470504
test_17601,0.08345111555104567
test_17602,0.9973602437099598
test_17603,0.0008872285386496
test_17604,5.830481334310767e-05
test_17605,3.4134000304234293e-06
test_17606,2.7716968475444217e-06
test_17607,3.042099267668703e-06
test_17608,0.009842560136067402
test_17609,0.999998446105597
test_17610,0.9787859643366292
test_17611,0.9984565792615195
test_17612,0.06575610544354359
test_17613,0.12068543293621907
test_17614,0.9999304697834358
test_17615,4.755306071332205e-06
test_17616,0.9999305460679975
test_17617,3.073264105610633e-05
test_17618,5.230089526415432e-06
test_17619,0.9996077171211208
test_17620,0.9982401142449716
test_17621,0.0761484794690312
test_17622,0.00013218988721100004
test_17623,0.9998698766333031
test_17624,0.9999938766281046
test_17625,0.9999847548358067
test_17626,1.3142376098600689e-05
test_17627,0.0026683816636295
test_17628,0.9999567187861977
test_17629,0.9994891792011212
test_17630,0.9996823192018439
test_17631,0.997941301334966
test_17632,0.0004312538366787002
test_17633,0.999999
test_17634,1.0000000000000008e-06
test_17635,0.9970450818371233
test_17636,0.00010744401694010005
test_17637,0.0003765717499334
test_17638,0.9970617982068802
test_17639,0.8592887731559653
test_17640,0.9997819700371763
test_17641,0.0009887672126835999
test_17642,0.9999515309574462
test_17643,8.97134790286642e-06
test_17644,0.9869273778899357
test_17645,0.999991672825803
test_17646,0.9594135425716409
test_17647,1.0000000000000008e-06
test_17648,0.8994820944473486
test_17649,0.0003665513441393999
test_17650,0.00020318541407389988
test_17651,0.9964664349413594
test_17652,0.00015953080380720007
test_17653,0.00030245362627229986
test_17654,7.898651824156656e-06
test_17655,0.00025613142299179984
test_17656,0.9999847331421737
test_17657,0.9958277670659801
test_17658,0.0005739882517651999
test_17659,5.4207523017483094e-05
test_17660,0.9999817961249113
test_17661,0.9887968713395923
test_17662,0.0003905157125382002
test_17663,0.999999
test_17664,1.0000000000000008e-06
test_17665,2.316050508335769e-05
test_17666,0.00025832846764029996
test_17667,0.9999975550628436
test_17668,3.3945902174744414e-06
test_17669,0.9511097675153606
test_17670,1.0000000000000008e-06
test_17671,5.481269477106309e-06
test_17672,0.999999
test_17673,3.261761892329976e-05
test_17674,2.4336133504331917e-05
test_17675,0.9999987984224873
test_17676,0.9999817290551266
test_17677,0.9999967097612591
test_17678,2.9830080738242046e-06
test_17679,0.9995828491829568
test_17680,1.2312139313375244e-06
test_17681,0.0824262425664993
test_17682,0.9989515470372021
test_17683,0.9999416426808094
test_17684,0.9999960254683482
test_17685,0.9998713563601141
test_17686,0.0017208273266742004
test_17687,3.363705393778201e-05
test_17688,1.0000000000000008e-06
test_17689,0.9999989443726242
test_17690,0.00014115379712120006
test_17691,0.023177020187353493
test_17692,0.9918398424639243
test_17693,0.9946913957209794
test_17694,0.9997814120910128
test_17695,0.9999832651739047
test_17696,0.9999911012622531
test_17697,0.9999763437732156
test_17698,1.3283183756403255e-05
test_17699,1.2715663162705505e-05
test_17700,0.00017533436926389987
test_17701,0.9999326269352236
test_17702,0.0016588938693148998
test_17703,8.873652927615434e-05
test_17704,1.0000000000000008e-06
test_17705,3.999118428057999e-06
test_17706,0.9987848506205126
test_17707,5.8931500465180117e-05
test_17708,0.9999938197714875
test_17709,1.0805858254711972e-05
test_17710,0.9989710154007837
test_17711,0.00029141206026350004
test_17712,0.0004735077843627999
test_17713,2.3526355300707612e-05
test_17714,7.538489907033082e-06
test_17715,0.0024386016377168996
test_17716,0.00010277693691899996
test_17717,0.9999984202225664
test_17718,0.00016338514607730002
test_17719,1.430809250928726e-06
test_17720,0.005943256457786499
test_17721,0.5832710382582176
test_17722,8.183361052696545e-05
test_17723,0.8974383832795648
test_17724,0.9999826774275974
test_17725,1.0000000000000008e-06
test_17726,0.9996921578084736
test_17727,0.9999682089487845
test_17728,0.9998525467636526
test_17729,0.9828584222388916
test_17730,0.999998431238614
test_17731,0.0072049328863259
test_17732,0.9999920387429674
test_17733,0.999999
test_17734,8.41411679386592e-06
test_17735,0.9974071168174644
test_17736,0.9999972081390297
test_17737,0.00011203946833640007
test_17738,0.0020516140404369006
test_17739,0.9756178024262218
test_17740,1.0000000000000008e-06
test_17741,0.9999781296166094
test_17742,2.635883985200175e-06
test_17743,0.9999652115079202
test_17744,0.9999984113642078
test_17745,1.0000000000000008e-06
test_17746,2.0643030743184578e-05
test_17747,4.230187809109806e-05
test_17748,0.9783831995931986
test_17749,0.9998877832438071
test_17750,2.5791738583070817e-06
test_17751,0.005476976023350503
test_17752,2.6504045203798128e-05
test_17753,0.9985822321027409
test_17754,0.00018247946676470006
test_17755,0.9948415904357844
test_17756,0.15228501273507755
test_17757,0.999996727959898
test_17758,1.3039077621308345e-06
test_17759,0.999999
test_17760,0.08566640649293286
test_17761,0.05524666208245836
test_17762,0.0063435197097925
test_17763,1.5720736742762214e-06
test_17764,3.555610371681874e-05
test_17765,0.9999968516261293
test_17766,0.00016224700378659996
test_17767,0.0046065198788666
test_17768,0.9999324135059435
test_17769,5.621439189582653e-06
test_17770,0.9998656125597075
test_17771,0.9034350169183256
test_17772,0.982714040163829
test_17773,0.00015265034269000007
test_17774,1.0000000000000008e-06
test_17775,0.00022400184715070008
test_17776,0.9999948006063352
test_17777,2.887166718340128e-06
test_17778,0.00044923130385100016
test_17779,1.8770826980172455e-06
test_17780,0.9999944171819285
test_17781,1.0417869973577085e-05
test_17782,0.9999892680511152
test_17783,9.71928040970445e-06
test_17784,0.9999646432778879
test_17785,0.9999983706489779
test_17786,0.995820064092861
test_17787,0.9966353965464954
test_17788,0.9999724038992609
test_17789,0.0001351034088937001
test_17790,1.7623586374414848e-06
test_17791,0.99993042679461
test_17792,4.75228309849722e-05
test_17793,0.0006457856923207002
test_17794,6.464353861163108e-05
test_17795,0.0003982805313678001
test_17796,0.0005797723474113999
test_17797,0.9998792793348898
test_17798,0.00010336512176649996
test_17799,0.00037215866745069994
test_17800,0.9990979531949976
test_17801,2.3998369896490946e-05
test_17802,0.1480702229433849
test_17803,0.00013247992273360008
test_17804,0.9997390679573084
test_17805,0.9994369019294573
test_17806,0.9998922397271017
test_17807,3.102001726617909e-06
test_17808,0.0009356461867865005
test_17809,0.0028820195094352015
test_17810,0.0006689992691335001
test_17811,0.1317899257448428
test_17812,0.0009512345992532999
test_17813,0.1313752292059035
test_17814,0.9728018613273062
test_17815,0.9976477373583541
test_17816,0.9999900994090325
test_17817,0.1489980352158152
test_17818,0.1335030036990779
test_17819,0.9999933231949395
test_17820,8.990381956219945e-06
test_17821,0.9999966089738105
test_17822,1.0000000000000008e-06
test_17823,3.372040394800665e-06
test_17824,0.9997518063116759
test_17825,1.9368231085000024e-05
test_17826,0.8659690834870485
test_17827,0.7867209611871445
test_17828,0.9999541375011064
test_17829,0.9956472625749914
test_17830,0.9999861003777889
test_17831,3.878599802318435e-06
test_17832,1.9766294698077705e-05
test_17833,0.9982010081248056
test_17834,0.0007346037822387003
test_17835,0.9999891767401955
test_17836,0.9958548762688423
test_17837,0.9955284493866132
test_17838,0.9999773065971413
test_17839,0.9999471184521734
test_17840,0.971193465237074
test_17841,0.9988341228105393
test_17842,0.9998222200340884
test_17843,0.0006489038464472999
test_17844,0.0023538637494287004
test_17845,0.973057323927323
test_17846,1.137976910101486e-05
test_17847,0.9999921447776182
test_17848,0.999759351587703
test_17849,4.89876130966896e-06
test_17850,0.0003743677587200002
test_17851,0.30489078530306357
test_17852,0.9997512734172946
test_17853,0.9990431576314692
test_17854,1.450541968920082e-05
test_17855,1.925893791947926e-05
test_17856,0.9999950335410739
test_17857,4.768602936994463e-06
test_17858,0.9830547411950904
test_17859,0.9949715380108456
test_17860,1.9777652113251545e-05
test_17861,0.9999077809930349
test_17862,0.999999
test_17863,4.141473622887391e-06
test_17864,0.0016411120646056003
test_17865,0.9901398293446061
test_17866,3.964819239180916e-05
test_17867,0.0928373314651998
test_17868,0.058883647845674424
test_17869,0.00018645798234410006
test_17870,0.9980105495871033
test_17871,0.9399708305225888
test_17872,0.0009227728440425998
test_17873,0.999992325620156
test_17874,1.4892574756717061e-06
test_17875,0.9999565966333429
test_17876,0.0006070697984307998
test_17877,1.0216694155296157e-05
test_17878,0.0439328567882084
test_17879,0.9998942725735824
test_17880,0.0001412349962749
test_17881,0.9356081287842355
test_17882,0.0002236898780914001
test_17883,0.9673036728015396
test_17884,0.9999663582019831
test_17885,0.9999717651509494
test_17886,8.095306250464188e-06
test_17887,0.999999
test_17888,0.0015975989889918994
test_17889,0.9999975136858918
test_17890,0.9999864851419673
test_17891,0.9982468431099057
test_17892,0.9999797731163113
test_17893,0.9999900479006985
test_17894,0.9991626843778987
test_17895,0.15798049663746838
test_17896,0.997920201643126
test_17897,1.763569406537216e-05
test_17898,0.9997118453488151
test_17899,0.0007548366485881997
test_17900,0.9999811403996641
test_17901,1.5994824378491774e-05
test_17902,0.0016449560618890992
test_17903,0.9999988379280623
test_17904,0.9999602079210989
test_17905,0.011527314601378997
test_17906,0.9999988561542009
test_17907,0.9993800695204408
test_17908,0.9024407282934764
test_17909,0.9953121536031186
test_17910,4.373828269879971e-06
test_17911,2.1322162879609794e-05
test_17912,0.9999862844605225
test_17913,0.9903552423452002
test_17914,0.007228236642987601
test_17915,0.9999601555984294
test_17916,5.9933991183497736e-05
test_17917,7.839056313353299e-06
test_17918,6.59937785518027e-05
test_17919,5.754360672724801e-05
test_17920,0.00012264978516300008
test_17921,0.9999743197638576
test_17922,0.9992977855704342
test_17923,0.9956356830339282
test_17924,4.556967786685206e-05
test_17925,0.0007396325431637998
test_17926,0.00013614726370820012
test_17927,0.008412142764997396
test_17928,0.9999872231814457
test_17929,0.014127827941998797
test_17930,0.9999973211160322
test_17931,0.998640088926538
test_17932,0.0012785460480056003
test_17933,0.9999831803338002
test_17934,1.505015773474231e-05
test_17935,0.004152425978693398
test_17936,0.9999909486941465
test_17937,0.0003883193044043001
test_17938,1.5380822157104897e-05
test_17939,0.999973148688951
test_17940,0.9999984657700005
test_17941,0.17035302684962972
test_17942,0.9999962584114849
test_17943,0.9999104130809419
test_17944,0.999999
test_17945,9.120505909802389e-06
test_17946,0.9150340486040642
test_17947,0.0224799745376274
test_17948,0.0001610449477474
test_17949,0.062218431048657506
test_17950,0.9999394153084102
test_17951,0.1049269512895782
test_17952,0.009773915367507699
test_17953,0.999977077093674
test_17954,7.344198511466782e-05
test_17955,2.2857844725397387e-05
test_17956,0.9999735968514988
test_17957,5.78124204600013e-06
test_17958,4.290210360694258e-06
test_17959,1.2620088072977738e-05
test_17960,1.0000000000000008e-06
test_17961,0.10401787245972029
test_17962,2.018760687984321e-05
test_17963,0.9963980027640194
test_17964,0.9966629966061923
test_17965,0.9999458083596896
test_17966,0.9999844649736601
test_17967,0.6464686128215636
test_17968,0.006015463259183101
test_17969,1.3451391089069992e-05
test_17970,5.271267823480766e-06
test_17971,0.9999961053268587
test_17972,0.00044330495538060015
test_17973,0.9998693207038329
test_17974,0.0009921167458588
test_17975,2.3691110086807396e-06
test_17976,0.9966224514307436
test_17977,4.618448373002806e-05
test_17978,0.9998787394093093
test_17979,0.995640533821489
test_17980,0.04651953965659931
test_17981,0.9266840147293481
test_17982,0.999999
test_17983,0.942140726111196
test_17984,8.861440148748187e-06
test_17985,0.008260610429568204
test_17986,7.041203984881406e-05
test_17987,0.8646604062497268
test_17988,0.9998949659372686
test_17989,0.9999984672081244
test_17990,0.0003750323609154
test_17991,0.9999829528180371
test_17992,0.99976935080918
test_17993,6.466468118752429e-05
test_17994,0.0130152462077189
test_17995,0.00019886452042470006
test_17996,0.9999910599383848
test_17997,1.108151090113477e-06
test_17998,0.0346486343701207
test_17999,0.8999937453334822
test_18000,0.9705297018458273
test_18001,1.7984144435988285e-05
test_18002,0.9999489036360619
test_18003,0.9997392489880182
test_18004,0.0033126525052883994
test_18005,0.9992640186988362
test_18006,0.7632404740677157
test_18007,0.9977149555982854
test_18008,0.9949904389736901
test_18009,0.9988157936453957
test_18010,0.0008551070777586
test_18011,0.9999979241890864
test_18012,1.1712393782358655e-05
test_18013,0.9965434328457866
test_18014,7.963205651161558e-06
test_18015,3.941508497143202e-06
test_18016,0.22942972895259628
test_18017,0.00010915592256779997
test_18018,0.0026368771086943002
test_18019,6.295910463496766e-06
test_18020,0.3288628459690336
test_18021,0.7310574148173448
test_18022,0.9999989667012422
test_18023,0.9998962813816271
test_18024,0.0002999885999967001
test_18025,3.3599132488023585e-05
test_18026,0.9434096439568581
test_18027,1.7406619077451567e-05
test_18028,0.9990503592130642
test_18029,0.0014640902665400998
test_18030,0.9999818548804282
test_18031,0.9994312139397231
test_18032,0.0003217491860613002
test_18033,0.9996937933896122
test_18034,0.999993784553467
test_18035,0.0237218244313322
test_18036,0.9998875369450404
test_18037,0.0006112909360148002
test_18038,0.26795776553843714
test_18039,0.9985560521726119
test_18040,0.999999
test_18041,0.9998683562257279
test_18042,0.9999955882444144
test_18043,2.861961743504723e-05
test_18044,0.9999922288124184
test_18045,1.7742350612471785e-05
test_18046,0.9992515553425171
test_18047,0.00033107883785450003
test_18048,0.023104647918587996
test_18049,0.9999896540528612
test_18050,0.9999838455499243
test_18051,2.2100360525242083e-06
test_18052,8.618635565828625e-05
test_18053,0.0002095632926241002
test_18054,0.002596999416275499
test_18055,0.9986842320625439
test_18056,9.938537589260209e-06
test_18057,0.132887804427896
test_18058,0.9995335343326542
test_18059,0.0031414924139769006
test_18060,0.9977357143126363
test_18061,0.998788911440954
test_18062,0.9999959936373012
test_18063,0.0017256572657666997
test_18064,0.9991563185696248
test_18065,0.9998299967799571
test_18066,2.3746336805531438e-05
test_18067,0.9993110101246038
test_18068,0.971030043343067
test_18069,0.9850502424190825
test_18070,0.9999988098602348
test_18071,3.258193378698629e-06
test_18072,0.7805974542389559
test_18073,0.028242389649222304
test_18074,0.0073427675178417
test_18075,0.9999968851062634
test_18076,0.9999330382764232
test_18077,1.4039689912418583e-06
test_18078,0.9997939964304414
test_18079,0.9998020003895497
test_18080,0.9999988181122144
test_18081,0.999959608637961
test_18082,0.9999941418948678
test_18083,0.9986520214614749
test_18084,0.9999986982370537
test_18085,0.00014737513250830006
test_18086,0.9999948618700746
test_18087,0.0004779341879072999
test_18088,0.9992034111829418
test_18089,2.320316522088422e-06
test_18090,1.5519627571665796e-06
test_18091,0.9996478881245976
test_18092,0.9999967270599278
test_18093,0.9341830339106734
test_18094,0.0116036866030856
test_18095,0.918761379311342
test_18096,0.9988217548843284
test_18097,0.999972821419113
test_18098,0.999996516747177
test_18099,0.9999864321720932
test_18100,0.0008728976699843999
test_18101,1.8325801636860142e-05
test_18102,0.9999808448717215
test_18103,0.10991305117168361
test_18104,0.9993832967333564
test_18105,0.9998736775470601
test_18106,0.28316892959731155
test_18107,0.9040005083407996
test_18108,0.0005260555130359997
test_18109,2.478355026683151e-06
test_18110,0.9937384836767491
test_18111,0.021303734307224376
test_18112,0.12741981432021654
test_18113,0.017773785744368005
test_18114,0.9491851654663218
test_18115,0.9999887082844479
test_18116,0.999997248050638
test_18117,1.682248300437858e-05
test_18118,2.6031334570917044e-05
test_18119,0.0008715422884306997
test_18120,3.228238549460782e-05
test_18121,0.9973237195931234
test_18122,0.00013214179124229993
test_18123,0.9872030892903726
test_18124,5.4869475538017044e-05
test_18125,0.9999975899141601
test_18126,0.9993363633207494
test_18127,3.3744618325556976e-05
test_18128,2.9734599774032086e-05
test_18129,8.677519776220596e-06
test_18130,1.7043466302569734e-06
test_18131,0.9989163182672439
test_18132,4.623969692940667e-06
test_18133,0.0009244975885134002
test_18134,0.00017555095784579992
test_18135,0.016526043215511203
test_18136,5.5516454584809284e-05
test_18137,1.0000000000000008e-06
test_18138,0.3025326472147454
test_18139,0.0007401282245432997
test_18140,1.0000000000000008e-06
test_18141,0.0024228834835331994
test_18142,0.00014285891235930008
test_18143,0.9967467932951117
test_18144,1.0841847660203848e-05
test_18145,0.9953785581600124
test_18146,0.9999324216976335
test_18147,1.0184642905620303e-05
test_18148,0.003907424670193198
test_18149,0.9999795574054037
test_18150,0.9998655634163137
test_18151,0.9994171887085423
test_18152,0.9999965599555186
test_18153,0.00021001450689129983
test_18154,0.9998080587109778
test_18155,0.9999881368745873
test_18156,2.4355735476439035e-05
test_18157,0.0041168652579080985
test_18158,0.9806512547319554
test_18159,0.9015148473590607
test_18160,0.9999981735743434
test_18161,0.9852222783328232
test_18162,0.048686130890634
test_18163,2.0836973821758937e-06
test_18164,0.9999744840980047
test_18165,0.46219499830518035
test_18166,0.005021551466540401
test_18167,0.9999897422762679
test_18168,0.999999
test_18169,0.9997442694687534
test_18170,0.9999597686264023
test_18171,0.9970337886661703
test_18172,0.9999649481772417
test_18173,0.9999868835780954
test_18174,0.999993734347929
test_18175,4.4846670114268624e-05
test_18176,0.9999958610008342
test_18177,0.999999
test_18178,0.9997005468950276
test_18179,0.998932728277982
test_18180,0.00047278818051309983
test_18181,0.147477445112731
test_18182,0.9999943073031294
test_18183,0.9999087452307837
test_18184,0.9996135253657763
test_18185,0.9998990808854824
test_18186,5.834506028044705e-06
test_18187,2.333623766220748e-06
test_18188,0.002002935257290599
test_18189,0.0009930928443675998
test_18190,0.999999
test_18191,0.9997703950585484
test_18192,0.9999970787760148
test_18193,0.6756616318443853
test_18194,0.0005468040685473001
test_18195,0.9999929471291935
test_18196,0.9998240572917112
test_18197,0.9989942955840382
test_18198,0.128129930673264
test_18199,0.965966902791613
test_18200,0.00033328704834930013
test_18201,0.9877366818904473
test_18202,0.9997416808771308
test_18203,0.8796523803876998
test_18204,0.999919951433376
test_18205,0.995693748301862
test_18206,0.0008559031574305001
test_18207,0.9957800985045184
test_18208,0.00018418807462089985
test_18209,0.9999987384602284
test_18210,0.9996524716660913
test_18211,2.095827893659221e-05
test_18212,2.475245914307551e-05
test_18213,0.0010177620817585005
test_18214,2.9105521546055407e-05
test_18215,0.954249994510389
test_18216,0.0005712967919037001
test_18217,0.00010204192063949992
test_18218,0.999999
test_18219,0.00027555585639719993
test_18220,0.9999798067538049
test_18221,0.00043692779888580006
test_18222,1.4532067316833653e-06
test_18223,1.4552557560566564e-06
test_18224,0.9999908425634119
test_18225,0.9998805417769324
test_18226,0.9998953998633432
test_18227,0.9823502833876359
test_18228,0.9999953102550742
test_18229,0.0009107557984780997
test_18230,0.9999934203148534
test_18231,0.9965524134625368
test_18232,0.001963844336211099
test_18233,0.9994524766467683
test_18234,0.0011255074341650002
test_18235,0.9995551788866809
test_18236,0.0003760552366266998
test_18237,7.297317592197761e-05
test_18238,0.9987764584121108
test_18239,0.9993278560268392
test_18240,0.0207465458216523
test_18241,0.41352406871137043
test_18242,1.8163793472640998e-05
test_18243,2.6569436940434437e-06
test_18244,0.9999928781906826
test_18245,0.999624809422622
test_18246,0.9999890848935847
test_18247,9.406958557930912e-05
test_18248,0.995454760359126
test_18249,0.0006440479208644002
test_18250,5.327002193947353e-05
test_18251,0.04123970221807319
test_18252,0.9998710453110501
test_18253,0.9999987334797704
test_18254,1.1500052105335844e-06
test_18255,8.826566709796823e-06
test_18256,1.2830845907003428e-05
test_18257,2.892249389141182e-06
test_18258,0.9983602956116022
test_18259,0.00022936614504259992
test_18260,0.9997528450203007
test_18261,0.9999667736438039
test_18262,0.0010586305497923996
test_18263,0.9991904948609424
test_18264,1.5797385420673097e-05
test_18265,0.0001347697612523999
test_18266,1.4745880023294388e-06
test_18267,0.9983865342360084
test_18268,0.9999033565097757
test_18269,1.3163287482098235e-06
test_18270,0.999993678924618
test_18271,2.1566874539632416e-05
test_18272,6.490473708719841e-06
test_18273,0.00038845968811949993
test_18274,0.00010201555513409998
test_18275,4.705076576204819e-05
test_18276,1.0287166996061183e-05
test_18277,9.498169781801275e-06
test_18278,1.0000000000000008e-06
test_18279,0.9765804783417257
test_18280,0.9999968824199734
test_18281,3.120389150329002e-05
test_18282,0.9750581451957351
test_18283,0.0087978260659469
test_18284,0.9972208602304184
test_18285,0.999999
test_18286,1.0552186619016586e-05
test_18287,0.0005099048115571
test_18288,0.0010716279206492998
test_18289,0.9992034674140908
test_18290,0.9999876262825312
test_18291,1.6336242556470898e-05
test_18292,0.006773471801703
test_18293,0.9856219039836929
test_18294,0.9984305645283057
test_18295,0.9999880039003078
test_18296,3.7532143681721034e-05
test_18297,1.0313597002312894e-05
test_18298,0.9929199256759303
test_18299,3.622142414865769e-06
test_18300,0.6460699591049951
test_18301,0.05756592451360469
test_18302,0.00011698325835929995
test_18303,0.00044062720973300003
test_18304,1.6332865543683454e-06
test_18305,0.999970772765912
test_18306,0.00017943712570509988
test_18307,1.4103715568162e-05
test_18308,0.00014092481403169994
test_18309,0.9994908251469647
test_18310,0.9999056722774581
test_18311,8.356824509422266e-05
test_18312,1.6883028131424264e-05
test_18313,0.999999
test_18314,0.0035489151482811015
test_18315,0.000903999907247
test_18316,0.9822941251870457
test_18317,0.0183630959797443
test_18318,0.9997926182218271
test_18319,0.00045686335805109995
test_18320,0.16538234494121976
test_18321,5.49429953957121e-06
test_18322,0.9997960566256686
test_18323,0.97547655219396
test_18324,0.9995960348576779
test_18325,0.25733106829853075
test_18326,0.9999682058352014
test_18327,0.00018016656508550004
test_18328,0.0011608626698646001
test_18329,0.9999946630330218
test_18330,1.6076900504371933e-05
test_18331,0.999999
test_18332,5.303418537090944e-05
test_18333,8.98990235768577e-05
test_18334,0.9999921809227226
test_18335,0.00029263329606069976
test_18336,4.052652098433288e-06
test_18337,0.999998068670085
test_18338,0.9951790871199608
test_18339,7.628158847392383e-05
test_18340,0.9999934203924291
test_18341,5.9744561864135946e-06
test_18342,4.679054522469139e-06
test_18343,0.9999982249742599
test_18344,0.9999346180032233
test_18345,1.1799607653589232e-05
test_18346,1.5419314210132528e-05
test_18347,0.9999163269785288
test_18348,1.607980687738129e-05
test_18349,0.00036318507557859994
test_18350,0.9998985752184424
test_18351,0.00010433129025449995
test_18352,0.0025113998419227994
test_18353,0.00022264337866180004
test_18354,0.8550431532622429
test_18355,0.9999554689970978
test_18356,7.395489347613552e-05
test_18357,0.999999
test_18358,1.4655920434685518e-06
test_18359,8.62362367848114e-06
test_18360,0.9999971111188602
test_18361,0.9999978451683974
test_18362,0.0013812141044320003
test_18363,0.9999745658234732
test_18364,0.0001481023469843999
test_18365,0.9995963206309799
test_18366,0.99984854641239
test_18367,7.058973438617783e-05
test_18368,0.9999983056271621
test_18369,0.9999984419610085
test_18370,0.9999970179324714
test_18371,0.034827850396877594
test_18372,0.9997318368187152
test_18373,0.014044538501618103
test_18374,0.9999628927569922
test_18375,0.9999971621622243
test_18376,0.0003629906987819999
test_18377,0.9995579615880287
test_18378,0.014622563500321697
test_18379,0.9999920692753469
test_18380,0.0018533434342016002
test_18381,0.9999789814344725
test_18382,0.0789324861474224
test_18383,0.9999877154434198
test_18384,0.1436793087436302
test_18385,0.9997573325685926
test_18386,0.9999554281214179
test_18387,0.0008544163790965002
test_18388,0.9998220770776118
test_18389,0.9985171238192914
test_18390,0.9999988671326538
test_18391,3.418637222311617e-06
test_18392,0.975801838130384
test_18393,0.9848895358394646
test_18394,1.0000000000000008e-06
test_18395,1.0000000000000008e-06
test_18396,0.008317643358620702
test_18397,0.9999422983789692
test_18398,0.9940505561983761
test_18399,0.9998813030180951
test_18400,5.254601746809902e-05
test_18401,0.9994711069607476
test_18402,0.9997384918194474
test_18403,0.99995741725987
test_18404,0.9941769596163662
test_18405,0.00014952905100579992
test_18406,0.9763189958270078
test_18407,0.9984074586019762
test_18408,0.9999770264202318
test_18409,6.97668471224288e-05
test_18410,0.9999989590023842
test_18411,0.9992806157160311
test_18412,0.999706751267187
test_18413,0.9999830813551226
test_18414,7.818039224101769e-06
test_18415,1.0000000000000008e-06
test_18416,0.999996762943329
test_18417,2.599767258049815e-06
test_18418,0.9978723029713743
test_18419,0.9999976756836583
test_18420,0.1182424106750773
test_18421,0.017055221532955803
test_18422,0.9999697062593129
test_18423,0.9947398722503035
test_18424,0.999999
test_18425,1.4313353723732894e-05
test_18426,0.999999
test_18427,0.9991392053220706
test_18428,0.0003974390893343001
test_18429,1.6963410112124585e-05
test_18430,0.9998524272736596
test_18431,0.9999858866617419
test_18432,1.2784219691463902e-05
test_18433,0.9999985065823965
test_18434,0.9980490143007015
test_18435,0.9999890763240232
test_18436,0.9997849625937701
test_18437,0.3929173626581074
test_18438,3.875596328604791e-06
test_18439,0.999999
test_18440,0.0026857200081818007
test_18441,0.9956108770226346
test_18442,0.9999870752519191
test_18443,0.04821632428033049
test_18444,1.0000000000000008e-06
test_18445,0.9999974872463789
test_18446,0.9957284226336802
test_18447,0.0010378402514024
test_18448,0.00013146536333010004
test_18449,1.4652932683255344e-06
test_18450,0.8545340797832749
test_18451,0.00022055106590659988
test_18452,0.0013867891197863
test_18453,0.9999921919486359
test_18454,2.7821972142237122e-05
test_18455,0.9997727041223329
test_18456,0.9992871909036584
test_18457,0.00045690559007190005
test_18458,0.9999981866828126
test_18459,0.9984720318032184
test_18460,0.9999971338916377
test_18461,0.9999922621176797
test_18462,0.9998629428221509
test_18463,0.9998103855861098
test_18464,0.9996326623247206
test_18465,2.003896688906522e-06
test_18466,0.999898376313582
test_18467,0.0011073634661985998
test_18468,0.0003754765812131998
test_18469,8.001130669190668e-05
test_18470,0.9312569715905041
test_18471,0.9999946324240448
test_18472,7.276225450750766e-05
test_18473,0.999991525031461
test_18474,0.01674329461490669
test_18475,3.7154437073698077e-06
test_18476,0.9999987432571591
test_18477,1.1513826460833958e-05
test_18478,2.2568072974158954e-05
test_18479,0.9999933442593274
test_18480,0.9760903647169077
test_18481,0.020918175444331603
test_18482,0.00020956835919739978
test_18483,0.9999748100357649
test_18484,0.9649109201932918
test_18485,0.9999940500877964
test_18486,0.0021124724682758996
test_18487,0.016000040600380596
test_18488,0.9954623463763422
test_18489,0.006700513000431302
test_18490,0.9999933126794968
test_18491,1.8626195160679297e-06
test_18492,0.00013946419443790008
test_18493,0.012188095809822599
test_18494,0.0008331962551338003
test_18495,0.99994337795233
test_18496,0.7298606860070059
test_18497,0.9999585348945609
test_18498,0.999999
test_18499,7.934941793494227e-06
test_18500,0.013689355184304202
test_18501,0.9999691378753515
test_18502,0.999994976617065
test_18503,8.967944565534052e-06
test_18504,0.877207233987281
test_18505,8.096421508223985e-05
test_18506,0.9999988833664685
test_18507,0.9999987993250053
test_18508,3.66620964180994e-05
test_18509,0.9999873279323779
test_18510,0.9947268608532274
test_18511,0.00016232150989000012
test_18512,0.9996541966844936
test_18513,1.0079256028691505e-05
test_18514,0.7591218018415693
test_18515,0.0004565681459308999
test_18516,0.9999596524836587
test_18517,0.9980228115613942
test_18518,0.632465136034534
test_18519,0.999999
test_18520,0.0009727182615195001
test_18521,0.0205126850498298
test_18522,1.6652160954508075e-06
test_18523,0.9997830721799629
test_18524,0.08121759881027188
test_18525,0.0195991931688121
test_18526,0.9277548385156196
test_18527,3.1739826097801346e-06
test_18528,0.00010504305675319994
test_18529,0.999999
test_18530,0.9999989797447582
test_18531,0.999999
test_18532,1.0000000000000008e-06
test_18533,0.9996457818815838
test_18534,1.0000000000000008e-06
test_18535,2.0387568560855843e-05
test_18536,0.9999408716759419
test_18537,0.997963360877761
test_18538,0.999738228557379
test_18539,0.0003962135327935999
test_18540,0.8084309905938377
test_18541,0.9693465140215988
test_18542,0.00017482264508739983
test_18543,0.9999982765795828
test_18544,0.065204638858211
test_18545,0.999999
test_18546,0.9999854676293036
test_18547,0.999972018072106
test_18548,0.9998549028634799
test_18549,0.8910327803130709
test_18550,0.9999968832459409
test_18551,0.999941834095154
test_18552,3.325520461368697e-05
test_18553,0.0010626350828489002
test_18554,0.9999737042959471
test_18555,0.9998126020519449
test_18556,0.9993890111901513
test_18557,0.0028378067370438006
test_18558,0.98978860892769
test_18559,0.999998514986642
test_18560,1.164367483230722e-05
test_18561,0.0853446715874673
test_18562,0.9999935397410352
test_18563,0.999994296496001
test_18564,1.2044751048582858e-05
test_18565,0.9998872512475038
test_18566,0.008606406942317603
test_18567,0.9992095118724822
test_18568,0.9902843076398925
test_18569,0.9987817138304327
test_18570,0.0005556256515104999
test_18571,8.417359469315248e-06
test_18572,0.0004327298273756
test_18573,0.9997972855250603
test_18574,0.999939267649682
test_18575,1.0000000000000008e-06
test_18576,0.00040706778016650014
test_18577,2.9277047052779263e-06
test_18578,0.999939137235017
test_18579,0.999999
test_18580,0.00022156307041239982
test_18581,6.532332322479627e-06
test_18582,0.9999669404287975
test_18583,2.194899356114658e-05
test_18584,0.0004198725682339
test_18585,0.003202501787919301
test_18586,0.9999686990882878
test_18587,0.9936542180849174
test_18588,0.9999797205961116
test_18589,0.0009748366128695996
test_18590,0.9999822750475394
test_18591,1.5498094234316127e-05
test_18592,2.0208217285815083e-06
test_18593,0.00011874543457570007
test_18594,6.392394527176678e-06
test_18595,0.9999339166607848
test_18596,0.9999564331232844
test_18597,0.9999816962653085
test_18598,0.9999957819983863
test_18599,0.9999912678101003
test_18600,0.9999652056007856
test_18601,0.9995768675234016
test_18602,0.9999985850732157
test_18603,0.9999531137077331
test_18604,0.0009408885256028003
test_18605,0.00012033979483240005
test_18606,0.9999903844112976
test_18607,0.9991796189291732
test_18608,0.0010829807604639998
test_18609,5.2298148709136916e-05
test_18610,0.009446171089264703
test_18611,0.9997522825249121
test_18612,0.9999984205681068
test_18613,0.1443404729055124
test_18614,1.9885923266037213e-06
test_18615,0.9999217653863154
test_18616,5.014551711675245e-06
test_18617,0.9999872678723479
test_18618,0.0013766466299185004
test_18619,0.9999197561311187
test_18620,0.999998078327204
test_18621,0.9967505975650961
test_18622,0.00010715735696730006
test_18623,0.9999888627290777
test_18624,8.78672239331285e-05
test_18625,0.9999873776433312
test_18626,0.00013986266358220005
test_18627,0.9959344543622836
test_18628,3.397412802678527e-05
test_18629,0.0269027443484133
test_18630,0.9999791727848775
test_18631,8.927558706401997e-06
test_18632,0.0011443592999074003
test_18633,3.0028166723625514e-05
test_18634,0.9999907019618784
test_18635,0.9999112074163234
test_18636,2.3902138347439355e-06
test_18637,0.9997369018295786
test_18638,0.0001693539527689001
test_18639,0.999999
test_18640,0.999999
test_18641,0.4768694772771086
test_18642,4.8512154310392554e-05
test_18643,7.705572624753275e-06
test_18644,2.0115868074636716e-05
test_18645,1.535597201070812e-05
test_18646,0.9931059518582973
test_18647,0.0037939647766284017
test_18648,0.9999530027401391
test_18649,0.0007027888593425
test_18650,5.300643033792676e-06
test_18651,0.999945738517171
test_18652,3.2981551386244045e-05
test_18653,1.1434915580206395e-06
test_18654,4.19523234032134e-05
test_18655,0.6916734759968926
test_18656,0.0071692227749854
test_18657,1.3242253204694756e-05
test_18658,5.746407780496169e-05
test_18659,0.9979443729842236
test_18660,0.9989683232576291
test_18661,5.523994805105275e-06
test_18662,4.470822050622216e-05
test_18663,0.6940174424431357
test_18664,0.999999
test_18665,0.00014120464180810007
test_18666,0.012057828672938803
test_18667,0.9938160349074975
test_18668,0.999996866206064
test_18669,0.9999633607399925
test_18670,5.363947311904199e-05
test_18671,3.6916599046421153e-06
test_18672,0.0003670977484064999
test_18673,0.9998587598695183
test_18674,0.0005393125676345
test_18675,0.004630885078806599
test_18676,0.9999067975101106
test_18677,0.0004887579190485998
test_18678,1.0000000000000008e-06
test_18679,0.9998429101563554
test_18680,0.9999571584169616
test_18681,0.9994996484035734
test_18682,0.9999645266659827
test_18683,0.9999973222912478
test_18684,0.9999761975962322
test_18685,0.9526314338741005
test_18686,0.9616825367176592
test_18687,0.9999091688788033
test_18688,0.00018008771729420006
test_18689,0.9999825143521559
test_18690,0.9997137332202721
test_18691,0.9999676589775215
test_18692,0.0001493883940922999
test_18693,0.9999710760035553
test_18694,0.0022680578710778006
test_18695,0.9999087919538945
test_18696,0.9999977132293141
test_18697,1.3426841720820207e-05
test_18698,2.3621552858926066e-06
test_18699,0.33467890139854933
test_18700,0.5549960679358816
test_18701,0.913432519135522
test_18702,0.012982266666961301
test_18703,3.4655317188568875e-06
test_18704,0.9997425263425979
test_18705,0.0056146686131563015
test_18706,0.9999709085187926
test_18707,1.4993987452006642e-06
test_18708,4.0404489836391234e-06
test_18709,0.999999
test_18710,0.9999129588284544
test_18711,0.9999734031346458
test_18712,0.00011131546389699994
test_18713,0.999999
test_18714,0.00024743639462520005
test_18715,0.99999503390509
test_18716,0.99985730677861
test_18717,0.006016987960510003
test_18718,0.14344360535503722
test_18719,0.9999823957140419
test_18720,0.00012110912559899993
test_18721,0.7910902593753969
test_18722,0.973587449686883
test_18723,3.093087663630285e-06
test_18724,0.999996293198325
test_18725,0.9995811827193855
test_18726,0.9992475194348178
test_18727,0.9999716331569185
test_18728,0.9826905687095372
test_18729,0.9991770573839265
test_18730,0.0010358641195304
test_18731,0.9999945352472943
test_18732,1.0000000000000008e-06
test_18733,0.999999
test_18734,0.9331112289640092
test_18735,2.855701909628591e-05
test_18736,0.9999046370645237
test_18737,0.9999624251804837
test_18738,1.0000000000000008e-06
test_18739,0.772557316637162
test_18740,0.0003563364358850999
test_18741,0.00034163054843209997
test_18742,7.571070808846046e-05
test_18743,0.99999142227609
test_18744,0.9997985646959725
test_18745,0.999998949159483
test_18746,0.9999753360177773
test_18747,2.5429435578321218e-05
test_18748,0.9998277559696623
test_18749,0.999999
test_18750,9.445110680369246e-05
test_18751,0.18077459950857971
test_18752,1.79607486268104e-05
test_18753,0.9999988397355009
test_18754,0.9914702438905274
test_18755,0.995019472909019
test_18756,0.7318442107056082
test_18757,0.0028675399245253
test_18758,1.7648051113264847e-06
test_18759,0.9999808540070954
test_18760,0.0017775552052539006
test_18761,0.9500570434440228
test_18762,0.9998921450663291
test_18763,0.9999962419125122
test_18764,0.9996311384733714
test_18765,6.744832934403469e-06
test_18766,1.0000000000000008e-06
test_18767,0.999995345846545
test_18768,0.00043984931583180014
test_18769,1.507907289141008e-05
test_18770,0.9938329853144637
test_18771,1.4962331432375839e-05
test_18772,2.982868681286738e-06
test_18773,0.7155729967026013
test_18774,1.3575185657886345e-06
test_18775,1.0000000000000008e-06
test_18776,7.371804327581548e-06
test_18777,4.359957940792152e-05
test_18778,0.9999945834978027
test_18779,0.23536586581769767
test_18780,0.9145272901544707
test_18781,0.008083691824063799
test_18782,0.9999986049201235
test_18783,8.433277491559108e-05
test_18784,1.2855727476743672e-05
test_18785,0.6975166071796347
test_18786,1.2755558121582313e-05
test_18787,0.9999985398560733
test_18788,0.9999956260547384
test_18789,6.493570925086989e-06
test_18790,7.779810830165376e-06
test_18791,6.9633193309127e-05
test_18792,0.999263342110875
test_18793,1.0000000000000008e-06
test_18794,0.9999975829814494
test_18795,3.616280058200017e-05
test_18796,0.9999840874307049
test_18797,0.9999923381929308
test_18798,6.29946611813509e-06
test_18799,0.9998173335281174
test_18800,0.1939386868703952
test_18801,0.914528964080534
test_18802,0.9999848539564701
test_18803,0.006358601658433299
test_18804,1.2964920766360946e-05
test_18805,0.00023137383457739983
test_18806,0.9999880847459545
test_18807,0.00010913505083150002
test_18808,0.00023675347239549992
test_18809,1.6104775001102602e-06
test_18810,1.3015103589059224e-05
test_18811,0.9058764953410294
test_18812,8.798958438857724e-06
test_18813,0.9999961860956266
test_18814,0.989218976139594
test_18815,0.004214236503885601
test_18816,0.9998412641507104
test_18817,1.5572129220433731e-06
test_18818,0.011967705967789002
test_18819,0.9973084231290419
test_18820,0.9977764824923814
test_18821,0.9999985909483263
test_18822,0.998129221179885
test_18823,0.9999977412968415
test_18824,1.0000000000000008e-06
test_18825,0.27195580203131603
test_18826,1.0923407490554261e-05
test_18827,2.1981128764995096e-06
test_18828,4.8462750281504e-05
test_18829,0.00029318773089229974
test_18830,2.7807858000312545e-06
test_18831,0.9997206420991444
test_18832,3.796602899162798e-05
test_18833,0.0014254739130383
test_18834,0.9998877180215552
test_18835,0.9999979835112415
test_18836,0.9966953894777304
test_18837,0.9999911679586315
test_18838,2.4348722125244602e-05
test_18839,0.9999393480859703
test_18840,0.9927407302825746
test_18841,3.834766859612912e-05
test_18842,4.445462707830174e-06
test_18843,0.9999015367445219
test_18844,2.5447586958434423e-06
test_18845,0.9999011441282363
test_18846,0.9960095875218427
test_18847,0.01732021279934671
test_18848,0.9232235736915213
test_18849,0.9996345783764936
test_18850,0.0076123586376940985
test_18851,0.9999114371083722
test_18852,3.367894096726356e-06
test_18853,0.0024185172946950013
test_18854,0.6137515146541442
test_18855,1.0000000000000008e-06
test_18856,0.0019556173430245005
test_18857,1.4246665333984411e-05
test_18858,0.9912768412818367
test_18859,0.0005455933920793
test_18860,0.9989666406722418
test_18861,0.00013647893187729995
test_18862,0.000324485109303
test_18863,0.00021596929946839986
test_18864,0.999985027786772
test_18865,2.85924801752114e-06
test_18866,1.954946169284958e-05
test_18867,0.9999255106885668
test_18868,5.369012553583155e-06
test_18869,0.8614870003429731
test_18870,0.9999984940965319
test_18871,1.6109945789954358e-05
test_18872,0.9961586761061202
test_18873,0.026983423305291108
test_18874,0.010295618893867702
test_18875,0.7952516053856619
test_18876,0.9999901631522147
test_18877,0.0018229169908365998
test_18878,0.9999817749857172
test_18879,2.182207296955971e-05
test_18880,0.9999757433949272
test_18881,0.9999830844914578
test_18882,4.444588321204922e-06
test_18883,0.016390154399853005
test_18884,0.0016708538799425005
test_18885,0.0019896415314123003
test_18886,0.9735841365337972
test_18887,0.9380800610467088
test_18888,4.289844651765015e-05
test_18889,1.1570513352884214e-06
test_18890,3.63439241789453e-05
test_18891,2.385084759736498e-06
test_18892,0.999999
test_18893,0.9988332803971915
test_18894,0.999997653632923
test_18895,0.998170956326409
test_18896,0.9999744582500869
test_18897,0.9998501839903972
test_18898,0.9992964861985524
test_18899,0.023404400472572
test_18900,0.016161970418409395
test_18901,0.9998724624510659
test_18902,0.9970832349097828
test_18903,0.0007211640837173
test_18904,0.26071480816972603
test_18905,0.046850769722740604
test_18906,0.00013599755306390002
test_18907,4.946583501238483e-06
test_18908,0.97169192924675
test_18909,0.9994014073416523
test_18910,1.916929424363347e-05
test_18911,0.0032020039006009997
test_18912,0.9999626598307784
test_18913,1.6104875224774132e-05
test_18914,5.728152607326332e-05
test_18915,0.0351758983138955
test_18916,5.8620336640711475e-06
test_18917,0.012304524146924102
test_18918,0.999999
test_18919,0.9998648686911287
test_18920,6.519240696501301e-05
test_18921,0.9999618477769918
test_18922,1.4587663869662987e-06
test_18923,0.9995006967210778
test_18924,9.829764137095327e-06
test_18925,7.5034050996772435e-06
test_18926,1.1819715559830486e-05
test_18927,0.9943419526212283
test_18928,1.1220142528333505e-05
test_18929,0.0115781615109017
test_18930,0.999998218557654
test_18931,0.9999831298314971
test_18932,1.4007261861462564e-05
test_18933,0.0050082503610677
test_18934,0.999999
test_18935,0.2264316051828556
test_18936,4.930427775674581e-06
test_18937,0.9999923130811781
test_18938,0.00025725937009460006
test_18939,0.016594013047027296
test_18940,1.0958197062060015e-05
test_18941,0.9993332032964333
test_18942,1.8221554270754125e-05
test_18943,6.01041479184395e-06
test_18944,2.197134573998905e-05
test_18945,0.999999
test_18946,1.2489207606461761e-05
test_18947,0.999999
test_18948,0.5057789877879096
test_18949,0.9944539315140487
test_18950,0.0036981387194877
test_18951,1.466841126792825e-06
test_18952,0.9980356622801957
test_18953,0.8533711101036099
test_18954,0.999999
test_18955,0.0002635862647724001
test_18956,2.0576083340015062e-05
test_18957,0.9999672242971956
test_18958,0.9999840804740586
test_18959,6.163100241681424e-06
test_18960,0.0643981402140759
test_18961,0.07909707458513901
test_18962,1.5553877079244803e-06
test_18963,4.3579053548048303e-05
test_18964,9.658662398831073e-05
test_18965,0.0007671498887176003
test_18966,0.997262245857737
test_18967,0.99999757761653
test_18968,0.9997732492579233
test_18969,0.9999979744958165
test_18970,1.111248086349201e-06
test_18971,0.9999899646555087
test_18972,0.0018671715764170993
test_18973,0.9997817711943944
test_18974,0.999999
test_18975,0.9999916601666136
test_18976,0.9999966937625546
test_18977,0.999995832908126
test_18978,0.9998672168353204
test_18979,0.999999
test_18980,0.9999952723820068
test_18981,0.0009461554968592998
test_18982,2.478044339274969e-05
test_18983,0.9999348394761876
test_18984,0.9999548113983006
test_18985,0.0643534102647801
test_18986,0.8844889792725169
test_18987,0.999709571620662
test_18988,0.0002899417304064001
test_18989,0.9999877708405591
test_18990,0.9999624752797432
test_18991,0.999996906892182
test_18992,0.00018436570279060005
test_18993,0.9999959059907023
test_18994,0.9695640465844813
test_18995,0.9999825118586978
test_18996,1.1648188283774476e-06
test_18997,7.944262477118618e-05
test_18998,0.9999663323146457
test_18999,0.0007610846781464001
test_19000,0.9999959635598705
test_19001,1.8183601917074003e-05
test_19002,1.6728086568667318e-05
test_19003,1.0000000000000008e-06
test_19004,0.9472852634589943
test_19005,4.6247198482985886e-05
test_19006,0.9999946008675605
test_19007,0.00015792168993709999
test_19008,0.0003263717604279
test_19009,0.00010391605201729996
test_19010,0.9868781953510858
test_19011,0.999999
test_19012,2.913511613239571e-05
test_19013,0.0006293987903276999
test_19014,0.9999884454487509
test_19015,0.0005863255312927
test_19016,0.9999905157369371
test_19017,0.0010298797240126001
test_19018,2.8773643273110022e-05
test_19019,0.9969988216031367
test_19020,0.0003091297839611002
test_19021,4.7517316410705024e-06
test_19022,0.0036270463250256003
test_19023,7.018695685844798e-05
test_19024,0.9801519956077599
test_19025,0.9998362549363347
test_19026,0.999952652694302
test_19027,0.0018683980391749006
test_19028,0.025174528981749596
test_19029,0.9999857724669668
test_19030,6.292874684218212e-06
test_19031,0.9999968911640404
test_19032,0.004147481347092499
test_19033,0.9999834209061743
test_19034,0.9849063170997253
test_19035,2.1279827320950927e-05
test_19036,0.09878799012659199
test_19037,0.999999
test_19038,7.66809479630526e-06
test_19039,0.0005820818326576002
test_19040,0.9995994427177278
test_19041,0.9919427032625795
test_19042,0.999999
test_19043,0.9997620440791231
test_19044,0.002863180214852
test_19045,3.826397154486245e-06
test_19046,0.9993517778133382
test_19047,0.9970573177388745
test_19048,0.9987221491854013
test_19049,0.9997134142297428
test_19050,0.9999931155376302
test_19051,8.845950532438333e-05
test_19052,0.07474011574823057
test_19053,0.9979846786987208
test_19054,1.4148200390199904e-05
test_19055,0.9999953585331406
test_19056,0.12061031952367139
test_19057,0.9999985174466837
test_19058,2.3892987872037513e-05
test_19059,1.90816131657925e-06
test_19060,1.0000000000000008e-06
test_19061,0.9266017044944134
test_19062,0.3225975944821697
test_19063,0.9998769519508502
test_19064,7.852245398960623e-06
test_19065,0.0003264165398772999
test_19066,1.4123138477872188e-06
test_19067,0.9998486213850086
test_19068,0.9998027552844576
test_19069,3.898598173641456e-06
test_19070,0.9278652104394441
test_19071,0.0198194989935403
test_19072,0.0017093208077951002
test_19073,0.9999987134486702
test_19074,0.9999576454830391
test_19075,0.9998214700151429
test_19076,0.9999975789851159
test_19077,3.9297176590831584e-05
test_19078,0.0049625041828051004
test_19079,0.874601869378003
test_19080,3.7957247875002814e-05
test_19081,0.9999753119032514
test_19082,0.7870912944251116
test_19083,0.9626586047427578
test_19084,0.9968498172401752
test_19085,0.03530996783246829
test_19086,1.6670753924818596e-05
test_19087,6.394352166887331e-05
test_19088,0.00011763598263570007
test_19089,0.9878620063444508
test_19090,1.0090733651229443e-05
test_19091,0.9999923650044604
test_19092,0.9997262290657773
test_19093,3.332529286225085e-05
test_19094,1.460273378452617e-05
test_19095,1.5994268873770155e-06
test_19096,0.9999987954351396
test_19097,0.0384213879125547
test_19098,0.3796897353496122
test_19099,0.999982681327138
test_19100,5.0896777092808906e-05
test_19101,0.9997987514326729
test_19102,6.773616608135958e-06
test_19103,0.00031207372673739976
test_19104,0.0002893546148811
test_19105,0.9999751784703179
test_19106,0.00032403737281599986
test_19107,0.9999978934472564
test_19108,0.0015869041029323995
test_19109,5.75568894439567e-05
test_19110,0.0002448362172781
test_19111,8.83566699491341e-06
test_19112,0.9999948791035123
test_19113,0.0001450911024591001
test_19114,0.0006167266140908002
test_19115,1.2098110209733347e-06
test_19116,0.997075945013269
test_19117,0.00034520142185390007
test_19118,1.01428628002396e-05
test_19119,0.6153171441859898
test_19120,0.0017679496231007995
test_19121,0.9999005762761879
test_19122,0.9997186139672471
test_19123,0.9999642530642632
test_19124,5.133002805550198e-06
test_19125,0.9992978093353106
test_19126,0.9764145244943102
test_19127,0.023208649654100307
test_19128,0.07306979281128109
test_19129,0.0003180971883739998
test_19130,0.9999950804394682
test_19131,0.9981451451773049
test_19132,0.007944339871250802
test_19133,3.056230097285482e-05
test_19134,0.9034080194847295
test_19135,2.241551728823174e-06
test_19136,0.9999000683608554
test_19137,0.9998186578369608
test_19138,8.07405750296302e-06
test_19139,0.0006780444592077003
test_19140,0.9999904252765284
test_19141,0.00010214650684720005
test_19142,0.9999539723346598
test_19143,4.314405734813178e-06
test_19144,0.999843985527782
test_19145,0.9999746904510506
test_19146,0.9990536412324108
test_19147,0.9999981998002694
test_19148,0.999990316470422
test_19149,0.9999144491884743
test_19150,0.0030944739295310007
test_19151,3.61302412066093e-05
test_19152,0.999872743585975
test_19153,0.6408692134618023
test_19154,0.0026607752999591996
test_19155,0.9999950678028199
test_19156,0.4400413782101503
test_19157,0.9999750211096693
test_19158,0.9998056285220961
test_19159,0.9995938089807966
test_19160,2.177773675546863e-06
test_19161,0.00023063291349290015
test_19162,1.0380835352931414e-05
test_19163,0.999986265541235
test_19164,0.0005896665679797001
test_19165,7.163513382592833e-06
test_19166,0.9997315528925432
test_19167,0.995604325636852
test_19168,0.9998902615829778
test_19169,8.784030736037924e-06
test_19170,0.9999971358453337
test_19171,0.9999983890383916
test_19172,0.999526380678375
test_19173,0.9997568486598375
test_19174,0.23187945674222427
test_19175,0.08904703984257101
test_19176,0.0011179493067660002
test_19177,0.9998719286352826
test_19178,0.9999365536962577
test_19179,0.0705553377664711
test_19180,8.326374836875769e-05
test_19181,0.517082136558515
test_19182,7.2651001193366975e-06
test_19183,0.999786813581716
test_19184,0.9910623615392233
test_19185,0.7829802755681609
test_19186,0.9963415170689675
test_19187,0.999970332803014
test_19188,0.9957373689530348
test_19189,0.9999693483486362
test_19190,0.9996520530117683
test_19191,6.232619822947933e-06
test_19192,0.9997472966503708
test_19193,0.00018309342588280003
test_19194,9.290389335678446e-05
test_19195,3.312593699324398e-05
test_19196,0.9996206041900145
test_19197,7.887891919400205e-05
test_19198,0.9997063579570987
test_19199,0.00014260310046569996
test_19200,0.9998941951540428
test_19201,0.9999543345065016
test_19202,0.99987650905372
test_19203,0.9999984765948349
test_19204,0.9953419520897355
test_19205,0.0523509209184076
test_19206,0.9995827522418625
test_19207,0.00031973325168010015
test_19208,0.9999965644991323
test_19209,0.9999659036489416
test_19210,3.128253649512615e-05
test_19211,1.0000000000000008e-06
test_19212,0.9999327508144006
test_19213,0.9963922367553143
test_19214,0.00011100203369650006
test_19215,7.666057532531345e-05
test_19216,6.583704684848062e-05
test_19217,0.999999
test_19218,0.0001811122791902
test_19219,0.0035952576941695987
test_19220,0.13082683491969768
test_19221,0.14998365128116
test_19222,0.9990767262424464
test_19223,0.9999624447317479
test_19224,1.0563317362224337e-06
test_19225,1.482328203661826e-06
test_19226,0.9999292130630918
test_19227,0.0222473300642293
test_19228,0.9999982527013374
test_19229,5.078968446172446e-06
test_19230,0.017076928730494295
test_19231,0.999493472245377
test_19232,0.9999837447112422
test_19233,0.9999791418812902
test_19234,2.2411357337340323e-06
test_19235,0.0003672799283693
test_19236,0.0014926272312680996
test_19237,1.0000000000000008e-06
test_19238,0.00012152714772589997
test_19239,0.0007916008255086996
test_19240,0.9999940222721719
test_19241,0.9554111268655997
test_19242,0.5267319208638243
test_19243,0.8210155096227318
test_19244,0.9999307108098029
test_19245,0.9999899439644382
test_19246,0.9999903805858967
test_19247,2.1556078743912887e-06
test_19248,0.999999
test_19249,1.233644657739393e-06
test_19250,0.9999980527515832
test_19251,0.9997783188966209
test_19252,1.8983138114346784e-06
test_19253,3.505846152125165e-05
test_19254,0.9998027853616803
test_19255,0.9986851374432036
test_19256,0.9812532134226594
test_19257,1.0000000000000008e-06
test_19258,2.2793647007125095e-05
test_19259,1.3850497376534294e-06
test_19260,0.035893501143158396
test_19261,0.9815207689720572
test_19262,0.9827862449956091
test_19263,0.0007478792201741998
test_19264,0.0006639684894402001
test_19265,0.9976504829995846
test_19266,0.0003538524148581999
test_19267,0.9998368353569428
test_19268,0.9999775867735192
test_19269,3.610806487861145e-05
test_19270,0.0007259715611205
test_19271,1.0000000000000008e-06
test_19272,0.9999734167664379
test_19273,0.9995212183671988
test_19274,3.4123981694747694e-05
test_19275,0.8664526972772286
test_19276,0.999832164379237
test_19277,1.0447235690411795e-06
test_19278,2.9691903827394306e-05
test_19279,0.9324961533940717
test_19280,0.9921521363829584
test_19281,0.8989471908719243
test_19282,1.4738389966266233e-06
test_19283,0.0009695525999825004
test_19284,0.9704276429246823
test_19285,0.9652226639687661
test_19286,2.252039507743513e-06
test_19287,0.9999944788876188
test_19288,0.012943662180088203
test_19289,3.178156631397882e-06
test_19290,0.9999940873534052
test_19291,8.667002066693977e-06
test_19292,0.0012841832135467998
test_19293,3.549289078746348e-05
test_19294,0.9998899005618979
test_19295,0.9999975628216359
test_19296,0.9999809000183449
test_19297,1.6153010628299841e-06
test_19298,0.9999827961604794
test_19299,0.1391798654737745
test_19300,0.0006356459494967002
test_19301,0.9700844334670287
test_19302,0.8841116416219539
test_19303,0.999999
test_19304,0.9999953318026684
test_19305,0.0001617805336542001
test_19306,0.9999930798798498
test_19307,0.999999
test_19308,0.9999801975168803
test_19309,0.011428848565165801
test_19310,1.0000000000000008e-06
test_19311,1.0000000000000008e-06
test_19312,0.0005227055823373999
test_19313,1.0000000000000008e-06
test_19314,4.1766263139901334e-05
test_19315,0.9999983125906485
test_19316,0.9999982092879073
test_19317,8.702058730365928e-06
test_19318,0.9990373547601432
test_19319,2.6358196800751664e-05
test_19320,0.9999587161101493
test_19321,5.129138399740608e-06
test_19322,6.0950366345948295e-06
test_19323,0.9999979159340538
test_19324,8.12236257353188e-06
test_19325,5.378062786310937e-06
test_19326,9.529854444466349e-06
test_19327,0.9966462448552448
test_19328,9.037509191973774e-06
test_19329,0.019807121590118104
test_19330,0.9478374649295038
test_19331,3.471384606879502e-05
test_19332,0.999987217201782
test_19333,4.937401872706491e-06
test_19334,6.615378917869285e-06
test_19335,0.00023458054941539983
test_19336,1.933724586101072e-05
test_19337,3.739172421039826e-05
test_19338,0.9999469522430895
test_19339,0.025285082671509897
test_19340,0.9999738945234937
test_19341,6.119803491824717e-05
test_19342,0.9998725082903992
test_19343,0.9999640839338002
test_19344,4.7782347033007756e-05
test_19345,0.9999950944131747
test_19346,0.07612904959873547
test_19347,0.00013341907965360009
test_19348,1.6801576003303326e-05
test_19349,0.00016738368128560004
test_19350,1.0000000000000008e-06
test_19351,5.577303227352237e-05
test_19352,0.9955801015679061
test_19353,0.0012693433580811997
test_19354,0.9999981449854557
test_19355,0.0001365063583816
test_19356,0.0343268220134561
test_19357,0.5112998159418893
test_19358,0.9751594751705418
test_19359,0.9997333577153865
test_19360,0.002731347339595501
test_19361,0.0005329653369239
test_19362,5.168113219439929e-06
test_19363,0.0006960496850107002
test_19364,0.9998099871057492
test_19365,0.0007149624914225001
test_19366,0.050056127956795905
test_19367,0.9579414714838796
test_19368,0.9999667064180304
test_19369,0.9576836334551839
test_19370,0.9838086713903507
test_19371,2.4552807840170946e-05
test_19372,0.0017233379757349
test_19373,0.4822094645228406
test_19374,0.9991759227732977
test_19375,0.23811405089364465
test_19376,0.999999
test_19377,0.9999967334820494
test_19378,0.9986197102408668
test_19379,2.960486190736741e-05
test_19380,0.9999912709153197
test_19381,0.9984328494679165
test_19382,1.0000000000000008e-06
test_19383,0.9999931252139512
test_19384,0.9999953093825051
test_19385,0.9999602247790078
test_19386,0.9930923248331892
test_19387,0.0649715829036398
test_19388,0.9997767659852578
test_19389,0.7866903149859962
test_19390,0.9999907209407741
test_19391,0.9998971250369867
test_19392,2.655092821425728e-05
test_19393,0.9927639082865723
test_19394,0.9999914446008327
test_19395,2.7544551340645782e-05
test_19396,0.9990082455714768
test_19397,0.005953896265995401
test_19398,0.5388184874152329
test_19399,0.1380170416830009
test_19400,0.00021900338287940014
test_19401,0.9999075361739733
test_19402,0.00024072391931970007
test_19403,7.377130446383143e-05
test_19404,1.3063710746048984e-05
test_19405,0.9999947075206694
test_19406,0.9999910604502054
test_19407,1.5737240216105368e-05
test_19408,0.9331845042839957
test_19409,2.087633096445123e-05
test_19410,0.0006246288037283998
test_19411,1.5161649566584878e-05
test_19412,4.720892288452735e-05
test_19413,0.9999885297438229
test_19414,0.0004431478064573001
test_19415,9.21603227763007e-05
test_19416,0.9999723268830766
test_19417,0.0085134751343754
test_19418,1.8579722002869436e-06
test_19419,0.9922403584109727
test_19420,3.423435892832111e-05
test_19421,0.9998871129046779
test_19422,0.9972649113668363
test_19423,0.9995690949491746
test_19424,0.016471109401709396
test_19425,6.037847742200522e-05
test_19426,1.7841873168983702e-05
test_19427,5.420735803495879e-05
test_19428,0.9998156932214836
test_19429,0.9937591830008798
test_19430,0.9582532289924456
test_19431,0.9999952314822678
test_19432,0.999992385781656
test_19433,3.7205333471673984e-06
test_19434,0.9999909282160085
test_19435,0.999999
test_19436,0.9999810422564296
test_19437,0.9993491645191197
test_19438,2.0328729472375716e-05
test_19439,0.9181157776046603
test_19440,9.300505568815775e-05
test_19441,0.9995556255654537
test_19442,0.8565210867854018
test_19443,7.15121805066417e-05
test_19444,4.5022563064855826e-05
test_19445,0.00017007408771299988
test_19446,0.9999924230646037
test_19447,9.14632227194041e-06
test_19448,0.9999776392908974
test_19449,0.9999929243112533
test_19450,0.9999965068985255
test_19451,0.9998439394797295
test_19452,0.9999748578386457
test_19453,0.9878462746332347
test_19454,0.9999877452995846
test_19455,0.0035419627706899004
test_19456,1.3056143540930703e-05
test_19457,0.9999491711675733
test_19458,0.9989905260038979
test_19459,0.9997977200890082
test_19460,7.497264990440821e-06
test_19461,7.1852703425533605e-06
test_19462,0.9977350082411849
test_19463,0.0005729527763229998
test_19464,0.0008564251387056002
test_19465,0.00013158445840090008
test_19466,0.3759628947569095
test_19467,0.9975599260489937
test_19468,0.9998623793797492
test_19469,0.9999746270149307
test_19470,1.006085531273663e-05
test_19471,2.2805957550919974e-05
test_19472,0.9999412384459598
test_19473,0.9999984683213846
test_19474,0.999967502648852
test_19475,0.9999976131432685
test_19476,0.9998511468757777
test_19477,7.964188257428937e-06
test_19478,3.862883106439025e-05
test_19479,0.999999
test_19480,0.999996111723273
test_19481,0.9972004302801297
test_19482,3.620076841294365e-05
test_19483,0.9999926663778828
test_19484,0.9984739725116419
test_19485,0.9991510506706687
test_19486,0.000538086083131
test_19487,0.9936484274561805
test_19488,0.9993374862285572
test_19489,0.8329616179664205
test_19490,5.1728488191320394e-05
test_19491,0.1649392428485628
test_19492,1.4737190015290677e-05
test_19493,0.9999920033642772
test_19494,0.988825742162596
test_19495,0.9999878756264058
test_19496,0.992042276285349
test_19497,0.00027778297653459984
test_19498,0.9987459477019802
test_19499,0.9989228557357978
test_19500,2.6250565734080153e-06
test_19501,0.7516465631016118
test_19502,0.00016905865130910006
test_19503,0.3134361668628228
test_19504,4.09011442872705e-06
test_19505,0.9999893161874899
test_19506,0.8943038651633407
test_19507,0.9999213614486925
test_19508,0.9999968581800976
test_19509,0.9999795745733412
test_19510,0.999983058168863
test_19511,0.9795865763997144
test_19512,0.9983031581996193
test_19513,0.7357718115526616
test_19514,0.9998725182942179
test_19515,7.129666909366684e-05
test_19516,0.999907661616687
test_19517,0.028658685692672003
test_19518,0.9980440422667126
test_19519,0.9999970038033277
test_19520,0.0022417328235846013
test_19521,0.9965120503499323
test_19522,6.977107960437742e-05
test_19523,0.8146608716414484
test_19524,0.0637871648907703
test_19525,3.7943127467722994e-05
test_19526,2.9265581624209764e-06
test_19527,0.9184911306809774
test_19528,2.8989387108734726e-06
test_19529,0.04339022680340329
test_19530,0.002917016386749799
test_19531,0.0021446502501162004
test_19532,0.9864352075604391
test_19533,0.00031014117687089976
test_19534,0.9999958977101994
test_19535,0.00018856119107600003
test_19536,0.9723634154101186
test_19537,0.6234303997914333
test_19538,0.9999470639063164
test_19539,0.9999922030559837
test_19540,0.0001819999159395001
test_19541,0.9995469061648128
test_19542,0.9698137709290848
test_19543,3.815677004714737e-05
test_19544,0.9997288108971627
test_19545,0.9999716790976562
test_19546,0.9999789631010121
test_19547,0.0005815583795347999
test_19548,0.9999965984018843
test_19549,1.3837072360896758e-06
test_19550,1.5185348678256335e-05
test_19551,0.9802735176113695
test_19552,0.9996902483791321
test_19553,3.3599000913835126e-06
test_19554,0.0001100181253926
test_19555,0.9999596775738284
test_19556,0.0036458200346454993
test_19557,0.0011854553285674998
test_19558,2.6281132311912973e-05
test_19559,5.397089815691044e-05
test_19560,0.9999770541568217
test_19561,0.9999931551194328
test_19562,0.9985284358492068
test_19563,0.999956721068735
test_19564,1.057411561428852e-06
test_19565,0.12364430724169102
test_19566,0.00010745305458469995
test_19567,0.9828695001666982
test_19568,0.016095300266553095
test_19569,0.06204708785543201
test_19570,0.9968684614088574
test_19571,0.9963862063750984
test_19572,0.9984216853385608
test_19573,0.9994542471745282
test_19574,3.9542735999905886e-05
test_19575,2.879395141275905e-06
test_19576,0.9999965435899355
test_19577,0.9999475198715096
test_19578,0.9991122212040006
test_19579,1.466970022526054e-05
test_19580,1.9576962481813555e-06
test_19581,0.4550103837138208
test_19582,0.9998754091174938
test_19583,2.3051164787424137e-05
test_19584,5.032064738310502e-05
test_19585,0.9998159678424867
test_19586,0.9999758802984181
test_19587,0.0006264564388737001
test_19588,0.9999728574589493
test_19589,1.0000000000000008e-06
test_19590,0.9997420917615631
test_19591,0.9999717795465046
test_19592,0.9981630940840823
test_19593,0.9986885957236551
test_19594,7.1104886771806055e-06
test_19595,6.145405223536513e-05
test_19596,0.999993151313825
test_19597,1.79834488417548e-06
test_19598,3.3055412101464886e-05
test_19599,0.9999327705811879
test_19600,7.464587257375209e-05
test_19601,5.310680301388815e-06
test_19602,2.9662576085524202e-05
test_19603,0.9999825412901683
test_19604,0.9998070715361814
test_19605,0.0002343525148394
test_19606,0.999991863311214
test_19607,2.634904560498168e-06
test_19608,0.0009556022591396002
test_19609,0.013149331246513496
test_19610,0.9915064088678077
test_19611,0.9999744655081486
test_19612,0.12162753853308933
test_19613,0.9999983405171086
test_19614,0.012479734197905795
test_19615,0.9999978639776663
test_19616,2.910798223653652e-06
test_19617,0.0079043639963626
test_19618,0.996551239564309
test_19619,0.9930408415004216
test_19620,0.22859807636914659
test_19621,5.718830722750094e-06
test_19622,8.429729073036042e-06
test_19623,1.581776935596864e-06
test_19624,0.0001097256695099
test_19625,0.9999932834099053
test_19626,1.0000000000000008e-06
test_19627,6.190951050774216e-06
test_19628,0.9999570262785528
test_19629,3.295882147304761e-05
test_19630,0.999997265562766
test_19631,0.9995002931980218
test_19632,0.9998815339721971
test_19633,0.9999979552279252
test_19634,0.9387220518728032
test_19635,0.9999620502646938
test_19636,0.999096878855471
test_19637,0.0110013604139733
test_19638,0.9998772239433646
test_19639,0.11213264425220404
test_19640,2.0848710029286164e-06
test_19641,0.125923452874218
test_19642,5.7205975424058974e-05
test_19643,5.509015701214783e-06
test_19644,1.9791495971666305e-05
test_19645,0.003260789919990599
test_19646,3.491340925839817e-05
test_19647,0.9999925992319179
test_19648,0.00013978305203830011
test_19649,0.9990644077207573
test_19650,8.174456479015826e-06
test_19651,6.618693161006347e-05
test_19652,0.0002674107837175999
test_19653,0.29612275796233806
test_19654,1.0000000000000008e-06
test_19655,0.00011506417980289998
test_19656,0.0008821241526583003
test_19657,0.0035939620464911014
test_19658,0.0024732110866968002
test_19659,0.9881706622873178
test_19660,0.9999955784059638
test_19661,0.00015736800315399994
test_19662,0.9893924434328102
test_19663,0.021884863493529593
test_19664,0.9783900079106116
test_19665,0.9999812420148452
test_19666,0.9994383939545638
test_19667,0.9999918009752905
test_19668,5.7431289841113613e-05
test_19669,0.005635778516140002
test_19670,0.999985721953142
test_19671,0.010156035729401403
test_19672,0.9999930521832705
test_19673,0.00010177241981560006
test_19674,0.0001441826682296999
test_19675,0.9427461329118363
test_19676,0.9999816677126652
test_19677,0.9999958383937331
test_19678,1.3843499081473198e-05
test_19679,0.9762012243014391
test_19680,0.9998967875981817
test_19681,0.3623872042156911
test_19682,0.0010676728153807995
test_19683,0.9998952707841446
test_19684,2.0011989271993835e-06
test_19685,0.9999805716795935
test_19686,0.9996855787389495
test_19687,3.7659556967911125e-06
test_19688,0.9993161870334797
test_19689,0.999999
test_19690,0.001500100153366
test_19691,0.9999830055697406
test_19692,0.9999688355561878
test_19693,0.7630418840329553
test_19694,0.999572916579837
test_19695,0.9747952574089618
test_19696,0.9996843715592503
test_19697,0.0017681683087878005
test_19698,0.9991774063904934
test_19699,0.9999961170754633
test_19700,0.0032854237037972006
test_19701,6.095241081957467e-05
test_19702,0.00010465810887059994
test_19703,1.0000000000000008e-06
test_19704,0.9996032868666174
test_19705,4.255889591529497e-05
test_19706,0.0006559529281403
test_19707,0.9998989490357718
test_19708,0.8843903078601135
test_19709,1.8975820867824333e-05
test_19710,0.9999518577681897
test_19711,6.9322067038113065e-06
test_19712,0.9994042804966987
test_19713,0.9999983176239573
test_19714,6.614770519293619e-06
test_19715,8.341611874015493e-06
test_19716,2.010467138554913e-05
test_19717,0.9999208453420781
test_19718,0.9998059638565479
test_19719,0.999999
test_19720,0.9999972323303622
test_19721,0.933755115996331
test_19722,2.689181497760601e-05
test_19723,0.9999949046622179
test_19724,1.978538902663038e-05
test_19725,0.9999902268706117
test_19726,0.9999988366078835
test_19727,6.343232935710896e-06
test_19728,0.992588218639733
test_19729,0.0007930766773018001
test_19730,2.7439355184585078e-05
test_19731,8.916024725002486e-05
test_19732,0.999999
test_19733,0.022044174915314102
test_19734,0.9998667591623194
test_19735,0.999933350935282
test_19736,0.9998376188502544
test_19737,0.0006871407349941002
test_19738,0.9189339275882608
test_19739,1.7712253414018648e-06
test_19740,0.9999988134462855
test_19741,0.9999938441058287
test_19742,1.3923104846607057e-05
test_19743,9.796066147857971e-06
test_19744,0.9997239027904841
test_19745,0.9981430470998659
test_19746,0.00023307370929290014
test_19747,0.6008378258610474
test_19748,4.9469762740192915e-05
test_19749,0.17042760242677474
test_19750,0.9999869742401059
test_19751,3.301902365270909e-05
test_19752,0.9999533935530096
test_19753,1.1089340297246885e-05
test_19754,0.00019194539668400013
test_19755,0.9999513812577605
test_19756,0.9988311386960859
test_19757,0.9999928820548294
test_19758,3.1821554897340917e-06
test_19759,0.9999132256782749
test_19760,0.9998724066880342
test_19761,9.942204643182369e-05
test_19762,5.740043230149465e-06
test_19763,0.04579310664041561
test_19764,0.6278027263341943
test_19765,0.9999960303725216
test_19766,6.8848667089975e-06
test_19767,0.0016213118711682
test_19768,0.0002218682594549999
test_19769,7.095991803686756e-05
test_19770,1.2723027140969944e-05
test_19771,0.9999059144548886
test_19772,0.9999971027724437
test_19773,5.615570761826589e-06
test_19774,0.002786484913822001
test_19775,0.00018418156314590017
test_19776,0.9999941930386989
test_19777,7.379989159604084e-05
test_19778,0.9995308824672922
test_19779,0.996567828579402
test_19780,0.9976382680482998
test_19781,3.546023493020528e-05
test_19782,0.9994760400106543
test_19783,6.08061978566398e-05
test_19784,0.9999939843172923
test_19785,0.9998528166575954
test_19786,0.9999775950024468
test_19787,2.379069708911915e-06
test_19788,0.999736050186813
test_19789,0.9972585316912052
test_19790,0.999152610081986
test_19791,0.0055853134137111024
test_19792,0.9985876641877115
test_19793,0.0011130262659872
test_19794,1.8803217126018217e-05
test_19795,0.010263370704841603
test_19796,0.0005891991802512001
test_19797,0.9983015831247876
test_19798,6.956352229409945e-06
test_19799,0.9993467273405376
test_19800,5.499612308551615e-06
test_19801,0.005995294209677598
test_19802,0.0006340039739950002
test_19803,0.9999673524590698
test_19804,0.9114631317708745
test_19805,1.5813932946160358e-05
test_19806,0.014454134691300899
test_19807,0.9999824311163099
test_19808,9.30047476889049e-06
test_19809,0.0005996725447291002
test_19810,0.9994395655944242
test_19811,0.9999733208662686
test_19812,0.03745410784249891
test_19813,0.0706232745770281
test_19814,0.9998901399152489
test_19815,1.5107450290432325e-06
test_19816,8.749205972144927e-06
test_19817,0.9999880676975249
test_19818,3.7736882686656697e-05
test_19819,0.9990209898056771
test_19820,0.00011718861163189989
test_19821,0.9996191930417496
test_19822,0.9999697923528271
test_19823,0.9999932332584414
test_19824,0.9933994865608913
test_19825,0.9998377996386602
test_19826,8.116072180165372e-06
test_19827,0.9999782243203758
test_19828,1.786058112330983e-05
test_19829,1.82298122932734e-05
test_19830,0.999730672010129
test_19831,5.427482504622733e-06
test_19832,0.998275150204763
test_19833,0.00036410352499340005
test_19834,0.009772261815290601
test_19835,0.030782509380357308
test_19836,1.6011405500233048e-05
test_19837,0.9998193553384876
test_19838,0.999999
test_19839,0.0466430638990142
test_19840,0.9774502860117704
test_19841,2.8109256619066103e-05
test_19842,5.5725679209137515e-06
test_19843,3.1308151042668187e-06
test_19844,1.0000000000000008e-06
test_19845,1.4134139813943242e-05
test_19846,0.9999812419892763
test_19847,0.999958299598917
test_19848,0.0003623094783673999
test_19849,0.0362111421420801
test_19850,0.9995480269480067
test_19851,0.013012126641782406
test_19852,0.021684333545624095
test_19853,6.319896801116989e-06
test_19854,0.9997872839718659
test_19855,0.2782916519758748
test_19856,0.9999929736430662
test_19857,0.0005627703573549
test_19858,0.9982240151516184
test_19859,0.9986866252109097
test_19860,1.1108927269413698e-05
test_19861,0.0005671832522759999
test_19862,2.5745696361352642e-06
test_19863,0.9973232247209836
test_19864,1.0000000000000008e-06
test_19865,0.8862788233806503
test_19866,7.424908074699428e-06
test_19867,0.999998158653625
test_19868,0.947764159580304
test_19869,0.0003734936461921002
test_19870,3.069165395927455e-06
test_19871,0.999999
test_19872,0.9999321934040909
test_19873,0.9976498309966408
test_19874,4.673860031581889e-06
test_19875,0.00020182712228650017
test_19876,0.013110900063732596
test_19877,0.9989527960579647
test_19878,0.9879302982132123
test_19879,0.9997107071014985
test_19880,0.22672537684580948
test_19881,5.3061926421623076e-05
test_19882,0.9999934111933435
test_19883,0.988079008768503
test_19884,2.5209448779079062e-05
test_19885,0.9671580756327787
test_19886,0.9999956130483395
test_19887,0.9999958616131619
test_19888,3.06596543299326e-05
test_19889,0.9999603538269938
test_19890,0.9999635661687897
test_19891,0.007136752286776401
test_19892,0.9993061722078098
test_19893,0.9991430244366467
test_19894,5.586459772785416e-05
test_19895,0.9999855911503659
test_19896,0.019560824038825305
test_19897,0.04096227453948554
test_19898,1.3608634023027848e-06
test_19899,4.988873283292952e-06
test_19900,0.9999685911100143
test_19901,6.14094776102441e-05
test_19902,0.9992869182603963
test_19903,0.9990106098788597
test_19904,0.9999939890172632
test_19905,0.11226054309104791
test_19906,0.04886344920116759
test_19907,0.0002671060339610001
test_19908,0.0009107511101864003
test_19909,1.0929373670409232e-05
test_19910,2.138317668408837e-05
test_19911,0.00042217354089980013
test_19912,0.4026635489482552
test_19913,0.999938924388279
test_19914,7.368493542672261e-06
test_19915,0.00012586824326709997
test_19916,7.746144106845695e-05
test_19917,1.0000000000000008e-06
test_19918,0.004736369295656702
test_19919,0.0003082430056861002
test_19920,0.0009407592171794999
test_19921,0.9994562137430442
test_19922,0.9999496916765931
test_19923,0.9999894373160547
test_19924,0.010018861657932303
test_19925,0.9997026580309986
test_19926,0.00016512486485189987
test_19927,0.8304044588815808
test_19928,4.8543981166415184e-05
test_19929,0.9999945660309175
test_19930,0.8861845147228555
test_19931,0.9999185980091214
test_19932,0.9873254564672264
test_19933,1.0000000000000008e-06
test_19934,0.9998713773398102
test_19935,1.0000000000000008e-06
test_19936,0.999999
test_19937,0.9999972378340888
test_19938,0.9999750651103507
test_19939,0.00019165820848439984
test_19940,1.0000000000000008e-06
test_19941,0.0008978373139053999
test_19942,0.0012389722044442999
test_19943,0.9749368263422471
test_19944,0.9999871903777859
test_19945,4.753089841649256e-06
test_19946,1.0000000000000008e-06
test_19947,6.45000509058372e-06
test_19948,0.9999984242699607
test_19949,2.147886415298526e-06
test_19950,0.0876915766305768
test_19951,0.9999973349156496
test_19952,0.994528852505
test_19953,1.0000000000000008e-06
test_19954,5.684467513343361e-05
test_19955,1.3345699130536983e-05
test_19956,1.0000000000000008e-06
test_19957,4.595820282363709e-05
test_19958,0.350341596320028
test_19959,0.999956410397939
test_19960,0.27667481338172906
test_19961,0.9999516570754978
test_19962,1.0000000000000008e-06
test_19963,5.079536843973777e-06
test_19964,0.8323870976531502
test_19965,4.419081569989879e-05
test_19966,0.9999970459638368
test_19967,0.9721359226815426
test_19968,0.9931456599924477
test_19969,0.007594645097058799
test_19970,7.435137080032119e-05
test_19971,0.005211874488603497
test_19972,0.0045792047755991
test_19973,0.9978925116757527
test_19974,0.9998149760734973
test_19975,0.0014978915369055002
test_19976,0.9795998725848198
test_19977,2.0107493296441034e-05
test_19978,0.0002319628986449001
test_19979,2.6376086234505335e-05
test_19980,0.9851533642651584
test_19981,0.9999989092804518
test_19982,0.9999908317153622
test_19983,0.9999960557110182
test_19984,0.1930054938605417
test_19985,1.955917747059821e-05
test_19986,6.494728010243199e-05
test_19987,0.9997305744129229
test_19988,0.9999690948289666
test_19989,6.265470828589748e-05
test_19990,0.6479962860347583
test_19991,0.9999936457149105
test_19992,4.428345600624717e-06
test_19993,0.050325702210540904
test_19994,0.019975502896107503
test_19995,0.5876601765679584
test_19996,1.0526167100375241e-05
test_19997,4.4304123703521766e-06
test_19998,1.0000000000000008e-06
test_19999,0.005854731070935802
